UserID,MovieID,Rating,Timestamp,NormalizedOverall
6041,47,3,1757972950,0.6
6041,1257,5,1757972950,1.0
6041,1919,5,1757972950,1.0
6041,3873,5,1757972950,1.0
6041,355,3,1757972950,0.6
6041,2155,2,1757972950,0.4
6041,1259,5,1757972950,1.0
6041,2021,1,1757972950,0.2
6041,2571,2,1757972950,0.4
6041,1953,3,1757972950,0.6
6041,1136,1,1757972950,0.2
6041,1595,3,1757972950,0.6
6041,1732,3,1757972950,0.6
6041,150,5,1757972950,1.0
6041,3508,4,1757972950,0.8
6041,593,1,1757972950,0.2
6042,909,4,1757972950,0.8
6042,1639,2,1757972950,0.4
6042,1394,2,1757972950,0.4
6042,111,5,1757972950,1.0
6042,1617,1,1757972950,0.2
6042,1334,3,1757972950,0.6
6042,2797,4,1757972950,0.8
6042,671,1,1757972950,0.2
6042,2007,5,1757972950,1.0
6042,3788,5,1757972950,1.0
6042,2275,1,1757972950,0.2
6042,589,1,1757972950,0.2
6042,509,4,1757972950,0.8
6042,2890,1,1757972950,0.2
6042,50,4,1757972950,0.8
6042,3430,2,1757972950,0.4
6042,2000,5,1757972950,1.0
6042,1022,2,1757972950,0.4
6043,1390,1,1757972950,0.2
6043,3754,3,1757972950,0.6
6043,2959,1,1757972950,0.2
6043,2870,2,1757972950,0.4
6043,1527,5,1757972950,1.0
6043,1747,3,1757972950,0.6
6043,671,1,1757972950,0.2
6043,2002,2,1757972950,0.4
6043,2581,2,1757972950,0.4
6043,2795,1,1757972950,0.2
6043,3177,3,1757972950,0.6
6043,3409,2,1757972950,0.4
6043,3101,1,1757972950,0.2
6043,2496,4,1757972950,0.8
6043,3175,2,1757972950,0.4
6043,1185,5,1757972950,1.0
6043,593,1,1757972950,0.2
6043,379,4,1757972950,0.8
6043,1,2,1757972950,0.4
6043,1073,2,1757972950,0.4
6043,2115,4,1757972950,0.8
6043,765,1,1757972950,0.2
6043,25,5,1757972950,1.0
6043,1009,5,1757972950,1.0
6043,422,5,1757972950,1.0
6044,2108,1,1757972950,0.2
6044,2033,4,1757972950,0.8
6044,3362,3,1757972950,0.6
6044,3753,3,1757972950,0.6
6044,2393,1,1757972950,0.2
6044,1260,4,1757972950,0.8
6044,3418,2,1757972950,0.4
6044,1610,3,1757972950,0.6
6044,3793,2,1757972950,0.4
6044,2124,3,1757972950,0.6
6044,903,1,1757972950,0.2
6044,110,1,1757972950,0.2
6044,785,4,1757972950,0.8
6044,2640,3,1757972950,0.6
6045,216,5,1757972950,1.0
6045,1173,1,1757972950,0.2
6045,2599,3,1757972950,0.6
6045,2469,1,1757972950,0.2
6045,3083,3,1757972950,0.6
6045,1095,2,1757972950,0.4
6045,2665,1,1757972950,0.2
6045,3578,5,1757972950,1.0
6045,541,2,1757972950,0.4
6045,1888,4,1757972950,0.8
6045,913,4,1757972950,0.8
6045,709,1,1757972950,0.2
6045,1357,2,1757972950,0.4
6045,260,1,1757972950,0.2
6045,1244,5,1757972950,1.0
6045,2687,5,1757972950,1.0
6045,2746,2,1757972950,0.4
6045,85,5,1757972950,1.0
6045,2500,5,1757972950,1.0
6045,1306,4,1757972950,0.8
6045,3032,5,1757972950,1.0
6045,3831,3,1757972950,0.6
6045,1597,1,1757972950,0.2
6045,349,3,1757972950,0.6
6045,198,3,1757972950,0.6
6045,3317,1,1757972950,0.2
6045,1345,2,1757972950,0.4
6045,1294,3,1757972950,0.6
6045,421,3,1757972950,0.6
6046,1210,2,1757972950,0.4
6046,3943,1,1757972950,0.2
6046,265,3,1757972950,0.6
6046,2780,2,1757972950,0.4
6046,1954,3,1757972950,0.6
6046,2053,2,1757972950,0.4
6046,316,4,1757972950,0.8
6046,1966,1,1757972950,0.2
6046,2264,3,1757972950,0.6
6046,2135,4,1757972950,0.8
6046,468,5,1757972950,1.0
6046,923,5,1757972950,1.0
6046,1427,3,1757972950,0.6
6046,3404,5,1757972950,1.0
6046,1473,5,1757972950,1.0
6046,1862,5,1757972950,1.0
6046,986,2,1757972950,0.4
6046,904,1,1757972950,0.2
6046,2406,4,1757972950,0.8
6046,3486,3,1757972950,0.6
6046,2890,2,1757972950,0.4
6047,653,5,1757972950,1.0
6047,364,5,1757972950,1.0
6047,2841,1,1757972950,0.2
6047,2574,3,1757972950,0.6
6047,2412,2,1757972950,0.4
6047,3214,1,1757972950,0.2
6047,508,5,1757972950,1.0
6047,3496,5,1757972950,1.0
6047,1148,4,1757972950,0.8
6047,296,4,1757972950,0.8
6047,1645,4,1757972950,0.8
6047,2367,1,1757972950,0.2
6047,1727,4,1757972950,0.8
6047,3534,2,1757972950,0.4
6047,2699,1,1757972950,0.2
6047,1171,4,1757972950,0.8
6047,1358,2,1757972950,0.4
6047,3729,3,1757972950,0.6
6047,3246,2,1757972950,0.4
6047,447,5,1757972950,1.0
6047,1278,4,1757972950,0.8
6047,1327,5,1757972950,1.0
6047,1234,4,1757972950,0.8
6047,2006,3,1757972950,0.6
6048,2359,5,1757972950,1.0
6048,457,3,1757972950,0.6
6048,2147,4,1757972950,0.8
6048,586,1,1757972950,0.2
6048,1198,5,1757972950,1.0
6048,3341,4,1757972950,0.8
6048,2142,3,1757972950,0.6
6048,3071,1,1757972950,0.2
6048,2858,5,1757972950,1.0
6048,1704,4,1757972950,0.8
6048,3132,5,1757972950,1.0
6048,514,5,1757972950,1.0
6048,3398,4,1757972950,0.8
6048,2193,1,1757972950,0.2
6048,2411,2,1757972950,0.4
6048,1084,4,1757972950,0.8
6048,3505,5,1757972950,1.0
6048,1687,2,1757972950,0.4
6049,32,3,1757972950,0.6
6049,1976,3,1757972950,0.6
6049,3753,2,1757972950,0.4
6049,3947,3,1757972950,0.6
6049,885,2,1757972950,0.4
6049,3203,1,1757972950,0.2
6049,1721,4,1757972950,0.8
6049,955,4,1757972950,0.8
6049,2425,3,1757972950,0.6
6049,3742,3,1757972950,0.6
6049,2473,3,1757972950,0.6
6049,2248,1,1757972950,0.2
6049,1233,3,1757972950,0.6
6049,2713,1,1757972950,0.2
6049,1371,2,1757972950,0.4
6049,1584,3,1757972950,0.6
6049,1020,4,1757972950,0.8
6049,3751,1,1757972950,0.2
6049,2403,3,1757972950,0.6
6049,1061,5,1757972950,1.0
6049,52,2,1757972950,0.4
6049,3676,4,1757972950,0.8
6049,695,3,1757972950,0.6
6049,2986,3,1757972950,0.6
6050,1831,1,1757972950,0.2
6050,2665,1,1757972950,0.2
6050,1777,5,1757972950,1.0
6050,2186,2,1757972950,0.4
6050,2829,4,1757972950,0.8
6050,1597,1,1757972950,0.2
6050,3174,1,1757972950,0.2
6050,3361,1,1757972950,0.2
6050,351,3,1757972950,0.6
6050,1537,5,1757972950,1.0
6050,1375,5,1757972950,1.0
6050,494,5,1757972950,1.0
6050,296,3,1757972950,0.6
6050,2710,1,1757972950,0.2
6050,2009,5,1757972950,1.0
6050,2112,1,1757972950,0.2
6050,3753,1,1757972950,0.2
6050,2716,2,1757972950,0.4
6050,441,4,1757972950,0.8
6050,1217,5,1757972950,1.0
6050,1517,2,1757972950,0.4
6050,1196,4,1757972950,0.8
6050,1030,4,1757972950,0.8
6050,2948,5,1757972950,1.0
6050,3742,3,1757972950,0.6
6050,1513,4,1757972950,0.8
6050,3072,5,1757972950,1.0
6050,2288,5,1757972950,1.0
6051,434,5,1757972950,1.0
6051,3273,3,1757972950,0.6
6051,2490,1,1757972950,0.2
6051,2718,1,1757972950,0.2
6051,1124,1,1757972950,0.2
6051,2612,5,1757972950,1.0
6051,1197,5,1757972950,1.0
6051,1653,2,1757972950,0.4
6051,3827,2,1757972950,0.4
6051,380,2,1757972950,0.4
6051,2084,3,1757972950,0.6
6051,2424,1,1757972950,0.2
6051,3489,5,1757972950,1.0
6051,1090,3,1757972950,0.6
6051,3724,2,1757972950,0.4
6051,1956,2,1757972950,0.4
6051,2136,4,1757972950,0.8
6051,1517,4,1757972950,0.8
6051,2683,3,1757972950,0.6
6051,529,3,1757972950,0.6
6051,74,1,1757972950,0.2
6051,1188,4,1757972950,0.8
6052,3263,1,1757972950,0.2
6052,185,5,1757972950,1.0
6052,2417,4,1757972950,0.8
6052,544,1,1757972950,0.2
6052,288,5,1757972950,1.0
6052,2877,1,1757972950,0.2
6052,1028,5,1757972950,1.0
6052,2985,5,1757972950,1.0
6052,1197,1,1757972950,0.2
6052,1,4,1757972950,0.8
6052,3752,1,1757972950,0.2
6052,3894,1,1757972950,0.2
6052,2577,1,1757972950,0.2
6052,3792,2,1757972950,0.4
6052,1588,5,1757972950,1.0
6052,2355,3,1757972950,0.6
6052,1464,3,1757972950,0.6
6052,1683,1,1757972950,0.2
6052,1503,5,1757972950,1.0
6052,555,4,1757972950,0.8
6052,3148,3,1757972950,0.6
6052,3943,5,1757972950,1.0
6053,29,4,1757972950,0.8
6053,2188,3,1757972950,0.6
6053,2137,2,1757972950,0.4
6053,3730,2,1757972950,0.4
6053,1914,5,1757972950,1.0
6053,3396,3,1757972950,0.6
6053,46,4,1757972950,0.8
6053,1240,5,1757972950,1.0
6053,2950,2,1757972950,0.4
6053,349,3,1757972950,0.6
6053,1580,4,1757972950,0.8
6053,2105,5,1757972950,1.0
6053,1411,4,1757972950,0.8
6053,1327,5,1757972950,1.0
6053,1214,5,1757972950,1.0
6053,2273,4,1757972950,0.8
6053,2857,2,1757972950,0.4
6053,1315,4,1757972950,0.8
6053,1245,4,1757972950,0.8
6053,1487,5,1757972950,1.0
6053,750,2,1757972950,0.4
6053,3078,5,1757972950,1.0
6053,1242,2,1757972950,0.4
6053,1593,2,1757972950,0.4
6053,2022,1,1757972950,0.2
6054,293,5,1757972950,1.0
6054,3479,3,1757972950,0.6
6054,2953,3,1757972950,0.6
6054,3760,1,1757972950,0.2
6054,3536,4,1757972950,0.8
6054,514,3,1757972950,0.6
6054,1396,5,1757972950,1.0
6054,296,3,1757972950,0.6
6054,2161,3,1757972950,0.6
6054,1129,1,1757972950,0.2
6054,2013,3,1757972950,0.6
6054,920,1,1757972950,0.2
6054,3366,2,1757972950,0.4
6054,2457,5,1757972950,1.0
6054,3471,1,1757972950,0.2
6054,597,1,1757972950,0.2
6054,2278,3,1757972950,0.6
6054,198,5,1757972950,1.0
6054,2640,2,1757972950,0.4
6054,3785,4,1757972950,0.8
6054,345,4,1757972950,0.8
6054,1196,4,1757972950,0.8
6054,1230,3,1757972950,0.6
6054,1747,3,1757972950,0.6
6055,22,1,1757972950,0.2
6055,188,5,1757972950,1.0
6055,750,4,1757972950,0.8
6055,3801,3,1757972950,0.6
6055,2724,3,1757972950,0.6
6055,100,4,1757972950,0.8
6055,2190,4,1757972950,0.8
6055,1527,5,1757972950,1.0
6055,762,1,1757972950,0.2
6055,593,3,1757972950,0.6
6055,1191,4,1757972950,0.8
6055,1148,4,1757972950,0.8
6055,592,3,1757972950,0.6
6055,2633,4,1757972950,0.8
6055,1032,4,1757972950,0.8
6055,1588,5,1757972950,1.0
6055,1674,1,1757972950,0.2
6055,1806,1,1757972950,0.2
6055,2396,5,1757972950,1.0
6055,1233,4,1757972950,0.8
6055,1010,3,1757972950,0.6
6056,4,4,1757972950,0.8
6056,2455,3,1757972950,0.6
6056,898,4,1757972950,0.8
6056,292,3,1757972950,0.6
6056,2407,4,1757972950,0.8
6056,3633,3,1757972950,0.6
6056,151,1,1757972950,0.2
6056,3259,3,1757972950,0.6
6056,2080,2,1757972950,0.4
6056,2318,1,1757972950,0.2
6056,711,5,1757972950,1.0
6056,648,3,1757972950,0.6
6056,319,5,1757972950,1.0
6056,2016,4,1757972950,0.8
6056,2515,3,1757972950,0.6
6056,592,5,1757972950,1.0
6057,1855,3,1757972950,0.6
6057,901,5,1757972950,1.0
6057,1190,4,1757972950,0.8
6057,3545,4,1757972950,0.8
6057,2668,5,1757972950,1.0
6057,1275,3,1757972950,0.6
6057,1213,4,1757972950,0.8
6057,3696,2,1757972950,0.4
6057,1124,4,1757972950,0.8
6057,3617,3,1757972950,0.6
6057,1994,1,1757972950,0.2
6057,3208,1,1757972950,0.2
6057,2858,5,1757972950,1.0
6057,920,4,1757972950,0.8
6057,1704,4,1757972950,0.8
6057,803,2,1757972950,0.4
6057,2802,5,1757972950,1.0
6057,1200,4,1757972950,0.8
6057,162,1,1757972950,0.2
6057,2072,3,1757972950,0.6
6057,2791,1,1757972950,0.2
6057,2989,3,1757972950,0.6
6058,2795,5,1757972950,1.0
6058,3753,1,1757972950,0.2
6058,3812,5,1757972950,1.0
6058,3496,3,1757972950,0.6
6058,586,5,1757972950,1.0
6058,1092,3,1757972950,0.6
6058,1220,5,1757972950,1.0
6058,2193,1,1757972950,0.2
6058,761,1,1757972950,0.2
6058,597,5,1757972950,1.0
6058,3813,2,1757972950,0.4
6058,2363,1,1757972950,0.2
6058,1066,1,1757972950,0.2
6058,2779,3,1757972950,0.6
6058,1278,4,1757972950,0.8
6058,3629,1,1757972950,0.2
6058,3000,5,1757972950,1.0
6058,1283,2,1757972950,0.4
6058,1617,2,1757972950,0.4
6058,589,4,1757972950,0.8
6059,1617,3,1757972950,0.6
6059,3692,3,1757972950,0.6
6059,1210,4,1757972950,0.8
6059,1208,3,1757972950,0.6
6059,3688,1,1757972950,0.2
6059,2334,1,1757972950,0.2
6059,1704,3,1757972950,0.6
6059,589,2,1757972950,0.4
6059,2208,3,1757972950,0.6
6059,3071,5,1757972950,1.0
6059,2571,5,1757972950,1.0
6059,2389,1,1757972950,0.2
6059,2141,1,1757972950,0.2
6059,1094,5,1757972950,1.0
6059,1663,3,1757972950,0.6
6059,1179,5,1757972950,1.0
6059,3699,2,1757972950,0.4
6060,1466,5,1757972950,1.0
6060,2541,5,1757972950,1.0
6060,3098,2,1757972950,0.4
6060,2395,4,1757972950,0.8
6060,3175,1,1757972950,0.2
6060,3597,4,1757972950,0.8
6060,3366,1,1757972950,0.2
6060,2968,3,1757972950,0.6
6060,3114,3,1757972950,0.6
6060,276,5,1757972950,1.0
6060,2003,1,1757972950,0.2
6060,2558,4,1757972950,0.8
6060,2194,5,1757972950,1.0
6060,1966,3,1757972950,0.6
6060,2642,5,1757972950,1.0
6060,1639,5,1757972950,1.0
6060,919,3,1757972950,0.6
6060,1259,5,1757972950,1.0
6060,3555,5,1757972950,1.0
6060,585,2,1757972950,0.4
6061,2404,5,1757972950,1.0
6061,50,3,1757972950,0.6
6061,2628,2,1757972950,0.4
6061,3466,4,1757972950,0.8
6061,780,3,1757972950,0.6
6061,1200,3,1757972950,0.6
6061,1625,5,1757972950,1.0
6061,1917,4,1757972950,0.8
6061,3671,5,1757972950,1.0
6061,1278,2,1757972950,0.4
6061,3591,2,1757972950,0.4
6061,168,2,1757972950,0.4
6061,3702,5,1757972950,1.0
6061,2000,4,1757972950,0.8
6061,1991,5,1757972950,1.0
6061,225,5,1757972950,1.0
6061,3527,4,1757972950,0.8
6061,2544,4,1757972950,0.8
6061,3048,5,1757972950,1.0
6061,1094,1,1757972950,0.2
6061,3927,3,1757972950,0.6
6061,112,3,1757972950,0.6
6061,356,1,1757972950,0.2
6061,1356,3,1757972950,0.6
6061,1237,3,1757972950,0.6
6061,2527,2,1757972950,0.4
6061,1196,1,1757972950,0.2
6061,1344,5,1757972950,1.0
6062,2028,5,1757972950,1.0
6062,1307,3,1757972950,0.6
6062,759,2,1757972950,0.4
6062,2577,4,1757972950,0.8
6062,1352,3,1757972950,0.6
6062,2355,4,1757972950,0.8
6062,3649,5,1757972950,1.0
6062,1949,5,1757972950,1.0
6062,1208,2,1757972950,0.4
6062,1747,3,1757972950,0.6
6062,1968,1,1757972950,0.2
6062,2038,1,1757972950,0.2
6062,1427,4,1757972950,0.8
6062,1591,1,1757972950,0.2
6062,2599,4,1757972950,0.8
6062,1219,1,1757972950,0.2
6062,3178,5,1757972950,1.0
6062,1251,2,1757972950,0.4
6063,1350,4,1757972950,0.8
6063,2035,4,1757972950,0.8
6063,533,5,1757972950,1.0
6063,471,3,1757972950,0.6
6063,3256,1,1757972950,0.2
6063,3255,2,1757972950,0.4
6063,928,3,1757972950,0.6
6063,3417,3,1757972950,0.6
6063,648,4,1757972950,0.8
6063,3457,5,1757972950,1.0
6063,1952,2,1757972950,0.4
6063,608,3,1757972950,0.6
6063,1883,1,1757972950,0.2
6063,1566,4,1757972950,0.8
6063,2622,5,1757972950,1.0
6063,32,3,1757972950,0.6
6063,1247,4,1757972950,0.8
6063,1135,2,1757972950,0.4
6063,3063,4,1757972950,0.8
6063,543,5,1757972950,1.0
6063,2612,5,1757972950,1.0
6063,1646,2,1757972950,0.4
6063,1095,1,1757972950,0.2
6063,3000,3,1757972950,0.6
6064,1459,2,1757972950,0.4
6064,978,3,1757972950,0.6
6064,474,5,1757972950,1.0
6064,1701,3,1757972950,0.6
6064,2346,1,1757972950,0.2
6064,3855,1,1757972950,0.2
6064,1127,3,1757972950,0.6
6064,3699,4,1757972950,0.8
6064,786,5,1757972950,1.0
6064,1265,2,1757972950,0.4
6064,1953,3,1757972950,0.6
6064,3763,3,1757972950,0.6
6064,2715,5,1757972950,1.0
6064,3256,3,1757972950,0.6
6064,986,3,1757972950,0.6
6064,2454,3,1757972950,0.6
6064,1747,4,1757972950,0.8
6064,2700,2,1757972950,0.4
6064,1061,2,1757972950,0.4
6064,2037,2,1757972950,0.4
6064,3147,2,1757972950,0.4
6064,1389,4,1757972950,0.8
6065,2752,3,1757972950,0.6
6065,1361,4,1757972950,0.8
6065,3258,5,1757972950,1.0
6065,1873,3,1757972950,0.6
6065,3273,5,1757972950,1.0
6065,2396,1,1757972950,0.2
6065,1029,3,1757972950,0.6
6065,1240,2,1757972950,0.4
6065,1294,2,1757972950,0.4
6065,1259,3,1757972950,0.6
6065,2143,2,1757972950,0.4
6065,1499,2,1757972950,0.4
6065,70,5,1757972950,1.0
6065,1733,1,1757972950,0.2
6065,2395,2,1757972950,0.4
6066,899,2,1757972950,0.4
6066,2959,4,1757972950,0.8
6066,157,3,1757972950,0.6
6066,2690,1,1757972950,0.2
6066,2077,2,1757972950,0.4
6066,1258,5,1757972950,1.0
6066,3275,5,1757972950,1.0
6066,1198,3,1757972950,0.6
6066,2746,3,1757972950,0.6
6066,480,2,1757972950,0.4
6066,1387,5,1757972950,1.0
6066,440,3,1757972950,0.6
6066,2949,5,1757972950,1.0
6066,3546,4,1757972950,0.8
6066,608,2,1757972950,0.4
6066,258,1,1757972950,0.2
6066,32,1,1757972950,0.2
6066,3476,4,1757972950,0.8
6066,2736,4,1757972950,0.8
6066,709,1,1757972950,0.2
6066,1188,4,1757972950,0.8
6066,1173,3,1757972950,0.6
6066,1197,5,1757972950,1.0
6067,1641,4,1757972950,0.8
6067,1113,4,1757972950,0.8
6067,21,1,1757972950,0.2
6067,318,1,1757972950,0.2
6067,265,2,1757972950,0.4
6067,1949,2,1757972950,0.4
6067,3093,5,1757972950,1.0
6067,1982,3,1757972950,0.6
6067,2194,5,1757972950,1.0
6067,268,5,1757972950,1.0
6067,680,2,1757972950,0.4
6067,1983,1,1757972950,0.2
6067,3363,4,1757972950,0.8
6067,2858,2,1757972950,0.4
6067,1625,3,1757972950,0.6
6067,2124,4,1757972950,0.8
6067,1196,3,1757972950,0.6
6067,2694,2,1757972950,0.4
6067,3635,4,1757972950,0.8
6067,571,2,1757972950,0.4
6068,16,5,1757972950,1.0
6068,1297,4,1757972950,0.8
6068,1225,5,1757972950,1.0
6068,3755,1,1757972950,0.2
6068,173,2,1757972950,0.4
6068,2683,4,1757972950,0.8
6068,2335,4,1757972950,0.8
6068,163,3,1757972950,0.6
6068,1206,4,1757972950,0.8
6068,3616,1,1757972950,0.2
6068,522,2,1757972950,0.4
6068,382,1,1757972950,0.2
6068,2033,3,1757972950,0.6
6068,2692,1,1757972950,0.2
6068,2791,2,1757972950,0.4
6068,1127,5,1757972950,1.0
6068,3654,2,1757972950,0.4
6068,2706,3,1757972950,0.6
6068,788,1,1757972950,0.2
6069,1099,1,1757972950,0.2
6069,3479,4,1757972950,0.8
6069,2336,4,1757972950,0.8
6069,377,2,1757972950,0.4
6069,2806,3,1757972950,0.6
6069,733,2,1757972950,0.4
6069,2002,4,1757972950,0.8
6069,2641,1,1757972950,0.2
6069,2469,5,1757972950,1.0
6069,1523,2,1757972950,0.4
6069,2194,1,1757972950,0.2
6069,1682,5,1757972950,1.0
6069,2991,1,1757972950,0.2
6069,1884,4,1757972950,0.8
6069,2916,2,1757972950,0.4
6069,1188,4,1757972950,0.8
6069,3793,1,1757972950,0.2
6069,802,4,1757972950,0.8
6069,1544,3,1757972950,0.6
6069,45,4,1757972950,0.8
6069,3509,1,1757972950,0.2
6070,3861,2,1757972950,0.4
6070,493,5,1757972950,1.0
6070,34,3,1757972950,0.6
6070,3827,5,1757972950,1.0
6070,435,5,1757972950,1.0
6070,1393,5,1757972950,1.0
6070,903,3,1757972950,0.6
6070,2058,1,1757972950,0.2
6070,2657,2,1757972950,0.4
6070,2442,3,1757972950,0.6
6070,2143,2,1757972950,0.4
6070,480,3,1757972950,0.6
6070,3646,2,1757972950,0.4
6070,364,5,1757972950,1.0
6070,1240,2,1757972950,0.4
6070,2719,3,1757972950,0.6
6070,3161,4,1757972950,0.8
6070,1562,3,1757972950,0.6
6070,1306,4,1757972950,0.8
6071,1084,3,1757972950,0.6
6071,2028,2,1757972950,0.4
6071,258,2,1757972950,0.4
6071,3512,1,1757972950,0.2
6071,2000,3,1757972950,0.6
6071,2987,3,1757972950,0.6
6071,1411,4,1757972950,0.8
6071,1124,1,1757972950,0.2
6071,1095,5,1757972950,1.0
6071,3108,5,1757972950,1.0
6071,1136,5,1757972950,1.0
6071,1183,1,1757972950,0.2
6071,1320,5,1757972950,1.0
6071,1968,1,1757972950,0.2
6071,2502,4,1757972950,0.8
6072,2707,4,1757972950,0.8
6072,164,3,1757972950,0.6
6072,1968,1,1757972950,0.2
6072,1663,5,1757972950,1.0
6072,1388,4,1757972950,0.8
6072,2429,5,1757972950,1.0
6072,2539,4,1757972950,0.8
6072,1219,5,1757972950,1.0
6072,3039,4,1757972950,0.8
6072,1672,1,1757972950,0.2
6072,1213,3,1757972950,0.6
6072,2916,1,1757972950,0.2
6072,3786,1,1757972950,0.2
6072,2124,4,1757972950,0.8
6072,3821,1,1757972950,0.2
6072,1090,5,1757972950,1.0
6072,1394,2,1757972950,0.4
6072,1288,4,1757972950,0.8
6072,1573,5,1757972950,1.0
6072,2917,2,1757972950,0.4
6072,929,1,1757972950,0.2
6072,1183,2,1757972950,0.4
6072,3265,1,1757972950,0.2
6072,2001,3,1757972950,0.6
6072,858,2,1757972950,0.4
6072,1263,4,1757972950,0.8
6073,2716,3,1757972950,0.6
6073,2520,4,1757972950,0.8
6073,2628,3,1757972950,0.6
6073,3927,4,1757972950,0.8
6073,1902,1,1757972950,0.2
6073,3394,5,1757972950,1.0
6073,662,5,1757972950,1.0
6073,3053,1,1757972950,0.2
6073,3508,3,1757972950,0.6
6073,1617,5,1757972950,1.0
6073,613,1,1757972950,0.2
6073,3512,1,1757972950,0.2
6073,2997,1,1757972950,0.2
6073,1991,4,1757972950,0.8
6073,3148,1,1757972950,0.2
6073,724,2,1757972950,0.4
6073,2762,1,1757972950,0.2
6073,475,3,1757972950,0.6
6073,1784,1,1757972950,0.2
6074,1101,3,1757972950,0.6
6074,2968,1,1757972950,0.2
6074,3896,1,1757972950,0.2
6074,2324,3,1757972950,0.6
6074,161,2,1757972950,0.4
6074,1248,1,1757972950,0.2
6074,1380,5,1757972950,1.0
6074,50,2,1757972950,0.4
6074,3148,1,1757972950,0.2
6074,1252,1,1757972950,0.2
6074,916,5,1757972950,1.0
6074,2393,1,1757972950,0.2
6074,2334,5,1757972950,1.0
6075,3396,1,1757972950,0.2
6075,2799,3,1757972950,0.6
6075,3451,1,1757972950,0.2
6075,1924,1,1757972950,0.2
6075,858,5,1757972950,1.0
6075,1225,4,1757972950,0.8
6075,1129,3,1757972950,0.6
6075,1676,5,1757972950,1.0
6075,3264,4,1757972950,0.8
6075,2797,1,1757972950,0.2
6075,2763,4,1757972950,0.8
6075,3859,4,1757972950,0.8
6075,1370,3,1757972950,0.6
6075,785,3,1757972950,0.6
6075,904,2,1757972950,0.4
6075,589,1,1757972950,0.2
6075,441,1,1757972950,0.2
6075,1784,4,1757972950,0.8
6075,2851,2,1757972950,0.4
6075,932,4,1757972950,0.8
6075,1374,3,1757972950,0.6
6075,1643,4,1757972950,0.8
6076,3108,2,1757972950,0.4
6076,1049,5,1757972950,1.0
6076,3576,4,1757972950,0.8
6076,266,4,1757972950,0.8
6076,2927,2,1757972950,0.4
6076,2840,1,1757972950,0.2
6076,2959,1,1757972950,0.2
6076,318,4,1757972950,0.8
6076,2690,2,1757972950,0.4
6076,1923,2,1757972950,0.4
6076,1388,3,1757972950,0.6
6076,1089,5,1757972950,1.0
6076,1952,2,1757972950,0.4
6076,95,2,1757972950,0.4
6076,1980,1,1757972950,0.2
6076,236,1,1757972950,0.2
6076,364,2,1757972950,0.4
6076,1200,1,1757972950,0.2
6076,3699,5,1757972950,1.0
6076,3286,5,1757972950,1.0
6076,1409,3,1757972950,0.6
6077,3246,4,1757972950,0.8
6077,1466,2,1757972950,0.4
6077,1226,5,1757972950,1.0
6077,1284,2,1757972950,0.4
6077,262,3,1757972950,0.6
6077,2610,1,1757972950,0.2
6077,3871,5,1757972950,1.0
6077,3098,3,1757972950,0.6
6077,2804,3,1757972950,0.6
6077,2795,5,1757972950,1.0
6077,377,1,1757972950,0.2
6077,2004,1,1757972950,0.2
6077,720,2,1757972950,0.4
6077,2973,3,1757972950,0.6
6077,2916,5,1757972950,1.0
6077,2555,3,1757972950,0.6
6077,912,1,1757972950,0.2
6077,1225,1,1757972950,0.2
6077,2968,5,1757972950,1.0
6077,3918,4,1757972950,0.8
6077,539,2,1757972950,0.4
6077,953,4,1757972950,0.8
6077,1411,1,1757972950,0.2
6077,2193,1,1757972950,0.2
6078,1895,3,1757972950,0.6
6078,2115,4,1757972950,0.8
6078,2301,4,1757972950,0.8
6078,3409,4,1757972950,0.8
6078,1252,3,1757972950,0.6
6078,951,4,1757972950,0.8
6078,377,3,1757972950,0.6
6078,1639,2,1757972950,0.4
6078,3952,3,1757972950,0.6
6078,2859,1,1757972950,0.2
6078,1222,2,1757972950,0.4
6078,2990,4,1757972950,0.8
6078,694,4,1757972950,0.8
6078,1380,5,1757972950,1.0
6078,1569,3,1757972950,0.6
6079,1500,4,1757972950,0.8
6079,1822,5,1757972950,1.0
6079,266,4,1757972950,0.8
6079,3011,5,1757972950,1.0
6079,432,3,1757972950,0.6
6079,493,1,1757972950,0.2
6079,231,2,1757972950,0.4
6079,2531,5,1757972950,1.0
6079,188,2,1757972950,0.4
6079,2412,3,1757972950,0.6
6079,1250,5,1757972950,1.0
6080,2129,5,1757972950,1.0
6080,3450,5,1757972950,1.0
6080,2883,3,1757972950,0.6
6080,1127,3,1757972950,0.6
6080,3564,4,1757972950,0.8
6080,3147,4,1757972950,0.8
6080,2054,4,1757972950,0.8
6080,2427,1,1757972950,0.2
6080,1321,2,1757972950,0.4
6080,2858,2,1757972950,0.4
6080,250,1,1757972950,0.2
6080,1674,3,1757972950,0.6
6080,480,1,1757972950,0.2
6080,1244,4,1757972950,0.8
6080,2132,5,1757972950,1.0
6080,1242,5,1757972950,1.0
6080,1307,5,1757972950,1.0
6080,2997,1,1757972950,0.2
6080,3616,4,1757972950,0.8
6080,586,3,1757972950,0.6
6080,1620,3,1757972950,0.6
6080,150,4,1757972950,0.8
6080,596,1,1757972950,0.2
6080,648,4,1757972950,0.8
6081,431,4,1757972950,0.8
6081,1610,4,1757972950,0.8
6081,1089,1,1757972950,0.2
6081,928,2,1757972950,0.4
6081,1213,5,1757972950,1.0
6081,3113,5,1757972950,1.0
6081,29,5,1757972950,1.0
6081,412,5,1757972950,1.0
6081,2058,3,1757972950,0.6
6081,2395,4,1757972950,0.8
6081,3422,5,1757972950,1.0
6081,1247,1,1757972950,0.2
6081,1097,4,1757972950,0.8
6081,1099,5,1757972950,1.0
6081,1358,4,1757972950,0.8
6081,515,3,1757972950,0.6
6081,1367,2,1757972950,0.4
6081,2349,2,1757972950,0.4
6081,3721,3,1757972950,0.6
6081,453,4,1757972950,0.8
6082,3515,2,1757972950,0.4
6082,647,4,1757972950,0.8
6082,1266,2,1757972950,0.4
6082,2401,2,1757972950,0.4
6082,2657,5,1757972950,1.0
6082,1292,4,1757972950,0.8
6082,11,2,1757972950,0.4
6082,480,1,1757972950,0.2
6082,2338,5,1757972950,1.0
6082,434,2,1757972950,0.4
6082,1220,2,1757972950,0.4
6082,1609,3,1757972950,0.6
6082,3755,1,1757972950,0.2
6082,1358,3,1757972950,0.6
6082,3036,2,1757972950,0.4
6082,2858,4,1757972950,0.8
6082,2353,3,1757972950,0.6
6082,2174,3,1757972950,0.6
6082,1801,5,1757972950,1.0
6082,1968,1,1757972950,0.2
6082,1,2,1757972950,0.4
6082,2096,2,1757972950,0.4
6082,940,3,1757972950,0.6
6082,589,5,1757972950,1.0
6082,3251,1,1757972950,0.2
6082,2457,4,1757972950,0.8
6082,1307,4,1757972950,0.8
6082,368,4,1757972950,0.8
6083,2396,4,1757972950,0.8
6083,2879,1,1757972950,0.2
6083,3401,5,1757972950,1.0
6083,1358,3,1757972950,0.6
6083,1343,3,1757972950,0.6
6083,1964,4,1757972950,0.8
6083,2700,1,1757972950,0.2
6083,3147,3,1757972950,0.6
6083,1047,2,1757972950,0.4
6083,3197,4,1757972950,0.8
6083,2616,2,1757972950,0.4
6083,2416,1,1757972950,0.2
6083,2245,1,1757972950,0.2
6083,1584,4,1757972950,0.8
6083,2522,5,1757972950,1.0
6083,2001,2,1757972950,0.4
6084,2858,3,1757972950,0.6
6084,329,1,1757972950,0.2
6084,1627,4,1757972950,0.8
6084,497,1,1757972950,0.2
6084,866,2,1757972950,0.4
6084,2990,1,1757972950,0.2
6084,372,3,1757972950,0.6
6084,261,3,1757972950,0.6
6084,882,3,1757972950,0.6
6084,380,1,1757972950,0.2
6084,3072,3,1757972950,0.6
6084,3506,2,1757972950,0.4
6084,2458,5,1757972950,1.0
6084,2926,4,1757972950,0.8
6084,2300,1,1757972950,0.2
6084,534,1,1757972950,0.2
6084,3016,3,1757972950,0.6
6084,2657,3,1757972950,0.6
6084,431,2,1757972950,0.4
6084,17,1,1757972950,0.2
6084,3844,1,1757972950,0.2
6084,3617,5,1757972950,1.0
6085,918,3,1757972950,0.6
6085,1394,1,1757972950,0.2
6085,2082,4,1757972950,0.8
6085,1961,2,1757972950,0.4
6085,161,2,1757972950,0.4
6085,1977,3,1757972950,0.6
6085,2635,2,1757972950,0.4
6085,357,3,1757972950,0.6
6085,1517,4,1757972950,0.8
6085,2348,3,1757972950,0.6
6085,79,3,1757972950,0.6
6085,1954,3,1757972950,0.6
6085,2307,4,1757972950,0.8
6085,2634,1,1757972950,0.2
6085,2959,5,1757972950,1.0
6085,529,2,1757972950,0.4
6085,648,5,1757972950,1.0
6085,1794,5,1757972950,1.0
6085,1635,4,1757972950,0.8
6085,953,4,1757972950,0.8
6085,780,5,1757972950,1.0
6086,1375,1,1757972950,0.2
6086,1377,4,1757972950,0.8
6086,1968,4,1757972950,0.8
6086,2046,1,1757972950,0.2
6086,480,4,1757972950,0.8
6086,2541,4,1757972950,0.8
6086,1758,2,1757972950,0.4
6086,3206,5,1757972950,1.0
6086,327,1,1757972950,0.2
6086,1034,2,1757972950,0.4
6086,2580,3,1757972950,0.6
6086,1935,3,1757972950,0.6
6086,288,4,1757972950,0.8
6086,1014,2,1757972950,0.4
6086,2401,1,1757972950,0.2
6087,1393,3,1757972950,0.6
6087,1374,5,1757972950,1.0
6087,2028,4,1757972950,0.8
6087,3916,1,1757972950,0.2
6087,1294,3,1757972950,0.6
6087,1147,3,1757972950,0.6
6087,1086,3,1757972950,0.6
6087,919,1,1757972950,0.2
6087,2018,2,1757972950,0.4
6087,1556,3,1757972950,0.6
6087,3545,2,1757972950,0.4
6087,1373,4,1757972950,0.8
6087,1985,5,1757972950,1.0
6087,1037,4,1757972950,0.8
6087,1617,1,1757972950,0.2
6087,3082,3,1757972950,0.6
6087,933,1,1757972950,0.2
6087,2174,2,1757972950,0.4
6087,74,3,1757972950,0.6
6087,1213,2,1757972950,0.4
6087,3753,1,1757972950,0.2
6088,1073,1,1757972950,0.2
6088,2288,1,1757972950,0.2
6088,2820,1,1757972950,0.2
6088,587,5,1757972950,1.0
6088,2396,1,1757972950,0.2
6088,1518,3,1757972950,0.6
6088,3742,5,1757972950,1.0
6088,2088,5,1757972950,1.0
6088,1172,1,1757972950,0.2
6088,486,4,1757972950,0.8
6088,1185,1,1757972950,0.2
6088,1617,4,1757972950,0.8
6088,2247,3,1757972950,0.6
6088,639,5,1757972950,1.0
6088,965,1,1757972950,0.2
6088,1380,4,1757972950,0.8
6088,2249,2,1757972950,0.4
6088,3062,5,1757972950,1.0
6088,2942,2,1757972950,0.4
6088,2726,4,1757972950,0.8
6088,3285,2,1757972950,0.4
6088,2297,5,1757972950,1.0
6088,1246,1,1757972950,0.2
6088,1260,5,1757972950,1.0
6088,2402,2,1757972950,0.4
6089,1197,3,1757972950,0.6
6089,3468,4,1757972950,0.8
6089,1042,3,1757972950,0.6
6089,1064,5,1757972950,1.0
6089,3692,5,1757972950,1.0
6089,1690,4,1757972950,0.8
6089,2748,2,1757972950,0.4
6089,1213,3,1757972950,0.6
6089,1967,1,1757972950,0.2
6089,1372,5,1757972950,1.0
6089,2504,3,1757972950,0.6
6089,10,5,1757972950,1.0
6089,2171,2,1757972950,0.4
6089,2863,1,1757972950,0.2
6089,3328,3,1757972950,0.6
6089,2463,1,1757972950,0.2
6089,3010,5,1757972950,1.0
6089,2997,2,1757972950,0.4
6089,2729,5,1757972950,1.0
6089,1225,4,1757972950,0.8
6089,2976,5,1757972950,1.0
6089,1693,2,1757972950,0.4
6089,70,1,1757972950,0.2
6089,2287,2,1757972950,0.4
6089,2465,2,1757972950,0.4
6090,519,5,1757972950,1.0
6090,2572,2,1757972950,0.4
6090,3565,2,1757972950,0.4
6090,1925,1,1757972950,0.2
6090,2529,3,1757972950,0.6
6090,1912,3,1757972950,0.6
6090,2571,1,1757972950,0.2
6090,3468,4,1757972950,0.8
6090,1653,1,1757972950,0.2
6090,2990,4,1757972950,0.8
6090,1297,1,1757972950,0.2
6090,733,3,1757972950,0.6
6090,1201,5,1757972950,1.0
6090,3276,3,1757972950,0.6
6090,2941,1,1757972950,0.2
6090,3304,3,1757972950,0.6
6090,1191,5,1757972950,1.0
6090,1265,5,1757972950,1.0
6091,2989,3,1757972950,0.6
6091,1924,4,1757972950,0.8
6091,2124,3,1757972950,0.6
6091,2366,4,1757972950,0.8
6091,388,2,1757972950,0.4
6091,1911,1,1757972950,0.2
6091,2301,1,1757972950,0.2
6091,1378,3,1757972950,0.6
6091,2628,3,1757972950,0.6
6091,2571,4,1757972950,0.8
6091,1215,2,1757972950,0.4
6091,2763,2,1757972950,0.4
6091,457,5,1757972950,1.0
6091,32,2,1757972950,0.4
6091,2500,3,1757972950,0.6
6091,735,3,1757972950,0.6
6091,1271,2,1757972950,0.4
6091,714,4,1757972950,0.8
6091,2359,5,1757972950,1.0
6091,1653,5,1757972950,1.0
6091,434,1,1757972950,0.2
6092,3741,1,1757972950,0.2
6092,3745,5,1757972950,1.0
6092,671,5,1757972950,1.0
6092,1196,2,1757972950,0.4
6092,3476,5,1757972950,1.0
6092,2059,5,1757972950,1.0
6092,1294,3,1757972950,0.6
6092,2533,1,1757972950,0.2
6092,440,3,1757972950,0.6
6092,592,2,1757972950,0.4
6092,104,4,1757972950,0.8
6092,904,4,1757972950,0.8
6092,3593,1,1757972950,0.2
6092,2858,1,1757972950,0.2
6092,587,2,1757972950,0.4
6092,1957,2,1757972950,0.4
6092,153,1,1757972950,0.2
6092,3798,3,1757972950,0.6
6092,2150,3,1757972950,0.6
6092,1073,1,1757972950,0.2
6092,2243,3,1757972950,0.6
6092,1302,2,1757972950,0.4
6092,3755,5,1757972950,1.0
6092,3469,5,1757972950,1.0
6092,1327,3,1757972950,0.6
6093,2797,4,1757972950,0.8
6093,165,3,1757972950,0.6
6093,2574,3,1757972950,0.6
6093,1196,1,1757972950,0.2
6093,546,1,1757972950,0.2
6093,1672,2,1757972950,0.4
6093,2058,4,1757972950,0.8
6093,3514,4,1757972950,0.8
6093,1247,5,1757972950,1.0
6093,1962,3,1757972950,0.6
6093,1608,3,1757972950,0.6
6093,3702,4,1757972950,0.8
6093,2018,2,1757972950,0.4
6093,2706,1,1757972950,0.2
6093,1372,3,1757972950,0.6
6093,903,2,1757972950,0.4
6093,3076,5,1757972950,1.0
6093,356,2,1757972950,0.4
6093,785,4,1757972950,0.8
6093,3417,3,1757972950,0.6
6093,3543,2,1757972950,0.4
6094,2402,5,1757972950,1.0
6094,2529,5,1757972950,1.0
6094,593,5,1757972950,1.0
6094,1885,3,1757972950,0.6
6094,2009,1,1757972950,0.2
6094,1272,1,1757972950,0.2
6094,1991,3,1757972950,0.6
6094,1291,2,1757972950,0.4
6094,588,3,1757972950,0.6
6094,594,2,1757972950,0.4
6094,556,3,1757972950,0.6
6094,1593,4,1757972950,0.8
6094,3108,1,1757972950,0.2
6094,1242,2,1757972950,0.4
6094,1210,4,1757972950,0.8
6094,2524,5,1757972950,1.0
6094,3040,4,1757972950,0.8
6094,2987,5,1757972950,1.0
6094,2,1,1757972950,0.2
6094,2804,4,1757972950,0.8
6094,899,3,1757972950,0.6
6094,1552,2,1757972950,0.4
6095,2021,5,1757972950,1.0
6095,1610,2,1757972950,0.4
6095,3393,3,1757972950,0.6
6095,2926,4,1757972950,0.8
6095,2115,5,1757972950,1.0
6095,2710,2,1757972950,0.4
6095,3399,3,1757972950,0.6
6095,3481,2,1757972950,0.4
6095,175,2,1757972950,0.4
6095,314,2,1757972950,0.4
6095,1938,1,1757972950,0.2
6095,1342,1,1757972950,0.2
6095,520,5,1757972950,1.0
6096,1344,3,1757972950,0.6
6096,3040,4,1757972950,0.8
6096,2303,3,1757972950,0.6
6096,2891,4,1757972950,0.8
6096,60,1,1757972950,0.2
6096,2291,2,1757972950,0.4
6096,1320,5,1757972950,1.0
6096,1125,1,1757972950,0.2
6096,3243,4,1757972950,0.8
6096,3683,5,1757972950,1.0
6096,1590,2,1757972950,0.4
6096,2289,5,1757972950,1.0
6096,1231,2,1757972950,0.4
6096,1544,4,1757972950,0.8
6096,2860,1,1757972950,0.2
6096,996,4,1757972950,0.8
6096,2330,3,1757972950,0.6
6096,1542,1,1757972950,0.2
6096,2040,3,1757972950,0.6
6096,1593,2,1757972950,0.4
6096,1968,1,1757972950,0.2
6096,417,1,1757972950,0.2
6096,628,3,1757972950,0.6
6097,628,3,1757972950,0.6
6097,2571,3,1757972950,0.6
6097,1947,1,1757972950,0.2
6097,2699,4,1757972950,0.8
6097,919,2,1757972950,0.4
6097,2641,3,1757972950,0.6
6097,265,3,1757972950,0.6
6097,1959,1,1757972950,0.2
6097,2770,1,1757972950,0.2
6097,3471,4,1757972950,0.8
6097,2300,4,1757972950,0.8
6097,1303,4,1757972950,0.8
6097,3403,5,1757972950,1.0
6097,2429,1,1757972950,0.2
6097,1183,2,1757972950,0.4
6097,3574,3,1757972950,0.6
6097,2759,1,1757972950,0.2
6097,2194,2,1757972950,0.4
6098,17,5,1757972950,1.0
6098,1214,5,1757972950,1.0
6098,2091,5,1757972950,1.0
6098,2616,1,1757972950,0.2
6098,3946,4,1757972950,0.8
6098,2716,4,1757972950,0.8
6098,936,2,1757972950,0.4
6098,1713,1,1757972950,0.2
6098,2567,3,1757972950,0.6
6098,1269,2,1757972950,0.4
6098,3556,5,1757972950,1.0
6098,1101,2,1757972950,0.4
6098,1721,3,1757972950,0.6
6098,3639,3,1757972950,0.6
6098,741,1,1757972950,0.2
6098,1734,2,1757972950,0.4
6098,1090,3,1757972950,0.6
6098,2828,5,1757972950,1.0
6098,2540,4,1757972950,0.8
6098,1961,5,1757972950,1.0
6098,3176,2,1757972950,0.4
6098,1201,1,1757972950,0.2
6099,3927,4,1757972950,0.8
6099,1391,1,1757972950,0.2
6099,22,2,1757972950,0.4
6099,60,4,1757972950,0.8
6099,3074,2,1757972950,0.4
6099,1784,4,1757972950,0.8
6099,2421,4,1757972950,0.8
6099,1909,1,1757972950,0.2
6099,2369,5,1757972950,1.0
6099,1327,2,1757972950,0.4
6099,1921,3,1757972950,0.6
6099,83,5,1757972950,1.0
6099,2409,1,1757972950,0.2
6099,3873,1,1757972950,0.2
6099,1208,1,1757972950,0.2
6099,2671,4,1757972950,0.8
6100,1855,3,1757972950,0.6
6100,1735,4,1757972950,0.8
6100,1834,5,1757972950,1.0
6100,2095,4,1757972950,0.8
6100,2539,2,1757972950,0.4
6100,1,2,1757972950,0.4
6100,1210,1,1757972950,0.2
6100,1702,4,1757972950,0.8
6100,318,5,1757972950,1.0
6100,2396,2,1757972950,0.4
6100,2046,2,1757972950,0.4
6100,1923,3,1757972950,0.6
6100,3730,4,1757972950,0.8
6100,1136,2,1757972950,0.4
6100,2377,4,1757972950,0.8
6100,3176,1,1757972950,0.2
6100,494,2,1757972950,0.4
6100,3699,5,1757972950,1.0
6100,3408,3,1757972950,0.6
6100,265,3,1757972950,0.6
6101,57,3,1757972950,0.6
6101,2791,3,1757972950,0.6
6101,3538,3,1757972950,0.6
6101,2006,3,1757972950,0.6
6101,2657,2,1757972950,0.4
6101,2944,5,1757972950,1.0
6101,1282,2,1757972950,0.4
6101,3812,1,1757972950,0.2
6101,3244,4,1757972950,0.8
6101,1284,2,1757972950,0.4
6101,2827,4,1757972950,0.8
6101,1831,3,1757972950,0.6
6101,1641,5,1757972950,1.0
6101,3210,4,1757972950,0.8
6101,3316,5,1757972950,1.0
6101,1912,2,1757972950,0.4
6101,3703,4,1757972950,0.8
6101,260,2,1757972950,0.4
6101,1387,2,1757972950,0.4
6101,482,5,1757972950,1.0
6101,2763,3,1757972950,0.6
6101,2454,3,1757972950,0.6
6101,1036,4,1757972950,0.8
6101,3512,1,1757972950,0.2
6101,2133,4,1757972950,0.8
6102,608,1,1757972950,0.2
6102,2683,4,1757972950,0.8
6102,2028,3,1757972950,0.6
6102,1198,2,1757972950,0.4
6102,3578,1,1757972950,0.2
6102,2313,5,1757972950,1.0
6102,1222,3,1757972950,0.6
6102,1215,1,1757972950,0.2
6102,2025,3,1757972950,0.6
6102,3158,3,1757972950,0.6
6102,1610,3,1757972950,0.6
6102,1660,4,1757972950,0.8
6102,454,3,1757972950,0.6
6102,2375,3,1757972950,0.6
6102,3693,1,1757972950,0.2
6102,1210,4,1757972950,0.8
6102,661,4,1757972950,0.8
6102,110,1,1757972950,0.2
6102,1361,2,1757972950,0.4
6102,648,3,1757972950,0.6
6103,2288,3,1757972950,0.6
6103,1704,3,1757972950,0.6
6103,1777,5,1757972950,1.0
6103,733,2,1757972950,0.4
6103,2028,5,1757972950,1.0
6103,2166,2,1757972950,0.4
6103,3256,4,1757972950,0.8
6103,1372,2,1757972950,0.4
6103,1180,1,1757972950,0.2
6103,1994,5,1757972950,1.0
6103,2406,2,1757972950,0.4
6103,1242,1,1757972950,0.2
6103,2088,5,1757972950,1.0
6103,3705,4,1757972950,0.8
6103,3623,2,1757972950,0.4
6103,185,1,1757972950,0.2
6103,1279,3,1757972950,0.6
6104,1021,1,1757972950,0.2
6104,1952,2,1757972950,0.4
6104,994,2,1757972950,0.4
6104,750,5,1757972950,1.0
6104,1407,1,1757972950,0.2
6104,3501,5,1757972950,1.0
6104,1704,2,1757972950,0.4
6104,3708,2,1757972950,0.4
6104,1416,2,1757972950,0.4
6104,1689,2,1757972950,0.4
6104,457,5,1757972950,1.0
6104,527,3,1757972950,0.6
6104,3858,4,1757972950,0.8
6104,317,4,1757972950,0.8
6104,1527,3,1757972950,0.6
6104,3668,3,1757972950,0.6
6105,541,1,1757972950,0.2
6105,3396,2,1757972950,0.4
6105,150,1,1757972950,0.2
6105,1221,1,1757972950,0.2
6105,355,5,1757972950,1.0
6105,3005,5,1757972950,1.0
6105,2655,2,1757972950,0.4
6105,313,3,1757972950,0.6
6105,1307,3,1757972950,0.6
6105,2919,5,1757972950,1.0
6105,3792,2,1757972950,0.4
6105,287,5,1757972950,1.0
6105,172,1,1757972950,0.2
6105,2390,2,1757972950,0.4
6105,2094,3,1757972950,0.6
6105,3698,1,1757972950,0.2
6105,2997,4,1757972950,0.8
6105,3735,5,1757972950,1.0
6105,2291,1,1757972950,0.2
6105,2762,3,1757972950,0.6
6105,1274,2,1757972950,0.4
6105,3489,3,1757972950,0.6
6105,468,5,1757972950,1.0
6105,382,5,1757972950,1.0
6105,2974,2,1757972950,0.4
6105,3755,4,1757972950,0.8
6106,1466,1,1757972950,0.2
6106,2599,2,1757972950,0.4
6106,1077,5,1757972950,1.0
6106,1094,5,1757972950,1.0
6106,48,5,1757972950,1.0
6106,2407,4,1757972950,0.8
6106,1299,5,1757972950,1.0
6106,3072,2,1757972950,0.4
6106,2872,2,1757972950,0.4
6106,3068,1,1757972950,0.2
6106,1125,1,1757972950,0.2
6106,346,2,1757972950,0.4
6106,47,4,1757972950,0.8
6106,1617,5,1757972950,1.0
6106,1393,1,1757972950,0.2
6106,2088,3,1757972950,0.6
6106,1682,1,1757972950,0.2
6106,1288,3,1757972950,0.6
6106,593,3,1757972950,0.6
6106,2450,4,1757972950,0.8
6106,587,1,1757972950,0.2
6106,161,2,1757972950,0.4
6106,112,1,1757972950,0.2
6107,367,3,1757972950,0.6
6107,2028,5,1757972950,1.0
6107,89,2,1757972950,0.4
6107,296,3,1757972950,0.6
6107,3684,3,1757972950,0.6
6107,3177,1,1757972950,0.2
6107,292,2,1757972950,0.4
6107,3114,3,1757972950,0.6
6107,1221,5,1757972950,1.0
6107,1929,1,1757972950,0.2
6107,3081,4,1757972950,0.8
6107,1036,5,1757972950,1.0
6107,948,4,1757972950,0.8
6107,2406,1,1757972950,0.2
6107,523,4,1757972950,0.8
6107,2091,1,1757972950,0.2
6107,1755,3,1757972950,0.6
6107,1018,5,1757972950,1.0
6107,17,4,1757972950,0.8
6107,34,5,1757972950,1.0
6107,1231,4,1757972950,0.8
6107,2891,5,1757972950,1.0
6107,852,1,1757972950,0.2
6107,1649,4,1757972950,0.8
6107,2427,2,1757972950,0.4
6107,594,2,1757972950,0.4
6108,1223,3,1757972950,0.6
6108,3471,2,1757972950,0.4
6108,457,2,1757972950,0.4
6108,1544,5,1757972950,1.0
6108,1500,4,1757972950,0.8
6108,176,4,1757972950,0.8
6108,1831,5,1757972950,1.0
6108,2583,2,1757972950,0.4
6108,870,4,1757972950,0.8
6108,1019,5,1757972950,1.0
6108,3060,3,1757972950,0.6
6108,110,3,1757972950,0.6
6108,1888,4,1757972950,0.8
6108,282,5,1757972950,1.0
6108,1641,2,1757972950,0.4
6108,1292,3,1757972950,0.6
6108,1438,5,1757972950,1.0
6108,514,1,1757972950,0.2
6108,1955,5,1757972950,1.0
6108,3363,2,1757972950,0.4
6108,594,2,1757972950,0.4
6108,3039,3,1757972950,0.6
6108,1717,4,1757972950,0.8
6109,836,5,1757972950,1.0
6109,2628,5,1757972950,1.0
6109,1240,3,1757972950,0.6
6109,3893,4,1757972950,0.8
6109,1090,4,1757972950,0.8
6109,73,4,1757972950,0.8
6109,1673,4,1757972950,0.8
6109,912,3,1757972950,0.6
6109,1704,1,1757972950,0.2
6109,2947,1,1757972950,0.2
6109,2916,5,1757972950,1.0
6109,105,3,1757972950,0.6
6109,1824,1,1757972950,0.2
6109,1208,5,1757972950,1.0
6109,3706,2,1757972950,0.4
6109,145,5,1757972950,1.0
6109,2002,1,1757972950,0.2
6109,3498,4,1757972950,0.8
6109,2959,2,1757972950,0.4
6109,1961,4,1757972950,0.8
6109,3409,2,1757972950,0.4
6109,2710,4,1757972950,0.8
6109,1268,1,1757972950,0.2
6109,2858,5,1757972950,1.0
6109,1340,4,1757972950,0.8
6110,2571,1,1757972950,0.2
6110,2090,4,1757972950,0.8
6110,1581,5,1757972950,1.0
6110,3591,4,1757972950,0.8
6110,628,1,1757972950,0.2
6110,542,1,1757972950,0.2
6110,421,5,1757972950,1.0
6110,2365,1,1757972950,0.2
6110,1293,5,1757972950,1.0
6110,3793,1,1757972950,0.2
6110,3489,3,1757972950,0.6
6110,1193,3,1757972950,0.6
6110,357,5,1757972950,1.0
6110,2908,3,1757972950,0.6
6110,3082,3,1757972950,0.6
6110,2720,3,1757972950,0.6
6110,1500,1,1757972950,0.2
6110,2683,1,1757972950,0.2
6110,1535,2,1757972950,0.4
6110,2369,2,1757972950,0.4
6110,937,2,1757972950,0.4
6110,3477,2,1757972950,0.4
6110,3555,2,1757972950,0.4
6110,1092,5,1757972950,1.0
6110,589,2,1757972950,0.4
6111,349,2,1757972950,0.4
6111,2706,2,1757972950,0.4
6111,2337,2,1757972950,0.4
6111,296,4,1757972950,0.8
6111,3037,2,1757972950,0.4
6111,292,1,1757972950,0.2
6111,2858,2,1757972950,0.4
6111,3175,2,1757972950,0.4
6111,3709,3,1757972950,0.6
6111,3272,1,1757972950,0.2
6111,3735,5,1757972950,1.0
6111,1179,1,1757972950,0.2
6111,595,4,1757972950,0.8
6111,1197,1,1757972950,0.2
6111,941,4,1757972950,0.8
6111,3623,5,1757972950,1.0
6111,1682,3,1757972950,0.6
6111,1233,2,1757972950,0.4
6111,2745,2,1757972950,0.4
6111,2605,3,1757972950,0.6
6111,1374,1,1757972950,0.2
6112,3256,3,1757972950,0.6
6112,485,3,1757972950,0.6
6112,3702,4,1757972950,0.8
6112,1214,1,1757972950,0.2
6112,3897,1,1757972950,0.2
6112,1275,3,1757972950,0.6
6112,277,1,1757972950,0.2
6112,356,2,1757972950,0.4
6112,2105,5,1757972950,1.0
6112,198,1,1757972950,0.2
6112,3459,4,1757972950,0.8
6112,3594,1,1757972950,0.2
6112,2410,2,1757972950,0.4
6112,1584,4,1757972950,0.8
6112,2247,2,1757972950,0.4
6113,3250,1,1757972950,0.2
6113,1230,2,1757972950,0.4
6113,2133,4,1757972950,0.8
6113,2676,5,1757972950,1.0
6113,3682,2,1757972950,0.4
6113,3535,3,1757972950,0.6
6113,553,4,1757972950,0.8
6113,1356,5,1757972950,1.0
6113,1329,5,1757972950,1.0
6113,1283,5,1757972950,1.0
6113,2413,1,1757972950,0.2
6113,1298,2,1757972950,0.4
6113,3452,1,1757972950,0.2
6113,2677,1,1757972950,0.2
6113,3450,2,1757972950,0.4
6113,2985,2,1757972950,0.4
6113,1885,5,1757972950,1.0
6113,246,1,1757972950,0.2
6113,3072,5,1757972950,1.0
6113,1244,4,1757972950,0.8
6113,337,1,1757972950,0.2
6113,2208,3,1757972950,0.6
6113,1726,2,1757972950,0.4
6114,3052,2,1757972950,0.4
6114,1544,5,1757972950,1.0
6114,1127,2,1757972950,0.4
6114,1960,2,1757972950,0.4
6114,3735,5,1757972950,1.0
6114,2376,1,1757972950,0.2
6114,3861,1,1757972950,0.2
6114,1845,2,1757972950,0.4
6114,3173,2,1757972950,0.4
6114,1617,3,1757972950,0.6
6114,39,4,1757972950,0.8
6114,2877,4,1757972950,0.8
6114,3272,5,1757972950,1.0
6114,1947,3,1757972950,0.6
6114,911,2,1757972950,0.4
6115,589,4,1757972950,0.8
6115,3298,3,1757972950,0.6
6115,2478,1,1757972950,0.2
6115,3793,4,1757972950,0.8
6115,2968,3,1757972950,0.6
6115,1779,3,1757972950,0.6
6115,1223,1,1757972950,0.2
6115,3253,3,1757972950,0.6
6115,648,5,1757972950,1.0
6115,2371,1,1757972950,0.2
6115,2670,5,1757972950,1.0
6115,1024,4,1757972950,0.8
6115,1042,1,1757972950,0.2
6115,3753,1,1757972950,0.2
6115,2883,3,1757972950,0.6
6115,2716,5,1757972950,1.0
6115,153,3,1757972950,0.6
6116,2407,3,1757972950,0.6
6116,2672,5,1757972950,1.0
6116,1270,5,1757972950,1.0
6116,2001,4,1757972950,0.8
6116,2801,4,1757972950,0.8
6116,1968,4,1757972950,0.8
6116,3578,4,1757972950,0.8
6116,2054,3,1757972950,0.6
6116,608,4,1757972950,0.8
6116,1353,1,1757972950,0.2
6116,1278,5,1757972950,1.0
6116,2692,3,1757972950,0.6
6116,3726,5,1757972950,1.0
6116,260,4,1757972950,0.8
6116,971,1,1757972950,0.2
6116,1252,3,1757972950,0.6
6116,89,3,1757972950,0.6
6116,2686,1,1757972950,0.2
6116,1719,5,1757972950,1.0
6117,62,2,1757972950,0.4
6117,2167,3,1757972950,0.6
6117,29,3,1757972950,0.6
6117,1517,5,1757972950,1.0
6117,3671,2,1757972950,0.4
6117,2912,2,1757972950,0.4
6117,1196,3,1757972950,0.6
6117,1387,5,1757972950,1.0
6117,1590,3,1757972950,0.6
6117,1747,2,1757972950,0.4
6117,2469,1,1757972950,0.2
6117,10,2,1757972950,0.4
6117,1215,2,1757972950,0.4
6117,2419,5,1757972950,1.0
6117,589,2,1757972950,0.4
6117,811,2,1757972950,0.4
6117,1834,2,1757972950,0.4
6117,3527,3,1757972950,0.6
6117,733,4,1757972950,0.8
6117,3461,5,1757972950,1.0
6117,2107,2,1757972950,0.4
6117,1247,4,1757972950,0.8
6117,1513,2,1757972950,0.4
6117,2662,2,1757972950,0.4
6117,1457,1,1757972950,0.2
6117,2851,5,1757972950,1.0
6117,2105,4,1757972950,0.8
6118,1640,3,1757972950,0.6
6118,1200,1,1757972950,0.2
6118,2000,1,1757972950,0.2
6118,3476,5,1757972950,1.0
6118,1257,2,1757972950,0.4
6118,3831,5,1757972950,1.0
6118,1258,2,1757972950,0.4
6118,3362,3,1757972950,0.6
6118,3528,3,1757972950,0.6
6118,3043,3,1757972950,0.6
6118,2549,2,1757972950,0.4
6118,2144,4,1757972950,0.8
6118,1095,5,1757972950,1.0
6118,2759,3,1757972950,0.6
6118,928,4,1757972950,0.8
6118,3435,4,1757972950,0.8
6118,318,5,1757972950,1.0
6118,247,3,1757972950,0.6
6118,2369,5,1757972950,1.0
6118,589,5,1757972950,1.0
6118,1544,2,1757972950,0.4
6118,3299,4,1757972950,0.8
6118,832,1,1757972950,0.2
6119,2581,2,1757972950,0.4
6119,3735,5,1757972950,1.0
6119,914,5,1757972950,1.0
6119,1237,2,1757972950,0.4
6119,2987,2,1757972950,0.4
6119,2193,2,1757972950,0.4
6119,2568,3,1757972950,0.6
6119,1247,3,1757972950,0.6
6119,1401,1,1757972950,0.2
6119,3160,1,1757972950,0.2
6119,1263,5,1757972950,1.0
6119,2867,1,1757972950,0.2
6119,1907,5,1757972950,1.0
6119,2427,1,1757972950,0.2
6119,1831,3,1757972950,0.6
6119,1729,5,1757972950,1.0
6119,932,1,1757972950,0.2
6119,4,2,1757972950,0.4
6119,1982,1,1757972950,0.2
6119,1245,3,1757972950,0.6
6120,608,4,1757972950,0.8
6120,2490,3,1757972950,0.6
6120,2687,4,1757972950,0.8
6120,1198,4,1757972950,0.8
6120,1678,3,1757972950,0.6
6120,3623,4,1757972950,0.8
6120,1834,2,1757972950,0.4
6120,3617,4,1757972950,0.8
6120,1130,2,1757972950,0.4
6120,1289,3,1757972950,0.6
6120,2728,1,1757972950,0.2
6120,2781,2,1757972950,0.4
6120,3494,4,1757972950,0.8
6120,363,1,1757972950,0.2
6120,492,1,1757972950,0.2
6120,1240,1,1757972950,0.2
6120,1061,4,1757972950,0.8
6121,1914,1,1757972950,0.2
6121,589,3,1757972950,0.6
6121,3556,2,1757972950,0.4
6121,1884,3,1757972950,0.6
6121,664,2,1757972950,0.4
6121,3624,5,1757972950,1.0
6121,1356,5,1757972950,1.0
6121,2890,4,1757972950,0.8
6121,1238,3,1757972950,0.6
6121,2681,2,1757972950,0.4
6121,1747,5,1757972950,1.0
6121,1162,1,1757972950,0.2
6121,3618,5,1757972950,1.0
6121,3082,2,1757972950,0.4
6122,1953,1,1757972950,0.2
6122,3325,4,1757972950,0.8
6122,1127,2,1757972950,0.4
6122,2293,2,1757972950,0.4
6122,3206,3,1757972950,0.6
6122,1921,3,1757972950,0.6
6122,938,4,1757972950,0.8
6122,1207,5,1757972950,1.0
6122,1225,2,1757972950,0.4
6122,2917,5,1757972950,1.0
6122,3836,2,1757972950,0.4
6122,1032,4,1757972950,0.8
6122,2801,5,1757972950,1.0
6122,2249,5,1757972950,1.0
6122,42,4,1757972950,0.8
6122,1265,1,1757972950,0.2
6122,1945,5,1757972950,1.0
6123,469,3,1757972950,0.6
6123,2613,5,1757972950,1.0
6123,648,3,1757972950,0.6
6123,1963,5,1757972950,1.0
6123,910,2,1757972950,0.4
6123,2028,1,1757972950,0.2
6123,534,4,1757972950,0.8
6123,608,5,1757972950,1.0
6123,2064,3,1757972950,0.6
6123,1907,2,1757972950,0.4
6123,1196,1,1757972950,0.2
6123,2080,2,1757972950,0.4
6123,2006,5,1757972950,1.0
6123,1608,3,1757972950,0.6
6123,1206,1,1757972950,0.2
6123,173,2,1757972950,0.4
6123,2989,4,1757972950,0.8
6123,2822,2,1757972950,0.4
6124,2241,2,1757972950,0.4
6124,1266,3,1757972950,0.6
6124,45,2,1757972950,0.4
6124,3264,1,1757972950,0.2
6124,3668,2,1757972950,0.4
6124,1249,5,1757972950,1.0
6124,2863,3,1757972950,0.6
6124,3653,5,1757972950,1.0
6124,541,3,1757972950,0.6
6124,1992,1,1757972950,0.2
6124,1129,5,1757972950,1.0
6124,539,3,1757972950,0.6
6124,1970,2,1757972950,0.4
6124,370,4,1757972950,0.8
6125,70,3,1757972950,0.6
6125,2700,2,1757972950,0.4
6125,2735,1,1757972950,0.2
6125,1198,3,1757972950,0.6
6125,3697,5,1757972950,1.0
6125,1888,5,1757972950,1.0
6125,996,5,1757972950,1.0
6125,1956,2,1757972950,0.4
6125,1643,2,1757972950,0.4
6125,3726,1,1757972950,0.2
6125,898,4,1757972950,0.8
6125,260,5,1757972950,1.0
6125,3688,1,1757972950,0.2
6125,2390,4,1757972950,0.8
6125,2721,2,1757972950,0.4
6125,117,1,1757972950,0.2
6125,3030,1,1757972950,0.2
6125,2288,5,1757972950,1.0
6125,2140,3,1757972950,0.6
6125,2606,2,1757972950,0.4
6125,3751,2,1757972950,0.4
6125,541,5,1757972950,1.0
6126,3022,2,1757972950,0.4
6126,440,1,1757972950,0.2
6126,947,1,1757972950,0.2
6126,89,1,1757972950,0.2
6126,471,5,1757972950,1.0
6126,1931,4,1757972950,0.8
6126,36,5,1757972950,1.0
6126,3730,3,1757972950,0.6
6126,587,1,1757972950,0.2
6126,2013,3,1757972950,0.6
6126,1616,4,1757972950,0.8
6126,196,4,1757972950,0.8
6126,3070,4,1757972950,0.8
6126,2324,1,1757972950,0.2
6126,3145,4,1757972950,0.8
6126,1204,3,1757972950,0.6
6126,3623,4,1757972950,0.8
6126,1580,2,1757972950,0.4
6126,1948,2,1757972950,0.4
6126,2763,5,1757972950,1.0
6126,303,4,1757972950,0.8
6126,2087,1,1757972950,0.2
6126,1120,5,1757972950,1.0
6127,2393,5,1757972950,1.0
6127,2155,1,1757972950,0.2
6127,780,2,1757972950,0.4
6127,3597,3,1757972950,0.6
6127,2890,1,1757972950,0.2
6127,253,4,1757972950,0.8
6127,3253,2,1757972950,0.4
6127,1500,4,1757972950,0.8
6127,160,1,1757972950,0.2
6127,923,4,1757972950,0.8
6127,1391,2,1757972950,0.4
6127,3362,4,1757972950,0.8
6127,1049,3,1757972950,0.6
6127,1912,4,1757972950,0.8
6127,434,4,1757972950,0.8
6127,3354,3,1757972950,0.6
6127,1801,4,1757972950,0.8
6127,1961,3,1757972950,0.6
6127,2033,5,1757972950,1.0
6127,2151,3,1757972950,0.6
6127,1549,2,1757972950,0.4
6127,1777,3,1757972950,0.6
6127,97,2,1757972950,0.4
6127,172,2,1757972950,0.4
6127,2683,3,1757972950,0.6
6127,1380,4,1757972950,0.8
6127,1375,3,1757972950,0.6
6128,1923,2,1757972950,0.4
6128,177,5,1757972950,1.0
6128,2734,2,1757972950,0.4
6128,3408,5,1757972950,1.0
6128,1127,3,1757972950,0.6
6128,1221,2,1757972950,0.4
6128,3181,3,1757972950,0.6
6128,1970,5,1757972950,1.0
6128,2746,3,1757972950,0.6
6128,2,1,1757972950,0.2
6128,3452,1,1757972950,0.2
6128,249,3,1757972950,0.6
6128,1748,4,1757972950,0.8
6128,2764,5,1757972950,1.0
6128,1249,2,1757972950,0.4
6128,3649,5,1757972950,1.0
6129,648,4,1757972950,0.8
6129,3210,1,1757972950,0.2
6129,2115,4,1757972950,0.8
6129,2232,2,1757972950,0.4
6129,919,4,1757972950,0.8
6129,2762,3,1757972950,0.6
6129,3578,4,1757972950,0.8
6129,2018,4,1757972950,0.8
6129,1580,1,1757972950,0.2
6129,3871,1,1757972950,0.2
6129,2396,2,1757972950,0.4
6129,733,4,1757972950,0.8
6129,2359,4,1757972950,0.8
6129,2367,3,1757972950,0.6
6129,994,2,1757972950,0.4
6129,1029,3,1757972950,0.6
6129,2336,3,1757972950,0.6
6129,1019,3,1757972950,0.6
6129,367,3,1757972950,0.6
6129,2423,2,1757972950,0.4
6129,252,2,1757972950,0.4
6129,2668,5,1757972950,1.0
6129,2642,3,1757972950,0.6
6129,1036,1,1757972950,0.2
6129,552,1,1757972950,0.2
6129,2947,4,1757972950,0.8
6129,45,1,1757972950,0.2
6130,2144,3,1757972950,0.6
6130,2760,2,1757972950,0.4
6130,1542,4,1757972950,0.8
6130,1620,1,1757972950,0.2
6130,1947,4,1757972950,0.8
6130,1078,1,1757972950,0.2
6130,509,1,1757972950,0.2
6130,2268,4,1757972950,0.8
6130,902,5,1757972950,1.0
6130,1172,3,1757972950,0.6
6130,1059,1,1757972950,0.2
6130,3461,2,1757972950,0.4
6130,541,4,1757972950,0.8
6130,3701,4,1757972950,0.8
6130,3418,4,1757972950,0.8
6130,3108,4,1757972950,0.8
6130,3615,1,1757972950,0.2
6130,2455,4,1757972950,0.8
6130,1240,2,1757972950,0.4
6130,3671,2,1757972950,0.4
6131,1674,1,1757972950,0.2
6131,2294,2,1757972950,0.4
6131,419,4,1757972950,0.8
6131,1015,5,1757972950,1.0
6131,2968,2,1757972950,0.4
6131,3418,2,1757972950,0.4
6131,1023,2,1757972950,0.4
6131,440,4,1757972950,0.8
6131,1981,5,1757972950,1.0
6131,21,2,1757972950,0.4
6131,296,2,1757972950,0.4
6131,1927,4,1757972950,0.8
6131,2571,1,1757972950,0.2
6131,2194,5,1757972950,1.0
6131,2263,1,1757972950,0.2
6131,3793,3,1757972950,0.6
6131,47,4,1757972950,0.8
6131,2396,4,1757972950,0.8
6131,1097,4,1757972950,0.8
6131,2884,4,1757972950,0.8
6131,3217,5,1757972950,1.0
6131,920,2,1757972950,0.4
6132,1339,1,1757972950,0.2
6132,407,5,1757972950,1.0
6132,994,5,1757972950,1.0
6132,1090,2,1757972950,0.4
6132,1129,5,1757972950,1.0
6132,3633,3,1757972950,0.6
6132,3217,2,1757972950,0.4
6132,2761,4,1757972950,0.8
6132,2922,1,1757972950,0.2
6132,60,4,1757972950,0.8
6132,543,1,1757972950,0.2
6132,1591,4,1757972950,0.8
6132,2713,5,1757972950,1.0
6132,539,4,1757972950,0.8
6132,3188,2,1757972950,0.4
6132,1653,2,1757972950,0.4
6132,1948,2,1757972950,0.4
6132,3318,1,1757972950,0.2
6132,1028,5,1757972950,1.0
6132,3408,2,1757972950,0.4
6132,1265,2,1757972950,0.4
6132,541,2,1757972950,0.4
6132,1518,5,1757972950,1.0
6132,2083,5,1757972950,1.0
6132,2455,3,1757972950,0.6
6133,2019,4,1757972950,0.8
6133,2803,1,1757972950,0.2
6133,165,5,1757972950,1.0
6133,2352,3,1757972950,0.6
6133,2990,3,1757972950,0.6
6133,256,2,1757972950,0.4
6133,653,1,1757972950,0.2
6133,1797,1,1757972950,0.2
6133,3178,4,1757972950,0.8
6133,1707,1,1757972950,0.2
6133,3396,2,1757972950,0.4
6133,259,2,1757972950,0.4
6133,2167,1,1757972950,0.2
6133,230,5,1757972950,1.0
6133,2371,2,1757972950,0.4
6133,519,1,1757972950,0.2
6133,527,2,1757972950,0.4
6133,3438,3,1757972950,0.6
6133,2759,4,1757972950,0.8
6133,786,1,1757972950,0.2
6133,923,1,1757972950,0.2
6134,1148,5,1757972950,1.0
6134,2997,1,1757972950,0.2
6134,3259,3,1757972950,0.6
6134,2747,2,1757972950,0.4
6134,1587,2,1757972950,0.4
6134,3386,1,1757972950,0.2
6134,2357,5,1757972950,1.0
6134,2612,1,1757972950,0.2
6134,39,1,1757972950,0.2
6134,1517,2,1757972950,0.4
6134,2694,1,1757972950,0.2
6134,2723,3,1757972950,0.6
6134,3072,1,1757972950,0.2
6134,3406,1,1757972950,0.2
6134,589,1,1757972950,0.2
6134,3301,1,1757972950,0.2
6134,547,4,1757972950,0.8
6134,2959,3,1757972950,0.6
6134,3476,2,1757972950,0.4
6134,2324,2,1757972950,0.4
6134,1785,5,1757972950,1.0
6135,1457,2,1757972950,0.4
6135,1870,5,1757972950,1.0
6135,1552,3,1757972950,0.6
6135,762,2,1757972950,0.4
6135,1126,1,1757972950,0.2
6135,3471,3,1757972950,0.6
6135,1282,4,1757972950,0.8
6135,1033,3,1757972950,0.6
6135,1104,5,1757972950,1.0
6135,1729,2,1757972950,0.4
6135,3370,3,1757972950,0.6
6135,2395,3,1757972950,0.6
6135,1358,4,1757972950,0.8
6135,750,3,1757972950,0.6
6135,2946,1,1757972950,0.2
6135,539,5,1757972950,1.0
6135,3271,4,1757972950,0.8
6135,1721,4,1757972950,0.8
6136,231,2,1757972950,0.4
6136,3835,5,1757972950,1.0
6136,1127,4,1757972950,0.8
6136,21,4,1757972950,0.8
6136,1198,5,1757972950,1.0
6136,2920,4,1757972950,0.8
6136,1054,3,1757972950,0.6
6136,1441,2,1757972950,0.4
6136,2359,5,1757972950,1.0
6136,1200,3,1757972950,0.6
6136,1100,3,1757972950,0.6
6136,3614,3,1757972950,0.6
6136,2467,3,1757972950,0.6
6136,1719,2,1757972950,0.4
6136,2344,5,1757972950,1.0
6136,1225,3,1757972950,0.6
6136,1356,3,1757972950,0.6
6136,3386,2,1757972950,0.4
6136,92,4,1757972950,0.8
6136,3201,1,1757972950,0.2
6136,1027,3,1757972950,0.6
6136,2124,3,1757972950,0.6
6136,3048,5,1757972950,1.0
6136,2019,2,1757972950,0.4
6136,141,4,1757972950,0.8
6136,1304,5,1757972950,1.0
6136,34,3,1757972950,0.6
6136,3160,5,1757972950,1.0
6136,300,1,1757972950,0.2
6136,3704,3,1757972950,0.6
6137,3617,2,1757972950,0.4
6137,3044,4,1757972950,0.8
6137,1694,2,1757972950,0.4
6137,160,5,1757972950,1.0
6137,1663,3,1757972950,0.6
6137,1727,1,1757972950,0.2
6137,1208,4,1757972950,0.8
6137,2344,4,1757972950,0.8
6137,3448,1,1757972950,0.2
6137,2642,3,1757972950,0.6
6137,48,3,1757972950,0.6
6137,3300,2,1757972950,0.4
6137,456,1,1757972950,0.2
6137,2707,3,1757972950,0.6
6137,2375,1,1757972950,0.2
6137,2171,4,1757972950,0.8
6137,3051,5,1757972950,1.0
6137,1374,3,1757972950,0.6
6137,34,1,1757972950,0.2
6137,464,1,1757972950,0.2
6137,1023,5,1757972950,1.0
6137,247,2,1757972950,0.4
6137,2779,4,1757972950,0.8
6137,836,3,1757972950,0.6
6138,3255,2,1757972950,0.4
6138,2329,2,1757972950,0.4
6138,2167,5,1757972950,1.0
6138,1968,4,1757972950,0.8
6138,3552,2,1757972950,0.4
6138,986,2,1757972950,0.4
6138,1911,2,1757972950,0.4
6138,318,4,1757972950,0.8
6138,3409,4,1757972950,0.8
6138,377,1,1757972950,0.2
6138,765,2,1757972950,0.4
6138,288,3,1757972950,0.6
6138,2985,3,1757972950,0.6
6138,1573,1,1757972950,0.2
6138,2245,4,1757972950,0.8
6138,2423,1,1757972950,0.2
6138,909,1,1757972950,0.2
6138,3405,2,1757972950,0.4
6138,3786,2,1757972950,0.4
6138,585,4,1757972950,0.8
6138,497,5,1757972950,1.0
6138,1466,4,1757972950,0.8
6138,1188,2,1757972950,0.4
6138,3424,2,1757972950,0.4
6138,858,2,1757972950,0.4
6139,2734,4,1757972950,0.8
6139,494,1,1757972950,0.2
6139,920,2,1757972950,0.4
6139,3081,3,1757972950,0.6
6139,1135,3,1757972950,0.6
6139,2858,5,1757972950,1.0
6139,784,4,1757972950,0.8
6139,2289,3,1757972950,0.6
6139,3101,3,1757972950,0.6
6139,593,2,1757972950,0.4
6139,2433,3,1757972950,0.6
6139,2987,1,1757972950,0.2
6139,253,3,1757972950,0.6
6139,229,5,1757972950,1.0
6139,377,1,1757972950,0.2
6140,1960,5,1757972950,1.0
6140,1060,3,1757972950,0.6
6140,3481,5,1757972950,1.0
6140,969,1,1757972950,0.2
6140,3683,1,1757972950,0.2
6140,1263,3,1757972950,0.6
6140,351,3,1757972950,0.6
6140,837,4,1757972950,0.8
6140,1276,2,1757972950,0.4
6140,32,5,1757972950,1.0
6140,3514,2,1757972950,0.4
6140,515,1,1757972950,0.2
6140,3029,1,1757972950,0.2
6140,39,3,1757972950,0.6
6140,2336,3,1757972950,0.6
6140,3556,2,1757972950,0.4
6140,2158,4,1757972950,0.8
6140,648,2,1757972950,0.4
6140,1917,4,1757972950,0.8
6140,3264,5,1757972950,1.0
6140,1779,5,1757972950,1.0
6141,1240,2,1757972950,0.4
6141,3208,1,1757972950,0.2
6141,707,2,1757972950,0.4
6141,11,2,1757972950,0.4
6141,588,1,1757972950,0.2
6141,750,2,1757972950,0.4
6141,22,4,1757972950,0.8
6141,1848,4,1757972950,0.8
6141,223,1,1757972950,0.2
6141,1797,2,1757972950,0.4
6141,1219,1,1757972950,0.2
6141,2641,5,1757972950,1.0
6141,2287,2,1757972950,0.4
6141,1257,3,1757972950,0.6
6141,1810,5,1757972950,1.0
6141,1009,2,1757972950,0.4
6141,3506,3,1757972950,0.6
6141,1617,5,1757972950,1.0
6141,2406,2,1757972950,0.4
6141,50,1,1757972950,0.2
6141,1179,4,1757972950,0.8
6141,2731,4,1757972950,0.8
6141,2723,5,1757972950,1.0
6142,1945,1,1757972950,0.2
6142,3780,3,1757972950,0.6
6142,1754,3,1757972950,0.6
6142,2690,4,1757972950,0.8
6142,534,1,1757972950,0.2
6142,2264,5,1757972950,1.0
6142,1690,4,1757972950,0.8
6142,1036,5,1757972950,1.0
6142,296,5,1757972950,1.0
6142,1264,3,1757972950,0.6
6142,3052,1,1757972950,0.2
6142,2735,1,1757972950,0.2
6142,1599,1,1757972950,0.2
6142,2746,2,1757972950,0.4
6142,3671,4,1757972950,0.8
6142,457,1,1757972950,0.2
6142,3268,4,1757972950,0.8
6142,1096,5,1757972950,1.0
6142,3363,5,1757972950,1.0
6142,3429,1,1757972950,0.2
6143,2268,1,1757972950,0.2
6143,1061,2,1757972950,0.4
6143,237,3,1757972950,0.6
6143,1845,4,1757972950,0.8
6143,3081,2,1757972950,0.4
6143,2028,1,1757972950,0.2
6143,1617,1,1757972950,0.2
6143,3626,2,1757972950,0.4
6143,2568,2,1757972950,0.4
6143,2437,3,1757972950,0.6
6143,1680,1,1757972950,0.2
6143,3253,4,1757972950,0.8
6143,800,1,1757972950,0.2
6143,316,5,1757972950,1.0
6143,1249,2,1757972950,0.4
6143,3500,4,1757972950,0.8
6143,6,3,1757972950,0.6
6143,2997,5,1757972950,1.0
6143,1125,3,1757972950,0.6
6144,2054,3,1757972950,0.6
6144,1378,4,1757972950,0.8
6144,3689,1,1757972950,0.2
6144,733,5,1757972950,1.0
6144,1335,4,1757972950,0.8
6144,3590,1,1757972950,0.2
6144,180,4,1757972950,0.8
6144,2770,1,1757972950,0.2
6144,318,4,1757972950,0.8
6144,2423,4,1757972950,0.8
6144,2287,4,1757972950,0.8
6144,2987,3,1757972950,0.6
6144,1222,2,1757972950,0.4
6144,788,1,1757972950,0.2
6144,2406,2,1757972950,0.4
6144,3498,1,1757972950,0.2
6144,24,5,1757972950,1.0
6144,750,1,1757972950,0.2
6144,3066,2,1757972950,0.4
6144,3476,1,1757972950,0.2
6144,953,5,1757972950,1.0
6145,1130,3,1757972950,0.6
6145,1967,5,1757972950,1.0
6145,2803,5,1757972950,1.0
6145,2762,4,1757972950,0.8
6145,3836,5,1757972950,1.0
6145,3501,4,1757972950,0.8
6145,2278,3,1757972950,0.6
6145,1253,5,1757972950,1.0
6145,1265,2,1757972950,0.4
6145,3361,1,1757972950,0.2
6145,1520,3,1757972950,0.6
6145,952,1,1757972950,0.2
6145,1129,1,1757972950,0.2
6145,1704,3,1757972950,0.6
6145,1608,3,1757972950,0.6
6145,2512,4,1757972950,0.8
6145,2461,3,1757972950,0.6
6145,1231,2,1757972950,0.4
6145,423,1,1757972950,0.2
6145,2918,1,1757972950,0.2
6145,3219,2,1757972950,0.4
6145,2282,3,1757972950,0.6
6146,141,4,1757972950,0.8
6146,1399,1,1757972950,0.2
6146,3396,2,1757972950,0.4
6146,595,2,1757972950,0.4
6146,476,1,1757972950,0.2
6146,608,1,1757972950,0.2
6146,3247,2,1757972950,0.4
6146,1784,1,1757972950,0.2
6146,1198,1,1757972950,0.2
6146,2701,2,1757972950,0.4
6146,2154,2,1757972950,0.4
6146,2524,4,1757972950,0.8
6146,222,3,1757972950,0.6
6146,260,1,1757972950,0.2
6147,2100,2,1757972950,0.4
6147,3462,2,1757972950,0.4
6147,1265,1,1757972950,0.2
6147,520,3,1757972950,0.6
6147,1542,4,1757972950,0.8
6147,2610,5,1757972950,1.0
6147,1729,2,1757972950,0.4
6147,329,3,1757972950,0.6
6147,3925,5,1757972950,1.0
6147,2916,3,1757972950,0.6
6147,3169,1,1757972950,0.2
6147,2926,4,1757972950,0.8
6147,2915,2,1757972950,0.4
6147,1337,3,1757972950,0.6
6147,296,5,1757972950,1.0
6147,2912,3,1757972950,0.6
6147,1909,2,1757972950,0.4
6147,1059,2,1757972950,0.4
6147,2375,1,1757972950,0.2
6147,1518,2,1757972950,0.4
6147,1103,5,1757972950,1.0
6147,1077,4,1757972950,0.8
6148,2987,2,1757972950,0.4
6148,104,4,1757972950,0.8
6148,2629,2,1757972950,0.4
6148,1220,5,1757972950,1.0
6148,1127,2,1757972950,0.4
6148,1952,2,1757972950,0.4
6148,3019,3,1757972950,0.6
6148,1263,4,1757972950,0.8
6148,1294,1,1757972950,0.2
6148,532,4,1757972950,0.8
6148,1219,5,1757972950,1.0
6148,1498,1,1757972950,0.2
6148,1729,3,1757972950,0.6
6148,1916,4,1757972950,0.8
6148,674,3,1757972950,0.6
6149,1487,2,1757972950,0.4
6149,455,2,1757972950,0.4
6149,1732,4,1757972950,0.8
6149,2987,2,1757972950,0.4
6149,1193,2,1757972950,0.4
6149,1704,1,1757972950,0.2
6149,928,2,1757972950,0.4
6149,1250,2,1757972950,0.4
6149,318,2,1757972950,0.4
6149,2859,3,1757972950,0.6
6149,1127,2,1757972950,0.4
6149,2516,1,1757972950,0.2
6149,3178,1,1757972950,0.2
6149,3252,3,1757972950,0.6
6149,3699,1,1757972950,0.2
6149,1635,5,1757972950,1.0
6149,2352,2,1757972950,0.4
6149,1916,3,1757972950,0.6
6149,3254,1,1757972950,0.2
6149,3698,3,1757972950,0.6
6149,1769,2,1757972950,0.4
6149,2171,5,1757972950,1.0
6149,380,2,1757972950,0.4
6150,2770,5,1757972950,1.0
6150,2019,3,1757972950,0.6
6150,1197,5,1757972950,1.0
6150,3584,4,1757972950,0.8
6150,1556,3,1757972950,0.6
6150,3256,5,1757972950,1.0
6150,3273,2,1757972950,0.4
6150,785,5,1757972950,1.0
6150,1090,4,1757972950,0.8
6150,1639,2,1757972950,0.4
6150,2806,3,1757972950,0.6
6150,3272,3,1757972950,0.6
6151,2064,2,1757972950,0.4
6151,387,3,1757972950,0.6
6151,2815,4,1757972950,0.8
6151,2826,3,1757972950,0.6
6151,1,2,1757972950,0.4
6151,3593,5,1757972950,1.0
6151,3429,3,1757972950,0.6
6151,60,5,1757972950,1.0
6151,3354,2,1757972950,0.4
6151,1676,3,1757972950,0.6
6151,1968,3,1757972950,0.6
6151,2797,5,1757972950,1.0
6151,367,5,1757972950,1.0
6151,165,5,1757972950,1.0
6151,3608,4,1757972950,0.8
6151,457,3,1757972950,0.6
6151,440,2,1757972950,0.4
6151,3114,4,1757972950,0.8
6151,1573,5,1757972950,1.0
6151,259,5,1757972950,1.0
6151,2134,5,1757972950,1.0
6151,2268,2,1757972950,0.4
6151,940,3,1757972950,0.6
6152,1937,1,1757972950,0.2
6152,2410,1,1757972950,0.2
6152,342,5,1757972950,1.0
6152,3639,1,1757972950,0.2
6152,2973,3,1757972950,0.6
6152,1101,4,1757972950,0.8
6152,1722,3,1757972950,0.6
6152,1259,3,1757972950,0.6
6152,1912,2,1757972950,0.4
6152,708,2,1757972950,0.4
6152,2622,3,1757972950,0.6
6152,3368,3,1757972950,0.6
6152,3052,4,1757972950,0.8
6152,1972,2,1757972950,0.4
6152,2353,3,1757972950,0.6
6152,2170,2,1757972950,0.4
6152,2119,2,1757972950,0.4
6152,2032,5,1757972950,1.0
6152,3793,1,1757972950,0.2
6152,1769,2,1757972950,0.4
6152,3671,5,1757972950,1.0
6152,3746,5,1757972950,1.0
6152,500,4,1757972950,0.8
6152,296,3,1757972950,0.6
6152,1197,3,1757972950,0.6
6153,733,1,1757972950,0.2
6153,2628,3,1757972950,0.6
6153,1060,4,1757972950,0.8
6153,2915,2,1757972950,0.4
6153,1030,3,1757972950,0.6
6153,105,2,1757972950,0.4
6153,2384,4,1757972950,0.8
6153,2333,2,1757972950,0.4
6153,2470,2,1757972950,0.4
6153,1513,4,1757972950,0.8
6153,3638,1,1757972950,0.2
6153,3555,1,1757972950,0.2
6153,3006,5,1757972950,1.0
6153,2919,1,1757972950,0.2
6153,2788,2,1757972950,0.4
6153,1894,2,1757972950,0.4
6153,3747,5,1757972950,1.0
6153,1097,5,1757972950,1.0
6153,23,4,1757972950,0.8
6153,2000,1,1757972950,0.2
6153,1234,4,1757972950,0.8
6153,327,5,1757972950,1.0
6153,2644,3,1757972950,0.6
6153,110,3,1757972950,0.6
6154,610,2,1757972950,0.4
6154,3326,5,1757972950,1.0
6154,955,5,1757972950,1.0
6154,1292,2,1757972950,0.4
6154,2739,5,1757972950,1.0
6154,2761,3,1757972950,0.6
6154,354,1,1757972950,0.2
6154,2924,2,1757972950,0.4
6154,3039,5,1757972950,1.0
6154,1783,2,1757972950,0.4
6154,1184,5,1757972950,1.0
6154,2615,1,1757972950,0.2
6154,2049,5,1757972950,1.0
6154,1954,1,1757972950,0.2
6154,2643,4,1757972950,0.8
6154,543,2,1757972950,0.4
6154,2763,1,1757972950,0.2
6154,1127,1,1757972950,0.2
6154,1302,3,1757972950,0.6
6154,1288,5,1757972950,1.0
6154,1500,3,1757972950,0.6
6155,908,2,1757972950,0.4
6155,3081,1,1757972950,0.2
6155,485,2,1757972950,0.4
6155,1267,1,1757972950,0.2
6155,1617,1,1757972950,0.2
6155,1639,5,1757972950,1.0
6155,2699,4,1757972950,0.8
6155,1580,5,1757972950,1.0
6155,2334,2,1757972950,0.4
6155,3704,2,1757972950,0.4
6155,3409,1,1757972950,0.2
6155,1277,5,1757972950,1.0
6155,3489,3,1757972950,0.6
6155,2406,2,1757972950,0.4
6155,590,4,1757972950,0.8
6155,1722,1,1757972950,0.2
6155,1485,4,1757972950,0.8
6155,1219,1,1757972950,0.2
6155,2385,5,1757972950,1.0
6156,1721,3,1757972950,0.6
6156,1037,2,1757972950,0.4
6156,119,1,1757972950,0.2
6156,581,4,1757972950,0.8
6156,1235,2,1757972950,0.4
6156,265,1,1757972950,0.2
6156,456,4,1757972950,0.8
6156,2990,2,1757972950,0.4
6156,1234,5,1757972950,1.0
6156,435,4,1757972950,0.8
6156,2118,3,1757972950,0.6
6156,2710,4,1757972950,0.8
6156,296,1,1757972950,0.2
6156,920,5,1757972950,1.0
6156,1729,4,1757972950,0.8
6156,570,5,1757972950,1.0
6156,3362,1,1757972950,0.2
6156,2182,5,1757972950,1.0
6156,253,1,1757972950,0.2
6156,589,3,1757972950,0.6
6156,3160,1,1757972950,0.2
6156,3363,4,1757972950,0.8
6156,1264,1,1757972950,0.2
6156,215,4,1757972950,0.8
6157,1198,5,1757972950,1.0
6157,1580,4,1757972950,0.8
6157,2605,1,1757972950,0.2
6157,36,3,1757972950,0.6
6157,161,5,1757972950,1.0
6157,2648,2,1757972950,0.4
6157,1771,1,1757972950,0.2
6157,1223,3,1757972950,0.6
6157,3040,4,1757972950,0.8
6157,2539,1,1757972950,0.2
6157,762,4,1757972950,0.8
6157,191,3,1757972950,0.6
6158,1997,3,1757972950,0.6
6158,1090,1,1757972950,0.2
6158,543,2,1757972950,0.4
6158,415,3,1757972950,0.6
6158,1486,2,1757972950,0.4
6158,1391,3,1757972950,0.6
6158,440,1,1757972950,0.2
6158,1235,2,1757972950,0.4
6158,180,4,1757972950,0.8
6158,195,5,1757972950,1.0
6158,2003,3,1757972950,0.6
6158,2278,1,1757972950,0.2
6158,3513,4,1757972950,0.8
6158,3254,4,1757972950,0.8
6159,2406,4,1757972950,0.8
6159,3809,4,1757972950,0.8
6159,898,1,1757972950,0.2
6159,2571,5,1757972950,1.0
6159,733,4,1757972950,0.8
6159,590,5,1757972950,1.0
6159,541,5,1757972950,1.0
6159,2081,5,1757972950,1.0
6159,3461,5,1757972950,1.0
6159,1301,5,1757972950,1.0
6159,2542,1,1757972950,0.2
6159,2997,4,1757972950,0.8
6159,188,3,1757972950,0.6
6159,3730,3,1757972950,0.6
6159,1616,1,1757972950,0.2
6159,3384,3,1757972950,0.6
6159,493,5,1757972950,1.0
6159,950,4,1757972950,0.8
6159,2600,4,1757972950,0.8
6159,1172,1,1757972950,0.2
6159,1994,4,1757972950,0.8
6159,2989,1,1757972950,0.2
6159,1208,5,1757972950,1.0
6159,2020,5,1757972950,1.0
6160,344,2,1757972950,0.4
6160,104,4,1757972950,0.8
6160,2797,3,1757972950,0.6
6160,2407,2,1757972950,0.4
6160,2150,4,1757972950,0.8
6160,2926,2,1757972950,0.4
6160,1191,3,1757972950,0.6
6160,1275,3,1757972950,0.6
6160,1955,2,1757972950,0.4
6160,3476,3,1757972950,0.6
6160,351,3,1757972950,0.6
6160,1303,2,1757972950,0.4
6160,1982,2,1757972950,0.4
6160,2068,4,1757972950,0.8
6160,3723,2,1757972950,0.4
6160,3265,1,1757972950,0.2
6160,1584,5,1757972950,1.0
6160,1911,3,1757972950,0.6
6160,187,1,1757972950,0.2
6160,1206,4,1757972950,0.8
6160,1230,1,1757972950,0.2
6160,407,5,1757972950,1.0
6160,1287,1,1757972950,0.2
6160,2501,4,1757972950,0.8
6160,22,3,1757972950,0.6
6160,2427,4,1757972950,0.8
6160,1092,2,1757972950,0.4
6160,1219,4,1757972950,0.8
6161,1527,4,1757972950,0.8
6161,173,4,1757972950,0.8
6161,1214,2,1757972950,0.4
6161,1356,1,1757972950,0.2
6161,2333,2,1757972950,0.4
6161,3793,1,1757972950,0.2
6161,1264,2,1757972950,0.4
6161,1333,4,1757972950,0.8
6161,2688,4,1757972950,0.8
6161,2019,4,1757972950,0.8
6161,2302,2,1757972950,0.4
6161,15,3,1757972950,0.6
6161,2734,4,1757972950,0.8
6161,2572,3,1757972950,0.6
6161,1923,5,1757972950,1.0
6161,902,3,1757972950,0.6
6161,1617,2,1757972950,0.4
6161,1208,2,1757972950,0.4
6161,1218,1,1757972950,0.2
6161,2463,5,1757972950,1.0
6161,1573,2,1757972950,0.4
6162,3548,4,1757972950,0.8
6162,924,3,1757972950,0.6
6162,2105,5,1757972950,1.0
6162,3733,5,1757972950,1.0
6162,2266,5,1757972950,1.0
6162,2078,2,1757972950,0.4
6162,3608,4,1757972950,0.8
6162,2302,3,1757972950,0.6
6162,2640,5,1757972950,1.0
6162,1135,4,1757972950,0.8
6162,1343,1,1757972950,0.2
6162,2794,3,1757972950,0.6
6162,1204,4,1757972950,0.8
6162,2272,3,1757972950,0.6
6162,3,5,1757972950,1.0
6162,1590,5,1757972950,1.0
6163,2628,3,1757972950,0.6
6163,3081,4,1757972950,0.8
6163,3740,3,1757972950,0.6
6163,928,2,1757972950,0.4
6163,735,4,1757972950,0.8
6163,1962,4,1757972950,0.8
6163,2640,5,1757972950,1.0
6163,3068,4,1757972950,0.8
6163,3113,2,1757972950,0.4
6163,474,1,1757972950,0.2
6163,1060,3,1757972950,0.6
6163,2051,1,1757972950,0.2
6163,2379,4,1757972950,0.8
6163,2948,2,1757972950,0.4
6163,3178,1,1757972950,0.2
6163,531,2,1757972950,0.4
6163,1748,5,1757972950,1.0
6163,3928,2,1757972950,0.4
6163,2683,4,1757972950,0.8
6163,1580,2,1757972950,0.4
6163,3707,1,1757972950,0.2
6163,2827,5,1757972950,1.0
6163,377,2,1757972950,0.4
6163,1970,2,1757972950,0.4
6163,1266,2,1757972950,0.4
6163,3107,3,1757972950,0.6
6163,2985,1,1757972950,0.2
6163,2340,3,1757972950,0.6
6163,2391,2,1757972950,0.4
6163,1190,1,1757972950,0.2
6164,1377,3,1757972950,0.6
6164,1562,4,1757972950,0.8
6164,1136,2,1757972950,0.4
6164,1962,1,1757972950,0.2
6164,436,1,1757972950,0.2
6164,1207,5,1757972950,1.0
6164,2432,5,1757972950,1.0
6164,2331,2,1757972950,0.4
6164,185,3,1757972950,0.6
6164,1734,4,1757972950,0.8
6164,608,4,1757972950,0.8
6164,1291,2,1757972950,0.4
6164,2628,2,1757972950,0.4
6164,3723,4,1757972950,0.8
6164,2065,5,1757972950,1.0
6164,2997,4,1757972950,0.8
6164,1653,2,1757972950,0.4
6164,741,2,1757972950,0.4
6164,1909,2,1757972950,0.4
6164,2616,4,1757972950,0.8
6164,2231,3,1757972950,0.6
6165,2320,2,1757972950,0.4
6165,673,4,1757972950,0.8
6165,2716,4,1757972950,0.8
6165,969,4,1757972950,0.8
6165,1296,1,1757972950,0.2
6165,3471,3,1757972950,0.6
6165,1294,1,1757972950,0.2
6165,2791,1,1757972950,0.2
6165,3825,1,1757972950,0.2
6165,1270,2,1757972950,0.4
6165,2792,1,1757972950,0.2
6165,1954,3,1757972950,0.6
6165,858,5,1757972950,1.0
6165,2915,5,1757972950,1.0
6166,3717,3,1757972950,0.6
6166,1207,4,1757972950,0.8
6166,2792,4,1757972950,0.8
6166,1183,4,1757972950,0.8
6166,357,4,1757972950,0.8
6166,527,5,1757972950,1.0
6166,1870,3,1757972950,0.6
6166,2005,1,1757972950,0.2
6166,2784,2,1757972950,0.4
6166,1252,5,1757972950,1.0
6166,1094,5,1757972950,1.0
6166,1246,4,1757972950,0.8
6166,17,1,1757972950,0.2
6166,2745,4,1757972950,0.8
6166,1081,3,1757972950,0.6
6166,457,4,1757972950,0.8
6166,1663,2,1757972950,0.4
6166,1909,5,1757972950,1.0
6167,608,2,1757972950,0.4
6167,2966,4,1757972950,0.8
6167,2422,3,1757972950,0.6
6167,2858,5,1757972950,1.0
6167,2729,2,1757972950,0.4
6167,471,3,1757972950,0.6
6167,1213,4,1757972950,0.8
6167,2797,5,1757972950,1.0
6167,50,5,1757972950,1.0
6167,3408,1,1757972950,0.2
6167,2782,5,1757972950,1.0
6167,1358,4,1757972950,0.8
6167,546,3,1757972950,0.6
6167,1408,3,1757972950,0.6
6167,1120,5,1757972950,1.0
6167,2941,2,1757972950,0.4
6167,2002,4,1757972950,0.8
6167,2529,2,1757972950,0.4
6167,3018,2,1757972950,0.4
6167,3712,1,1757972950,0.2
6167,2117,2,1757972950,0.4
6167,589,3,1757972950,0.6
6167,2881,1,1757972950,0.2
6167,1527,5,1757972950,1.0
6167,1245,4,1757972950,0.8
6167,2628,2,1757972950,0.4
6167,1882,1,1757972950,0.2
6167,1217,5,1757972950,1.0
6168,3200,4,1757972950,0.8
6168,3751,1,1757972950,0.2
6168,2289,1,1757972950,0.2
6168,1591,5,1757972950,1.0
6168,3175,3,1757972950,0.6
6168,541,1,1757972950,0.2
6168,357,2,1757972950,0.4
6168,1976,3,1757972950,0.6
6168,913,1,1757972950,0.2
6168,1358,4,1757972950,0.8
6168,3617,4,1757972950,0.8
6168,1394,2,1757972950,0.4
6168,3160,2,1757972950,0.4
6168,1000,5,1757972950,1.0
6168,2114,1,1757972950,0.2
6168,1831,5,1757972950,1.0
6168,1210,5,1757972950,1.0
6168,1214,1,1757972950,0.2
6169,525,3,1757972950,0.6
6169,788,3,1757972950,0.6
6169,920,4,1757972950,0.8
6169,595,3,1757972950,0.6
6169,2171,5,1757972950,1.0
6169,2718,1,1757972950,0.2
6169,588,3,1757972950,0.6
6169,1564,3,1757972950,0.6
6169,541,1,1757972950,0.2
6169,960,1,1757972950,0.2
6169,1909,3,1757972950,0.6
6169,3552,1,1757972950,0.2
6169,1375,4,1757972950,0.8
6169,349,2,1757972950,0.4
6169,2167,4,1757972950,0.8
6169,945,2,1757972950,0.4
6169,3115,1,1757972950,0.2
6169,16,2,1757972950,0.4
6169,2009,1,1757972950,0.2
6169,2407,3,1757972950,0.6
6169,781,4,1757972950,0.8
6169,1092,2,1757972950,0.4
6169,2664,2,1757972950,0.4
6169,1919,3,1757972950,0.6
6170,647,5,1757972950,1.0
6170,1248,2,1757972950,0.4
6170,1381,5,1757972950,1.0
6170,2699,5,1757972950,1.0
6170,2840,3,1757972950,0.6
6170,2395,4,1757972950,0.8
6170,1734,2,1757972950,0.4
6170,260,1,1757972950,0.2
6170,1244,2,1757972950,0.4
6170,1183,1,1757972950,0.2
6170,3445,1,1757972950,0.2
6170,1208,2,1757972950,0.4
6170,2028,3,1757972950,0.6
6170,1721,5,1757972950,1.0
6170,2671,3,1757972950,0.6
6170,2922,3,1757972950,0.6
6170,186,1,1757972950,0.2
6170,971,4,1757972950,0.8
6170,2126,5,1757972950,1.0
6170,160,2,1757972950,0.4
6170,2746,5,1757972950,1.0
6170,924,1,1757972950,0.2
6170,454,3,1757972950,0.6
6171,2918,5,1757972950,1.0
6171,1777,1,1757972950,0.2
6171,3512,4,1757972950,0.8
6171,2094,3,1757972950,0.6
6171,1343,2,1757972950,0.4
6171,3639,2,1757972950,0.4
6171,3147,5,1757972950,1.0
6171,423,4,1757972950,0.8
6171,1597,3,1757972950,0.6
6171,1207,2,1757972950,0.4
6171,1717,2,1757972950,0.4
6171,2219,2,1757972950,0.4
6171,2707,1,1757972950,0.2
6171,3552,3,1757972950,0.6
6171,2657,3,1757972950,0.6
6171,3409,2,1757972950,0.4
6171,1104,1,1757972950,0.2
6171,2076,2,1757972950,0.4
6171,474,1,1757972950,0.2
6171,3104,5,1757972950,1.0
6171,1080,1,1757972950,0.2
6171,1378,1,1757972950,0.2
6171,2087,3,1757972950,0.6
6171,34,1,1757972950,0.2
6171,366,1,1757972950,0.2
6171,2883,1,1757972950,0.2
6171,1493,1,1757972950,0.2
6171,1003,5,1757972950,1.0
6172,2806,3,1757972950,0.6
6172,680,3,1757972950,0.6
6172,356,2,1757972950,0.4
6172,2249,5,1757972950,1.0
6172,1917,5,1757972950,1.0
6172,260,3,1757972950,0.6
6172,3100,2,1757972950,0.4
6172,2058,1,1757972950,0.2
6172,1248,5,1757972950,1.0
6172,344,1,1757972950,0.2
6172,2245,4,1757972950,0.8
6172,2333,3,1757972950,0.6
6172,246,1,1757972950,0.2
6172,2085,4,1757972950,0.8
6172,2162,3,1757972950,0.6
6172,1198,3,1757972950,0.6
6172,1459,5,1757972950,1.0
6173,1968,3,1757972950,0.6
6173,1240,4,1757972950,0.8
6173,3168,4,1757972950,0.8
6173,1951,1,1757972950,0.2
6173,3175,3,1757972950,0.6
6173,1020,5,1757972950,1.0
6173,2135,1,1757972950,0.2
6173,1625,4,1757972950,0.8
6173,2125,4,1757972950,0.8
6173,353,2,1757972950,0.4
6173,1260,3,1757972950,0.6
6173,589,1,1757972950,0.2
6173,1094,3,1757972950,0.6
6174,1646,3,1757972950,0.6
6174,1676,4,1757972950,0.8
6174,2997,2,1757972950,0.4
6174,1544,3,1757972950,0.6
6174,3863,3,1757972950,0.6
6174,1961,2,1757972950,0.4
6174,1672,1,1757972950,0.2
6174,1267,1,1757972950,0.2
6174,1214,5,1757972950,1.0
6174,1061,4,1757972950,0.8
6174,1912,5,1757972950,1.0
6174,3304,2,1757972950,0.4
6174,440,5,1757972950,1.0
6174,532,2,1757972950,0.4
6174,457,3,1757972950,0.6
6174,3098,3,1757972950,0.6
6174,405,4,1757972950,0.8
6174,462,2,1757972950,0.4
6174,1097,2,1757972950,0.4
6174,1929,1,1757972950,0.2
6174,3421,4,1757972950,0.8
6175,3578,2,1757972950,0.4
6175,2700,3,1757972950,0.6
6175,593,2,1757972950,0.4
6175,1777,2,1757972950,0.4
6175,1950,4,1757972950,0.8
6175,2059,2,1757972950,0.4
6175,3264,3,1757972950,0.6
6175,374,3,1757972950,0.6
6175,2524,5,1757972950,1.0
6175,833,4,1757972950,0.8
6175,1407,3,1757972950,0.6
6175,1234,3,1757972950,0.6
6175,2948,4,1757972950,0.8
6175,1821,4,1757972950,0.8
6175,1589,2,1757972950,0.4
6175,648,4,1757972950,0.8
6175,3614,2,1757972950,0.4
6175,2672,4,1757972950,0.8
6175,3441,1,1757972950,0.2
6176,1241,4,1757972950,0.8
6176,1913,1,1757972950,0.2
6176,314,5,1757972950,1.0
6176,1955,2,1757972950,0.4
6176,3111,4,1757972950,0.8
6176,750,2,1757972950,0.4
6176,104,5,1757972950,1.0
6176,1721,5,1757972950,1.0
6176,3109,1,1757972950,0.2
6176,2701,5,1757972950,1.0
6176,2291,5,1757972950,1.0
6176,3675,1,1757972950,0.2
6176,3736,5,1757972950,1.0
6176,2241,1,1757972950,0.2
6176,3613,4,1757972950,0.8
6176,1327,1,1757972950,0.2
6176,12,4,1757972950,0.8
6176,1603,3,1757972950,0.6
6176,95,2,1757972950,0.4
6176,2997,4,1757972950,0.8
6176,1225,1,1757972950,0.2
6176,3405,4,1757972950,0.8
6176,1200,5,1757972950,1.0
6176,356,2,1757972950,0.4
6176,1644,3,1757972950,0.6
6177,3408,2,1757972950,0.4
6177,1136,5,1757972950,1.0
6177,1722,5,1757972950,1.0
6177,589,5,1757972950,1.0
6177,1228,2,1757972950,0.4
6177,2802,2,1757972950,0.4
6177,1961,3,1757972950,0.6
6177,168,4,1757972950,0.8
6177,3633,5,1757972950,1.0
6177,2352,1,1757972950,0.2
6177,2916,3,1757972950,0.6
6177,1476,5,1757972950,1.0
6177,3250,5,1757972950,1.0
6178,3668,3,1757972950,0.6
6178,3555,4,1757972950,0.8
6178,2574,2,1757972950,0.4
6178,1272,2,1757972950,0.4
6178,2723,4,1757972950,0.8
6178,3809,4,1757972950,0.8
6178,2794,4,1757972950,0.8
6178,2038,3,1757972950,0.6
6178,1580,3,1757972950,0.6
6178,2408,5,1757972950,1.0
6178,2921,5,1757972950,1.0
6178,1204,4,1757972950,0.8
6178,1965,2,1757972950,0.4
6178,2762,5,1757972950,1.0
6178,3766,4,1757972950,0.8
6178,2770,3,1757972950,0.6
6178,1259,5,1757972950,1.0
6178,21,4,1757972950,0.8
6179,2794,4,1757972950,0.8
6179,1392,4,1757972950,0.8
6179,2616,3,1757972950,0.6
6179,2787,4,1757972950,0.8
6179,150,2,1757972950,0.4
6179,2366,3,1757972950,0.6
6179,2959,5,1757972950,1.0
6179,1200,2,1757972950,0.4
6179,1090,2,1757972950,0.4
6179,1378,1,1757972950,0.2
6179,2761,4,1757972950,0.8
6179,3708,2,1757972950,0.4
6179,377,2,1757972950,0.4
6179,2140,5,1757972950,1.0
6179,3420,1,1757972950,0.2
6179,899,4,1757972950,0.8
6179,2457,4,1757972950,0.8
6179,780,4,1757972950,0.8
6179,2807,4,1757972950,0.8
6179,2329,1,1757972950,0.2
6179,2804,1,1757972950,0.2
6179,1029,4,1757972950,0.8
6179,3671,1,1757972950,0.2
6179,3275,3,1757972950,0.6
6179,3534,3,1757972950,0.6
6179,1387,4,1757972950,0.8
6179,2764,4,1757972950,0.8
6180,539,3,1757972950,0.6
6180,1377,5,1757972950,1.0
6180,377,3,1757972950,0.6
6180,2692,3,1757972950,0.6
6180,3408,2,1757972950,0.4
6180,1821,2,1757972950,0.4
6180,1301,2,1757972950,0.4
6180,2243,1,1757972950,0.2
6180,586,2,1757972950,0.4
6180,2599,5,1757972950,1.0
6180,223,3,1757972950,0.6
6180,1966,3,1757972950,0.6
6180,296,3,1757972950,0.6
6180,356,1,1757972950,0.2
6180,1722,4,1757972950,0.8
6180,3791,1,1757972950,0.2
6180,3186,4,1757972950,0.8
6180,122,1,1757972950,0.2
6180,2353,2,1757972950,0.4
6180,1240,4,1757972950,0.8
6180,3107,2,1757972950,0.4
6180,2432,5,1757972950,1.0
6180,367,1,1757972950,0.2
6181,2291,4,1757972950,0.8
6181,2917,4,1757972950,0.8
6181,3477,4,1757972950,0.8
6181,480,4,1757972950,0.8
6181,377,2,1757972950,0.4
6181,2893,3,1757972950,0.6
6181,416,4,1757972950,0.8
6181,593,4,1757972950,0.8
6181,2575,3,1757972950,0.6
6181,3776,1,1757972950,0.2
6181,85,1,1757972950,0.2
6181,296,3,1757972950,0.6
6181,1816,5,1757972950,1.0
6181,3310,1,1757972950,0.2
6181,541,2,1757972950,0.4
6181,3350,1,1757972950,0.2
6181,913,3,1757972950,0.6
6181,2529,3,1757972950,0.6
6181,2280,5,1757972950,1.0
6181,2099,5,1757972950,1.0
6181,1649,1,1757972950,0.2
6181,1022,5,1757972950,1.0
6181,2863,5,1757972950,1.0
6181,3544,2,1757972950,0.4
6181,653,1,1757972950,0.2
6181,1008,3,1757972950,0.6
6181,60,4,1757972950,0.8
6181,111,5,1757972950,1.0
6182,3274,1,1757972950,0.2
6182,1270,1,1757972950,0.2
6182,3100,3,1757972950,0.6
6182,28,5,1757972950,1.0
6182,1554,4,1757972950,0.8
6182,1391,5,1757972950,1.0
6182,780,4,1757972950,0.8
6182,553,1,1757972950,0.2
6182,2403,3,1757972950,0.6
6182,3461,2,1757972950,0.4
6182,378,1,1757972950,0.2
6182,1278,2,1757972950,0.4
6182,2012,2,1757972950,0.4
6182,3550,2,1757972950,0.4
6182,2366,3,1757972950,0.6
6182,1762,3,1757972950,0.6
6182,1701,4,1757972950,0.8
6182,3175,5,1757972950,1.0
6182,1220,3,1757972950,0.6
6182,1641,5,1757972950,1.0
6182,3924,1,1757972950,0.2
6182,1378,1,1757972950,0.2
6182,608,5,1757972950,1.0
6182,2025,5,1757972950,1.0
6182,1198,3,1757972950,0.6
6182,2706,4,1757972950,0.8
6182,918,2,1757972950,0.4
6183,1299,2,1757972950,0.4
6183,3927,3,1757972950,0.6
6183,2062,2,1757972950,0.4
6183,2294,4,1757972950,0.8
6183,1610,2,1757972950,0.4
6183,2650,2,1757972950,0.4
6183,3527,4,1757972950,0.8
6183,2329,5,1757972950,1.0
6183,1408,3,1757972950,0.6
6183,500,4,1757972950,0.8
6183,3742,4,1757972950,0.8
6183,2986,2,1757972950,0.4
6183,2791,4,1757972950,0.8
6183,1602,3,1757972950,0.6
6183,3504,1,1757972950,0.2
6183,3525,5,1757972950,1.0
6183,2028,3,1757972950,0.6
6183,3328,5,1757972950,1.0
6184,3243,3,1757972950,0.6
6184,2706,1,1757972950,0.2
6184,480,1,1757972950,0.2
6184,3371,2,1757972950,0.4
6184,1573,3,1757972950,0.6
6184,1912,2,1757972950,0.4
6184,780,4,1757972950,0.8
6184,913,3,1757972950,0.6
6184,3438,2,1757972950,0.4
6184,3340,5,1757972950,1.0
6184,3081,1,1757972950,0.2
6184,3623,2,1757972950,0.4
6184,3334,2,1757972950,0.4
6184,2978,5,1757972950,1.0
6184,2908,3,1757972950,0.6
6184,1387,5,1757972950,1.0
6184,1212,2,1757972950,0.4
6184,1971,5,1757972950,1.0
6184,2329,4,1757972950,0.8
6184,296,3,1757972950,0.6
6185,2195,2,1757972950,0.4
6185,1300,1,1757972950,0.2
6185,2366,2,1757972950,0.4
6185,1210,1,1757972950,0.2
6185,1200,3,1757972950,0.6
6185,292,1,1757972950,0.2
6185,2513,3,1757972950,0.6
6185,1089,4,1757972950,0.8
6185,2245,1,1757972950,0.2
6185,1298,4,1757972950,0.8
6185,2396,1,1757972950,0.2
6185,1695,4,1757972950,0.8
6185,81,4,1757972950,0.8
6185,2013,2,1757972950,0.4
6185,2071,2,1757972950,0.4
6185,1036,4,1757972950,0.8
6185,2891,5,1757972950,1.0
6185,2644,4,1757972950,0.8
6185,1286,2,1757972950,0.4
6185,2448,1,1757972950,0.2
6185,2919,1,1757972950,0.2
6185,2144,5,1757972950,1.0
6185,1385,4,1757972950,0.8
6185,608,4,1757972950,0.8
6185,253,2,1757972950,0.4
6185,170,1,1757972950,0.2
6186,1845,3,1757972950,0.6
6186,2159,1,1757972950,0.2
6186,2717,1,1757972950,0.2
6186,3019,2,1757972950,0.4
6186,1616,4,1757972950,0.8
6186,849,2,1757972950,0.4
6186,2353,3,1757972950,0.6
6186,2532,2,1757972950,0.4
6186,2791,2,1757972950,0.4
6186,3298,3,1757972950,0.6
6186,185,2,1757972950,0.4
6186,34,4,1757972950,0.8
6186,736,3,1757972950,0.6
6186,3734,1,1757972950,0.2
6186,1513,4,1757972950,0.8
6186,2028,3,1757972950,0.6
6186,1206,1,1757972950,0.2
6186,3459,1,1757972950,0.2
6186,514,5,1757972950,1.0
6186,1259,5,1757972950,1.0
6186,1961,4,1757972950,0.8
6186,3385,3,1757972950,0.6
6186,2723,4,1757972950,0.8
6186,2949,1,1757972950,0.2
6187,318,4,1757972950,0.8
6187,3020,2,1757972950,0.4
6187,1962,4,1757972950,0.8
6187,1361,1,1757972950,0.2
6187,2366,3,1757972950,0.6
6187,3070,2,1757972950,0.4
6187,3408,1,1757972950,0.2
6187,647,5,1757972950,1.0
6187,1358,5,1757972950,1.0
6187,1614,3,1757972950,0.6
6187,377,2,1757972950,0.4
6187,2028,4,1757972950,0.8
6187,3499,1,1757972950,0.2
6187,3896,3,1757972950,0.6
6187,1603,3,1757972950,0.6
6187,1396,3,1757972950,0.6
6187,1208,3,1757972950,0.6
6187,281,3,1757972950,0.6
6187,2353,5,1757972950,1.0
6187,1246,3,1757972950,0.6
6187,1252,4,1757972950,0.8
6187,2368,5,1757972950,1.0
6187,2116,2,1757972950,0.4
6187,3608,2,1757972950,0.4
6187,2806,3,1757972950,0.6
6188,87,3,1757972950,0.6
6188,954,3,1757972950,0.6
6188,2241,4,1757972950,0.8
6188,733,3,1757972950,0.6
6188,1247,3,1757972950,0.6
6188,1208,3,1757972950,0.6
6188,172,2,1757972950,0.4
6188,1234,5,1757972950,1.0
6188,1101,2,1757972950,0.4
6188,2406,3,1757972950,0.6
6188,457,4,1757972950,0.8
6188,2090,4,1757972950,0.8
6188,3255,2,1757972950,0.4
6188,47,3,1757972950,0.6
6188,3497,3,1757972950,0.6
6188,3179,4,1757972950,0.8
6188,2038,5,1757972950,1.0
6188,1148,1,1757972950,0.2
6188,208,1,1757972950,0.2
6188,293,4,1757972950,0.8
6188,372,2,1757972950,0.4
6188,2094,3,1757972950,0.6
6188,2881,4,1757972950,0.8
6189,3316,5,1757972950,1.0
6189,3155,4,1757972950,0.8
6189,1276,1,1757972950,0.2
6189,1527,3,1757972950,0.6
6189,1393,2,1757972950,0.4
6189,3450,4,1757972950,0.8
6189,1094,2,1757972950,0.4
6189,1307,3,1757972950,0.6
6189,2088,3,1757972950,0.6
6189,70,2,1757972950,0.4
6189,2770,3,1757972950,0.6
6189,2125,3,1757972950,0.6
6189,260,4,1757972950,0.8
6189,500,1,1757972950,0.2
6189,2529,4,1757972950,0.8
6189,1327,1,1757972950,0.2
6189,2791,2,1757972950,0.4
6189,1259,4,1757972950,0.8
6189,1197,5,1757972950,1.0
6189,524,4,1757972950,0.8
6189,2707,4,1757972950,0.8
6189,3175,5,1757972950,1.0
6189,1101,4,1757972950,0.8
6189,1834,5,1757972950,1.0
6189,2442,4,1757972950,0.8
6189,852,4,1757972950,0.8
6189,2352,1,1757972950,0.2
6189,1227,5,1757972950,1.0
6190,661,2,1757972950,0.4
6190,1237,1,1757972950,0.2
6190,1278,2,1757972950,0.4
6190,1291,4,1757972950,0.8
6190,923,4,1757972950,0.8
6190,2336,5,1757972950,1.0
6190,3189,2,1757972950,0.4
6190,3250,3,1757972950,0.6
6190,2405,2,1757972950,0.4
6190,2485,4,1757972950,0.8
6190,3698,3,1757972950,0.6
6190,261,3,1757972950,0.6
6190,3070,4,1757972950,0.8
6190,1411,5,1757972950,1.0
6190,3416,2,1757972950,0.4
6190,1729,1,1757972950,0.2
6190,2396,1,1757972950,0.2
6190,1288,2,1757972950,0.4
6191,468,4,1757972950,0.8
6191,1361,1,1757972950,0.2
6191,3508,1,1757972950,0.2
6191,662,1,1757972950,0.2
6191,2346,1,1757972950,0.2
6191,1999,2,1757972950,0.4
6191,163,1,1757972950,0.2
6191,3113,1,1757972950,0.2
6191,234,5,1757972950,1.0
6191,1343,3,1757972950,0.6
6191,2028,1,1757972950,0.2
6191,1282,5,1757972950,1.0
6191,1197,5,1757972950,1.0
6191,3355,2,1757972950,0.4
6191,60,2,1757972950,0.4
6191,2731,2,1757972950,0.4
6191,2409,4,1757972950,0.8
6191,700,2,1757972950,0.4
6191,2693,4,1757972950,0.8
6191,741,1,1757972950,0.2
6191,1892,5,1757972950,1.0
6191,339,2,1757972950,0.4
6191,1320,4,1757972950,0.8
6192,3863,3,1757972950,0.6
6192,2391,5,1757972950,1.0
6192,2758,4,1757972950,0.8
6192,2078,1,1757972950,0.2
6192,1644,3,1757972950,0.6
6192,150,2,1757972950,0.4
6192,2745,4,1757972950,0.8
6192,3066,4,1757972950,0.8
6192,247,5,1757972950,1.0
6192,3545,5,1757972950,1.0
6192,1748,3,1757972950,0.6
6192,2796,2,1757972950,0.4
6192,28,1,1757972950,0.2
6192,2836,2,1757972950,0.4
6192,1833,4,1757972950,0.8
6192,1275,3,1757972950,0.6
6192,2137,4,1757972950,0.8
6193,185,3,1757972950,0.6
6193,2600,2,1757972950,0.4
6193,1624,3,1757972950,0.6
6193,1909,5,1757972950,1.0
6193,2006,4,1757972950,0.8
6193,2985,1,1757972950,0.2
6193,2245,3,1757972950,0.6
6193,344,4,1757972950,0.8
6193,2763,3,1757972950,0.6
6193,2378,4,1757972950,0.8
6193,1965,2,1757972950,0.4
6193,2130,5,1757972950,1.0
6193,1954,5,1757972950,1.0
6193,1377,5,1757972950,1.0
6193,1527,4,1757972950,0.8
6193,2193,3,1757972950,0.6
6193,2430,1,1757972950,0.2
6193,171,2,1757972950,0.4
6193,952,4,1757972950,0.8
6193,2888,5,1757972950,1.0
6193,861,1,1757972950,0.2
6193,3591,1,1757972950,0.2
6193,3510,5,1757972950,1.0
6193,2881,5,1757972950,1.0
6193,3108,4,1757972950,0.8
6194,1172,3,1757972950,0.6
6194,1283,3,1757972950,0.6
6194,1300,2,1757972950,0.4
6194,1917,4,1757972950,0.8
6194,2529,5,1757972950,1.0
6194,2539,2,1757972950,0.4
6194,2881,2,1757972950,0.4
6194,1356,4,1757972950,0.8
6194,2859,5,1757972950,1.0
6194,3689,1,1757972950,0.2
6194,1292,2,1757972950,0.4
6194,1641,5,1757972950,1.0
6194,1301,2,1757972950,0.4
6194,3704,2,1757972950,0.4
6194,1343,2,1757972950,0.4
6194,3448,4,1757972950,0.8
6194,1569,4,1757972950,0.8
6194,1345,2,1757972950,0.4
6195,1396,1,1757972950,0.2
6195,105,1,1757972950,0.2
6195,2433,1,1757972950,0.2
6195,750,5,1757972950,1.0
6195,1959,1,1757972950,0.2
6195,2115,1,1757972950,0.2
6195,3947,2,1757972950,0.4
6195,1931,4,1757972950,0.8
6195,3097,4,1757972950,0.8
6195,2321,3,1757972950,0.6
6195,1408,5,1757972950,1.0
6195,1193,4,1757972950,0.8
6195,1171,4,1757972950,0.8
6195,364,3,1757972950,0.6
6195,924,5,1757972950,1.0
6195,741,1,1757972950,0.2
6196,1488,1,1757972950,0.2
6196,208,5,1757972950,1.0
6196,2567,1,1757972950,0.2
6196,1028,1,1757972950,0.2
6196,1801,5,1757972950,1.0
6196,3535,1,1757972950,0.2
6196,994,2,1757972950,0.4
6196,3886,2,1757972950,0.4
6196,2145,1,1757972950,0.2
6196,1263,4,1757972950,0.8
6196,50,4,1757972950,0.8
6196,1356,1,1757972950,0.2
6196,300,4,1757972950,0.8
6196,1610,3,1757972950,0.6
6196,1916,5,1757972950,1.0
6196,2303,2,1757972950,0.4
6196,350,5,1757972950,1.0
6196,491,4,1757972950,0.8
6196,945,2,1757972950,0.4
6196,3418,4,1757972950,0.8
6196,45,3,1757972950,0.6
6196,1635,2,1757972950,0.4
6196,593,4,1757972950,0.8
6196,2424,2,1757972950,0.4
6196,1224,3,1757972950,0.6
6197,249,2,1757972950,0.4
6197,20,3,1757972950,0.6
6197,3723,3,1757972950,0.6
6197,610,2,1757972950,0.4
6197,3301,4,1757972950,0.8
6197,848,5,1757972950,1.0
6197,596,2,1757972950,0.4
6197,1409,5,1757972950,1.0
6197,936,5,1757972950,1.0
6197,635,4,1757972950,0.8
6197,260,1,1757972950,0.2
6197,1610,2,1757972950,0.4
6197,3706,1,1757972950,0.2
6197,3806,1,1757972950,0.2
6197,1954,3,1757972950,0.6
6197,3418,4,1757972950,0.8
6197,1513,5,1757972950,1.0
6197,44,4,1757972950,0.8
6197,1923,1,1757972950,0.2
6197,2858,1,1757972950,0.2
6197,474,1,1757972950,0.2
6197,1066,4,1757972950,0.8
6198,2947,3,1757972950,0.6
6198,589,4,1757972950,0.8
6198,2085,3,1757972950,0.6
6198,2138,1,1757972950,0.2
6198,1372,5,1757972950,1.0
6198,866,1,1757972950,0.2
6198,527,3,1757972950,0.6
6198,1732,4,1757972950,0.8
6198,1265,2,1757972950,0.4
6198,541,1,1757972950,0.2
6198,3795,4,1757972950,0.8
6198,1441,1,1757972950,0.2
6198,1948,4,1757972950,0.8
6198,3029,4,1757972950,0.8
6198,1094,1,1757972950,0.2
6198,2474,4,1757972950,0.8
6198,2852,3,1757972950,0.6
6198,2763,4,1757972950,0.8
6198,1617,3,1757972950,0.6
6198,1430,4,1757972950,0.8
6198,1021,2,1757972950,0.4
6198,1095,2,1757972950,0.4
6199,1603,2,1757972950,0.4
6199,2090,3,1757972950,0.6
6199,1304,4,1757972950,0.8
6199,362,1,1757972950,0.2
6199,112,5,1757972950,1.0
6199,3751,1,1757972950,0.2
6199,1231,1,1757972950,0.2
6199,1291,1,1757972950,0.2
6199,1393,3,1757972950,0.6
6199,3555,5,1757972950,1.0
6199,431,3,1757972950,0.6
6199,924,5,1757972950,1.0
6199,300,5,1757972950,1.0
6199,1387,5,1757972950,1.0
6199,2718,3,1757972950,0.6
6199,1569,3,1757972950,0.6
6199,599,2,1757972950,0.4
6199,1799,2,1757972950,0.4
6199,1597,1,1757972950,0.2
6199,1275,2,1757972950,0.4
6199,1035,4,1757972950,0.8
6199,2303,3,1757972950,0.6
6199,3584,2,1757972950,0.4
6199,2311,2,1757972950,0.4
6199,2348,4,1757972950,0.8
6199,1246,3,1757972950,0.6
6200,1975,5,1757972950,1.0
6200,1041,3,1757972950,0.6
6200,2000,4,1757972950,0.8
6200,2700,3,1757972950,0.6
6200,2306,1,1757972950,0.2
6200,89,2,1757972950,0.4
6200,3600,2,1757972950,0.4
6200,2371,5,1757972950,1.0
6200,236,5,1757972950,1.0
6200,1678,2,1757972950,0.4
6200,2599,1,1757972950,0.2
6200,942,2,1757972950,0.4
6200,3471,4,1757972950,0.8
6200,2716,5,1757972950,1.0
6200,2583,2,1757972950,0.4
6200,3798,4,1757972950,0.8
6200,3105,5,1757972950,1.0
6200,3916,2,1757972950,0.4
6200,3176,5,1757972950,1.0
6200,2768,3,1757972950,0.6
6200,1594,3,1757972950,0.6
6200,233,3,1757972950,0.6
6200,1994,1,1757972950,0.2
6200,1345,1,1757972950,0.2
6200,866,5,1757972950,1.0
6200,6,4,1757972950,0.8
6200,2671,5,1757972950,1.0
6200,3081,2,1757972950,0.4
6201,2427,5,1757972950,1.0
6201,3148,2,1757972950,0.4
6201,1799,5,1757972950,1.0
6201,2395,4,1757972950,0.8
6201,593,3,1757972950,0.6
6201,454,3,1757972950,0.6
6201,233,1,1757972950,0.2
6201,442,1,1757972950,0.2
6201,1183,4,1757972950,0.8
6201,1923,2,1757972950,0.4
6201,64,2,1757972950,0.4
6201,2944,4,1757972950,0.8
6201,2406,1,1757972950,0.2
6201,69,1,1757972950,0.2
6202,296,3,1757972950,0.6
6202,1779,3,1757972950,0.6
6202,2795,1,1757972950,0.2
6202,1264,3,1757972950,0.6
6202,999,4,1757972950,0.8
6202,1214,3,1757972950,0.6
6202,256,3,1757972950,0.6
6202,2455,5,1757972950,1.0
6202,2206,3,1757972950,0.6
6202,3286,4,1757972950,0.8
6202,3450,4,1757972950,0.8
6202,52,2,1757972950,0.4
6202,2424,1,1757972950,0.2
6202,2628,5,1757972950,1.0
6202,2723,4,1757972950,0.8
6202,1499,1,1757972950,0.2
6202,11,3,1757972950,0.6
6202,1240,5,1757972950,1.0
6202,3181,2,1757972950,0.4
6203,1350,2,1757972950,0.4
6203,1377,1,1757972950,0.2
6203,1965,2,1757972950,0.4
6203,2717,4,1757972950,0.8
6203,147,4,1757972950,0.8
6203,1274,3,1757972950,0.6
6203,2804,1,1757972950,0.2
6203,1019,4,1757972950,0.8
6203,3698,3,1757972950,0.6
6203,3066,2,1757972950,0.4
6203,2916,2,1757972950,0.4
6203,2542,2,1757972950,0.4
6203,1251,1,1757972950,0.2
6203,3526,4,1757972950,0.8
6203,1459,3,1757972950,0.6
6203,1266,5,1757972950,1.0
6203,1617,2,1757972950,0.4
6203,1370,3,1757972950,0.6
6203,2316,2,1757972950,0.4
6203,801,3,1757972950,0.6
6203,2355,4,1757972950,0.8
6203,2761,3,1757972950,0.6
6204,1527,3,1757972950,0.6
6204,2012,4,1757972950,0.8
6204,1608,2,1757972950,0.4
6204,1088,1,1757972950,0.2
6204,2951,2,1757972950,0.4
6204,2009,2,1757972950,0.4
6204,1968,3,1757972950,0.6
6204,2683,1,1757972950,0.2
6204,2739,5,1757972950,1.0
6204,1269,1,1757972950,0.2
6204,3514,1,1757972950,0.2
6204,1552,3,1757972950,0.6
6204,3506,5,1757972950,1.0
6204,920,4,1757972950,0.8
6204,2174,2,1757972950,0.4
6204,2900,5,1757972950,1.0
6204,1222,4,1757972950,0.8
6204,3263,3,1757972950,0.6
6204,3,2,1757972950,0.4
6204,10,2,1757972950,0.4
6204,3256,3,1757972950,0.6
6204,1902,3,1757972950,0.6
6204,3362,2,1757972950,0.4
6205,2291,3,1757972950,0.6
6205,1265,2,1757972950,0.4
6205,2837,5,1757972950,1.0
6205,2990,2,1757972950,0.4
6205,593,5,1757972950,1.0
6205,1674,5,1757972950,1.0
6205,3615,3,1757972950,0.6
6205,1129,1,1757972950,0.2
6205,308,2,1757972950,0.4
6205,954,5,1757972950,1.0
6205,3072,4,1757972950,0.8
6205,2085,1,1757972950,0.2
6205,2138,4,1757972950,0.8
6205,3544,5,1757972950,1.0
6206,3565,1,1757972950,0.2
6206,514,2,1757972950,0.4
6206,1238,2,1757972950,0.4
6206,1610,5,1757972950,1.0
6206,2401,3,1757972950,0.6
6206,2736,1,1757972950,0.2
6206,3435,5,1757972950,1.0
6206,3386,4,1757972950,0.8
6206,2710,2,1757972950,0.4
6206,2212,2,1757972950,0.4
6206,356,1,1757972950,0.2
6206,2841,4,1757972950,0.8
6206,1721,4,1757972950,0.8
6206,1233,5,1757972950,1.0
6206,1911,1,1757972950,0.2
6207,2391,2,1757972950,0.4
6207,2918,5,1757972950,1.0
6207,1580,3,1757972950,0.6
6207,2968,2,1757972950,0.4
6207,907,4,1757972950,0.8
6207,3260,5,1757972950,1.0
6207,3754,3,1757972950,0.6
6207,1427,4,1757972950,0.8
6207,953,3,1757972950,0.6
6207,1909,2,1757972950,0.4
6207,1429,4,1757972950,0.8
6207,2613,2,1757972950,0.4
6207,2804,5,1757972950,1.0
6207,1529,3,1757972950,0.6
6207,2541,4,1757972950,0.8
6207,1203,1,1757972950,0.2
6207,3705,2,1757972950,0.4
6207,924,1,1757972950,0.2
6207,1261,5,1757972950,1.0
6207,1189,1,1757972950,0.2
6207,1283,3,1757972950,0.6
6207,1035,5,1757972950,1.0
6208,435,2,1757972950,0.4
6208,2622,5,1757972950,1.0
6208,351,5,1757972950,1.0
6208,3484,1,1757972950,0.2
6208,2858,3,1757972950,0.6
6208,2761,1,1757972950,0.2
6208,3266,2,1757972950,0.4
6208,70,1,1757972950,0.2
6208,1210,4,1757972950,0.8
6208,2565,3,1757972950,0.6
6208,1036,4,1757972950,0.8
6208,1639,1,1757972950,0.2
6208,920,5,1757972950,1.0
6208,1344,4,1757972950,0.8
6208,3524,3,1757972950,0.6
6208,2976,2,1757972950,0.4
6208,1417,2,1757972950,0.4
6209,1249,5,1757972950,1.0
6209,2793,3,1757972950,0.6
6209,1284,4,1757972950,0.8
6209,3715,2,1757972950,0.4
6209,2013,1,1757972950,0.2
6209,3175,3,1757972950,0.6
6209,3701,4,1757972950,0.8
6209,1639,4,1757972950,0.8
6209,2761,3,1757972950,0.6
6209,1906,2,1757972950,0.4
6209,3578,4,1757972950,0.8
6209,3114,2,1757972950,0.4
6209,3614,1,1757972950,0.2
6209,1590,1,1757972950,0.2
6209,541,1,1757972950,0.2
6209,1104,3,1757972950,0.6
6209,494,5,1757972950,1.0
6209,1876,5,1757972950,1.0
6209,3659,4,1757972950,0.8
6209,1270,2,1757972950,0.4
6209,330,5,1757972950,1.0
6210,1273,3,1757972950,0.6
6210,1391,3,1757972950,0.6
6210,2417,1,1757972950,0.2
6210,2353,1,1757972950,0.2
6210,2390,3,1757972950,0.6
6210,2723,4,1757972950,0.8
6210,936,4,1757972950,0.8
6210,1220,1,1757972950,0.2
6210,3101,5,1757972950,1.0
6210,2054,3,1757972950,0.6
6210,223,3,1757972950,0.6
6210,3,1,1757972950,0.2
6210,3809,2,1757972950,0.4
6210,2858,2,1757972950,0.4
6210,2949,5,1757972950,1.0
6210,3159,1,1757972950,0.2
6210,1523,4,1757972950,0.8
6210,2571,1,1757972950,0.2
6210,345,1,1757972950,0.2
6210,2792,1,1757972950,0.2
6210,1073,2,1757972950,0.4
6210,25,5,1757972950,1.0
6210,480,3,1757972950,0.6
6210,3441,3,1757972950,0.6
6210,2113,3,1757972950,0.6
6210,3916,2,1757972950,0.4
6211,2710,3,1757972950,0.6
6211,3032,1,1757972950,0.2
6211,1277,2,1757972950,0.4
6211,2519,3,1757972950,0.6
6211,349,3,1757972950,0.6
6211,2450,4,1757972950,0.8
6211,2181,3,1757972950,0.6
6211,2628,5,1757972950,1.0
6211,3397,5,1757972950,1.0
6211,1961,4,1757972950,0.8
6211,590,2,1757972950,0.4
6211,2485,3,1757972950,0.6
6211,2005,2,1757972950,0.4
6211,426,5,1757972950,1.0
6211,1393,1,1757972950,0.2
6211,3476,4,1757972950,0.8
6211,1573,1,1757972950,0.2
6211,3418,5,1757972950,1.0
6211,648,3,1757972950,0.6
6212,1694,4,1757972950,0.8
6212,1094,5,1757972950,1.0
6212,1374,2,1757972950,0.4
6212,1945,4,1757972950,0.8
6212,1876,5,1757972950,1.0
6212,364,2,1757972950,0.4
6212,1266,1,1757972950,0.2
6212,783,2,1757972950,0.4
6212,93,5,1757972950,1.0
6212,1217,5,1757972950,1.0
6212,3875,2,1757972950,0.4
6212,3701,2,1757972950,0.4
6212,3593,2,1757972950,0.4
6212,3152,4,1757972950,0.8
6212,2009,1,1757972950,0.2
6212,910,2,1757972950,0.4
6212,1247,3,1757972950,0.6
6212,1089,4,1757972950,0.8
6212,1833,2,1757972950,0.4
6212,514,1,1757972950,0.2
6212,2617,2,1757972950,0.4
6212,3175,1,1757972950,0.2
6212,3114,4,1757972950,0.8
6212,3404,1,1757972950,0.2
6212,2956,4,1757972950,0.8
6212,2858,3,1757972950,0.6
6212,3730,4,1757972950,0.8
6212,1696,1,1757972950,0.2
6212,2505,2,1757972950,0.4
6213,2746,2,1757972950,0.4
6213,994,5,1757972950,1.0
6213,3175,3,1757972950,0.6
6213,314,1,1757972950,0.2
6213,1721,1,1757972950,0.2
6213,1461,2,1757972950,0.4
6213,1301,4,1757972950,0.8
6213,457,4,1757972950,0.8
6213,480,3,1757972950,0.6
6213,509,4,1757972950,0.8
6213,1294,2,1757972950,0.4
6213,329,5,1757972950,1.0
6213,2890,2,1757972950,0.4
6213,2361,5,1757972950,1.0
6213,3185,4,1757972950,0.8
6214,1240,3,1757972950,0.6
6214,1645,1,1757972950,0.2
6214,2883,4,1757972950,0.8
6214,596,3,1757972950,0.6
6214,1414,5,1757972950,1.0
6214,367,4,1757972950,0.8
6214,908,5,1757972950,1.0
6214,2490,4,1757972950,0.8
6214,1285,3,1757972950,0.6
6214,1840,4,1757972950,0.8
6214,592,1,1757972950,0.2
6214,2289,4,1757972950,0.8
6214,1479,4,1757972950,0.8
6214,45,1,1757972950,0.2
6214,3578,5,1757972950,1.0
6214,2336,2,1757972950,0.4
6214,866,4,1757972950,0.8
6215,1378,3,1757972950,0.6
6215,2599,4,1757972950,0.8
6215,2010,5,1757972950,1.0
6215,2826,5,1757972950,1.0
6215,2769,1,1757972950,0.2
6215,3102,3,1757972950,0.6
6215,2693,1,1757972950,0.2
6215,3108,5,1757972950,1.0
6215,2724,5,1757972950,1.0
6215,50,1,1757972950,0.2
6215,920,4,1757972950,0.8
6215,2076,4,1757972950,0.8
6215,2322,5,1757972950,1.0
6215,741,4,1757972950,0.8
6215,534,3,1757972950,0.6
6215,1586,5,1757972950,1.0
6215,3489,2,1757972950,0.4
6215,337,1,1757972950,0.2
6215,1276,3,1757972950,0.6
6215,2321,5,1757972950,1.0
6215,2858,2,1757972950,0.4
6215,421,2,1757972950,0.4
6215,3396,3,1757972950,0.6
6215,1097,1,1757972950,0.2
6216,3273,1,1757972950,0.2
6216,2694,4,1757972950,0.8
6216,832,1,1757972950,0.2
6216,2940,4,1757972950,0.8
6216,3896,1,1757972950,0.2
6216,3617,3,1757972950,0.6
6216,1250,1,1757972950,0.2
6216,2867,5,1757972950,1.0
6216,2240,4,1757972950,0.8
6216,3255,1,1757972950,0.2
6216,587,1,1757972950,0.2
6216,2194,3,1757972950,0.6
6216,1517,1,1757972950,0.2
6216,100,3,1757972950,0.6
6216,938,2,1757972950,0.4
6216,2863,5,1757972950,1.0
6216,923,2,1757972950,0.4
6217,2081,4,1757972950,0.8
6217,3363,3,1757972950,0.6
6217,380,2,1757972950,0.4
6217,1041,5,1757972950,1.0
6217,802,3,1757972950,0.6
6217,436,4,1757972950,0.8
6217,1042,5,1757972950,1.0
6217,3414,2,1757972950,0.4
6217,3060,2,1757972950,0.4
6217,342,1,1757972950,0.2
6217,3359,3,1757972950,0.6
6217,3753,4,1757972950,0.8
6217,2089,5,1757972950,1.0
6217,1573,4,1757972950,0.8
6217,69,1,1757972950,0.2
6217,3418,1,1757972950,0.2
6217,3362,3,1757972950,0.6
6217,3328,5,1757972950,1.0
6217,356,1,1757972950,0.2
6217,3155,3,1757972950,0.6
6217,1084,2,1757972950,0.4
6217,529,4,1757972950,0.8
6217,2528,3,1757972950,0.6
6217,3805,1,1757972950,0.2
6217,2302,4,1757972950,0.8
6217,2028,2,1757972950,0.4
6218,1582,5,1757972950,1.0
6218,1293,5,1757972950,1.0
6218,2144,2,1757972950,0.4
6218,3685,3,1757972950,0.6
6218,1196,4,1757972950,0.8
6218,2541,3,1757972950,0.6
6218,3421,2,1757972950,0.4
6218,1271,1,1757972950,0.2
6218,1865,4,1757972950,0.8
6218,2376,4,1757972950,0.8
6218,1584,4,1757972950,0.8
6218,1279,5,1757972950,1.0
6218,1641,2,1757972950,0.4
6218,3764,3,1757972950,0.6
6218,356,3,1757972950,0.6
6218,3793,1,1757972950,0.2
6218,2616,5,1757972950,1.0
6218,3438,5,1757972950,1.0
6218,2549,1,1757972950,0.2
6219,380,1,1757972950,0.2
6219,2877,3,1757972950,0.6
6219,50,2,1757972950,0.4
6219,2115,1,1757972950,0.2
6219,2916,3,1757972950,0.6
6219,2090,3,1757972950,0.6
6219,1972,3,1757972950,0.6
6219,1225,2,1757972950,0.4
6219,1347,4,1757972950,0.8
6219,3686,1,1757972950,0.2
6219,709,2,1757972950,0.4
6219,1356,1,1757972950,0.2
6219,11,5,1757972950,1.0
6219,1210,2,1757972950,0.4
6219,3809,4,1757972950,0.8
6219,3471,3,1757972950,0.6
6219,2786,4,1757972950,0.8
6219,867,1,1757972950,0.2
6219,1689,2,1757972950,0.4
6219,43,3,1757972950,0.6
6219,1214,1,1757972950,0.2
6219,3254,3,1757972950,0.6
6219,3481,3,1757972950,0.6
6219,913,5,1757972950,1.0
6219,631,5,1757972950,1.0
6219,2571,2,1757972950,0.4
6219,2502,2,1757972950,0.4
6220,1625,4,1757972950,0.8
6220,1199,4,1757972950,0.8
6220,292,1,1757972950,0.2
6220,3438,1,1757972950,0.2
6220,1276,5,1757972950,1.0
6220,1839,5,1757972950,1.0
6220,1645,4,1757972950,0.8
6220,364,2,1757972950,0.4
6220,551,3,1757972950,0.6
6220,3552,4,1757972950,0.8
6220,1580,4,1757972950,0.8
6220,1970,2,1757972950,0.4
6220,599,2,1757972950,0.4
6220,2285,3,1757972950,0.6
6220,1566,5,1757972950,1.0
6220,2723,4,1757972950,0.8
6220,3709,1,1757972950,0.2
6220,2065,1,1757972950,0.2
6221,1225,2,1757972950,0.4
6221,2393,4,1757972950,0.8
6221,95,4,1757972950,0.8
6221,1954,5,1757972950,1.0
6221,3418,3,1757972950,0.6
6221,173,4,1757972950,0.8
6221,1219,3,1757972950,0.6
6221,1265,2,1757972950,0.4
6221,3285,4,1757972950,0.8
6221,1754,2,1757972950,0.4
6221,1077,4,1757972950,0.8
6221,3685,3,1757972950,0.6
6221,1917,1,1757972950,0.2
6221,3274,1,1757972950,0.2
6221,1562,2,1757972950,0.4
6221,2409,3,1757972950,0.6
6221,1894,3,1757972950,0.6
6221,2333,4,1757972950,0.8
6221,2987,4,1757972950,0.8
6222,2115,5,1757972950,1.0
6222,2630,4,1757972950,0.8
6222,461,5,1757972950,1.0
6222,2702,4,1757972950,0.8
6222,5,2,1757972950,0.4
6222,1219,4,1757972950,0.8
6222,2942,3,1757972950,0.6
6222,434,3,1757972950,0.6
6222,3408,5,1757972950,1.0
6222,1291,3,1757972950,0.6
6222,2505,1,1757972950,0.2
6222,69,4,1757972950,0.8
6222,2622,5,1757972950,1.0
6222,1350,1,1757972950,0.2
6222,3445,3,1757972950,0.6
6222,1223,4,1757972950,0.8
6222,3906,2,1757972950,0.4
6222,2023,2,1757972950,0.4
6222,2144,1,1757972950,0.2
6222,494,1,1757972950,0.2
6222,3932,1,1757972950,0.2
6222,528,5,1757972950,1.0
6222,2921,4,1757972950,0.8
6222,1533,4,1757972950,0.8
6222,976,4,1757972950,0.8
6223,1411,5,1757972950,1.0
6223,480,5,1757972950,1.0
6223,1378,4,1757972950,0.8
6223,3457,3,1757972950,0.6
6223,1247,3,1757972950,0.6
6223,372,4,1757972950,0.8
6223,318,5,1757972950,1.0
6223,2348,2,1757972950,0.4
6223,3448,1,1757972950,0.2
6223,2555,5,1757972950,1.0
6223,2997,3,1757972950,0.6
6223,2746,1,1757972950,0.2
6223,2858,1,1757972950,0.2
6223,2011,5,1757972950,1.0
6223,1658,3,1757972950,0.6
6223,2918,2,1757972950,0.4
6223,2613,3,1757972950,0.6
6223,2571,2,1757972950,0.4
6223,2393,1,1757972950,0.2
6223,3298,3,1757972950,0.6
6224,112,3,1757972950,0.6
6224,3252,3,1757972950,0.6
6224,2296,4,1757972950,0.8
6224,716,3,1757972950,0.6
6224,2490,1,1757972950,0.2
6224,3838,1,1757972950,0.2
6224,2779,1,1757972950,0.2
6224,1953,3,1757972950,0.6
6224,736,3,1757972950,0.6
6224,111,5,1757972950,1.0
6224,2496,3,1757972950,0.6
6224,462,3,1757972950,0.6
6224,3675,5,1757972950,1.0
6224,3617,3,1757972950,0.6
6224,1209,5,1757972950,1.0
6224,1285,3,1757972950,0.6
6224,1196,2,1757972950,0.4
6224,2988,5,1757972950,1.0
6224,1862,4,1757972950,0.8
6225,2268,3,1757972950,0.6
6225,1196,5,1757972950,1.0
6225,1191,4,1757972950,0.8
6225,3060,5,1757972950,1.0
6225,786,5,1757972950,1.0
6225,2248,1,1757972950,0.2
6225,1586,1,1757972950,0.2
6225,866,2,1757972950,0.4
6225,1375,2,1757972950,0.4
6225,2541,1,1757972950,0.2
6225,1380,5,1757972950,1.0
6225,253,3,1757972950,0.6
6225,1297,2,1757972950,0.4
6225,1644,3,1757972950,0.6
6225,2396,4,1757972950,0.8
6225,2144,5,1757972950,1.0
6225,608,4,1757972950,0.8
6225,3268,2,1757972950,0.4
6226,3175,1,1757972950,0.2
6226,3033,3,1757972950,0.6
6226,1175,4,1757972950,0.8
6226,858,1,1757972950,0.2
6226,417,2,1757972950,0.4
6226,596,2,1757972950,0.4
6226,3471,3,1757972950,0.6
6226,3893,4,1757972950,0.8
6226,2413,2,1757972950,0.4
6226,85,3,1757972950,0.6
6226,316,2,1757972950,0.4
6226,2126,5,1757972950,1.0
6226,909,5,1757972950,1.0
6226,265,1,1757972950,0.2
6226,2700,1,1757972950,0.2
6226,1785,3,1757972950,0.6
6226,2406,2,1757972950,0.4
6226,2019,4,1757972950,0.8
6226,104,4,1757972950,0.8
6226,1298,1,1757972950,0.2
6226,1320,3,1757972950,0.6
6226,1208,1,1757972950,0.2
6226,196,5,1757972950,1.0
6226,432,4,1757972950,0.8
6226,994,4,1757972950,0.8
6227,2478,5,1757972950,1.0
6227,1372,1,1757972950,0.2
6227,3094,3,1757972950,0.6
6227,2730,4,1757972950,0.8
6227,1375,5,1757972950,1.0
6227,3753,4,1757972950,0.8
6227,588,2,1757972950,0.4
6227,1200,4,1757972950,0.8
6227,1673,1,1757972950,0.2
6227,2571,4,1757972950,0.8
6227,349,4,1757972950,0.8
6227,2140,3,1757972950,0.6
6227,3452,5,1757972950,1.0
6227,2067,2,1757972950,0.4
6227,2145,3,1757972950,0.6
6227,2413,1,1757972950,0.2
6227,2991,3,1757972950,0.6
6227,2009,4,1757972950,0.8
6227,426,1,1757972950,0.2
6227,3654,4,1757972950,0.8
6227,173,4,1757972950,0.8
6228,207,1,1757972950,0.2
6228,17,4,1757972950,0.8
6228,710,4,1757972950,0.8
6228,1220,2,1757972950,0.4
6228,1544,3,1757972950,0.6
6228,3714,1,1757972950,0.2
6228,2336,4,1757972950,0.8
6228,1912,1,1757972950,0.2
6228,3308,1,1757972950,0.2
6228,1573,3,1757972950,0.6
6228,1210,3,1757972950,0.6
6228,2997,2,1757972950,0.4
6228,1580,4,1757972950,0.8
6228,2046,3,1757972950,0.6
6228,1999,4,1757972950,0.8
6228,1414,5,1757972950,1.0
6228,2513,5,1757972950,1.0
6228,2118,3,1757972950,0.6
6228,1266,2,1757972950,0.4
6228,2396,3,1757972950,0.6
6229,1544,4,1757972950,0.8
6229,2762,3,1757972950,0.6
6229,1210,2,1757972950,0.4
6229,2763,4,1757972950,0.8
6229,1688,3,1757972950,0.6
6229,1080,3,1757972950,0.6
6229,1060,3,1757972950,0.6
6229,1562,5,1757972950,1.0
6229,2253,5,1757972950,1.0
6229,3300,2,1757972950,0.4
6229,2407,2,1757972950,0.4
6229,2915,3,1757972950,0.6
6229,3489,3,1757972950,0.6
6229,3697,5,1757972950,1.0
6229,1457,3,1757972950,0.6
6229,2034,1,1757972950,0.2
6229,3249,4,1757972950,0.8
6229,1270,1,1757972950,0.2
6230,1190,4,1757972950,0.8
6230,490,3,1757972950,0.6
6230,886,3,1757972950,0.6
6230,2553,5,1757972950,1.0
6230,267,4,1757972950,0.8
6230,1673,3,1757972950,0.6
6230,3710,3,1757972950,0.6
6230,3751,1,1757972950,0.2
6230,1594,1,1757972950,0.2
6230,3865,4,1757972950,0.8
6230,1235,4,1757972950,0.8
6230,2123,4,1757972950,0.8
6230,3462,5,1757972950,1.0
6230,1127,5,1757972950,1.0
6231,1396,4,1757972950,0.8
6231,3300,5,1757972950,1.0
6231,2028,1,1757972950,0.2
6231,3395,4,1757972950,0.8
6231,3470,3,1757972950,0.6
6231,919,2,1757972950,0.4
6231,1968,5,1757972950,1.0
6231,1387,1,1757972950,0.2
6231,694,3,1757972950,0.6
6231,2796,4,1757972950,0.8
6231,111,2,1757972950,0.4
6231,1615,2,1757972950,0.4
6231,466,4,1757972950,0.8
6231,2965,3,1757972950,0.6
6231,3398,3,1757972950,0.6
6231,1754,2,1757972950,0.4
6232,539,4,1757972950,0.8
6232,474,4,1757972950,0.8
6232,2688,5,1757972950,1.0
6232,2746,1,1757972950,0.2
6232,3013,1,1757972950,0.2
6232,1283,1,1757972950,0.2
6232,597,4,1757972950,0.8
6232,224,4,1757972950,0.8
6232,2081,4,1757972950,0.8
6232,2706,2,1757972950,0.4
6232,2959,2,1757972950,0.4
6232,2239,4,1757972950,0.8
6232,2395,3,1757972950,0.6
6232,1962,3,1757972950,0.6
6232,1282,4,1757972950,0.8
6232,3204,3,1757972950,0.6
6232,2427,5,1757972950,1.0
6232,3342,3,1757972950,0.6
6232,1094,3,1757972950,0.6
6232,95,2,1757972950,0.4
6232,1172,1,1757972950,0.2
6232,2424,5,1757972950,1.0
6232,903,1,1757972950,0.2
6232,196,3,1757972950,0.6
6232,2917,2,1757972950,0.4
6232,587,3,1757972950,0.6
6232,3564,5,1757972950,1.0
6232,2511,1,1757972950,0.2
6232,1376,2,1757972950,0.4
6232,2712,4,1757972950,0.8
6233,2318,3,1757972950,0.6
6233,3751,2,1757972950,0.4
6233,3155,5,1757972950,1.0
6233,1916,1,1757972950,0.2
6233,480,1,1757972950,0.2
6233,3516,4,1757972950,0.8
6233,2733,2,1757972950,0.4
6233,2000,5,1757972950,1.0
6233,2335,3,1757972950,0.6
6233,3006,2,1757972950,0.4
6233,1580,2,1757972950,0.4
6233,2788,2,1757972950,0.4
6233,724,3,1757972950,0.6
6233,246,3,1757972950,0.6
6233,446,3,1757972950,0.6
6233,112,4,1757972950,0.8
6233,204,3,1757972950,0.6
6233,39,2,1757972950,0.4
6233,608,2,1757972950,0.4
6233,1233,5,1757972950,1.0
6233,2458,5,1757972950,1.0
6233,2143,5,1757972950,1.0
6234,2908,5,1757972950,1.0
6234,236,3,1757972950,0.6
6234,2571,5,1757972950,1.0
6234,3208,1,1757972950,0.2
6234,3844,3,1757972950,0.6
6234,951,3,1757972950,0.6
6234,611,2,1757972950,0.4
6234,1408,1,1757972950,0.2
6234,3016,2,1757972950,0.4
6234,2701,5,1757972950,1.0
6234,1296,2,1757972950,0.4
6234,1917,5,1757972950,1.0
6234,60,4,1757972950,0.8
6234,3868,4,1757972950,0.8
6234,1103,4,1757972950,0.8
6234,1556,4,1757972950,0.8
6234,3177,5,1757972950,1.0
6234,3728,3,1757972950,0.6
6234,1252,4,1757972950,0.8
6234,552,4,1757972950,0.8
6234,1007,2,1757972950,0.4
6234,2628,5,1757972950,1.0
6234,2000,2,1757972950,0.4
6234,593,4,1757972950,0.8
6234,15,2,1757972950,0.4
6235,3426,5,1757972950,1.0
6235,3365,3,1757972950,0.6
6235,2628,5,1757972950,1.0
6235,2116,4,1757972950,0.8
6235,1186,5,1757972950,1.0
6235,1307,1,1757972950,0.2
6235,1391,1,1757972950,0.2
6235,1210,5,1757972950,1.0
6235,1245,1,1757972950,0.2
6235,2112,5,1757972950,1.0
6235,2100,3,1757972950,0.6
6235,2688,4,1757972950,0.8
6235,1200,5,1757972950,1.0
6235,1104,2,1757972950,0.4
6235,3703,4,1757972950,0.8
6235,344,2,1757972950,0.4
6235,441,2,1757972950,0.4
6236,1973,1,1757972950,0.2
6236,788,3,1757972950,0.6
6236,1591,5,1757972950,1.0
6236,1270,3,1757972950,0.6
6236,1586,3,1757972950,0.6
6236,2174,5,1757972950,1.0
6236,908,5,1757972950,1.0
6236,3340,1,1757972950,0.2
6236,919,3,1757972950,0.6
6236,3831,3,1757972950,0.6
6236,1060,5,1757972950,1.0
6236,1376,2,1757972950,0.4
6236,3052,3,1757972950,0.6
6236,368,4,1757972950,0.8
6236,1407,5,1757972950,1.0
6236,1447,5,1757972950,1.0
6236,2762,4,1757972950,0.8
6236,2321,4,1757972950,0.8
6236,1136,1,1757972950,0.2
6236,272,2,1757972950,0.4
6236,1258,1,1757972950,0.2
6236,3418,1,1757972950,0.2
6236,373,4,1757972950,0.8
6237,474,2,1757972950,0.4
6237,180,4,1757972950,0.8
6237,1250,2,1757972950,0.4
6237,1089,3,1757972950,0.6
6237,21,1,1757972950,0.2
6237,1200,3,1757972950,0.6
6237,1079,4,1757972950,0.8
6237,2142,4,1757972950,0.8
6237,423,2,1757972950,0.4
6237,2977,3,1757972950,0.6
6237,1240,1,1757972950,0.2
6237,1097,3,1757972950,0.6
6237,1748,4,1757972950,0.8
6237,924,2,1757972950,0.4
6237,2252,3,1757972950,0.6
6237,2416,5,1757972950,1.0
6237,3168,3,1757972950,0.6
6237,2990,3,1757972950,0.6
6237,2722,1,1757972950,0.2
6237,1459,1,1757972950,0.2
6237,1271,2,1757972950,0.4
6237,3740,1,1757972950,0.2
6237,2700,5,1757972950,1.0
6237,3000,3,1757972950,0.6
6237,491,5,1757972950,1.0
6237,2321,4,1757972950,0.8
6237,1129,1,1757972950,0.2
6238,1129,4,1757972950,0.8
6238,1288,3,1757972950,0.6
6238,1083,1,1757972950,0.2
6238,2374,2,1757972950,0.4
6238,1225,4,1757972950,0.8
6238,2628,1,1757972950,0.2
6238,2662,1,1757972950,0.2
6238,1092,1,1757972950,0.2
6238,2435,5,1757972950,1.0
6238,1646,3,1757972950,0.6
6238,2138,3,1757972950,0.6
6238,509,5,1757972950,1.0
6238,34,1,1757972950,0.2
6238,3152,1,1757972950,0.2
6238,260,2,1757972950,0.4
6238,1627,3,1757972950,0.6
6238,2346,2,1757972950,0.4
6238,1249,2,1757972950,0.4
6238,2394,4,1757972950,0.8
6238,3101,3,1757972950,0.6
6238,355,2,1757972950,0.4
6238,919,4,1757972950,0.8
6238,1265,2,1757972950,0.4
6238,1194,5,1757972950,1.0
6238,736,1,1757972950,0.2
6238,3700,3,1757972950,0.6
6238,2858,3,1757972950,0.6
6238,708,1,1757972950,0.2
6238,168,1,1757972950,0.2
6238,3454,1,1757972950,0.2
6238,3685,2,1757972950,0.4
6238,2419,4,1757972950,0.8
6238,1,3,1757972950,0.6
6238,2294,4,1757972950,0.8
6239,718,2,1757972950,0.4
6239,3712,5,1757972950,1.0
6239,3753,2,1757972950,0.4
6239,3616,4,1757972950,0.8
6239,546,3,1757972950,0.6
6239,185,5,1757972950,1.0
6239,1267,1,1757972950,0.2
6239,1265,2,1757972950,0.4
6239,3551,4,1757972950,0.8
6239,1090,4,1757972950,0.8
6239,3727,3,1757972950,0.6
6239,34,1,1757972950,0.2
6239,919,1,1757972950,0.2
6239,1032,3,1757972950,0.6
6239,3267,3,1757972950,0.6
6239,780,3,1757972950,0.6
6239,724,3,1757972950,0.6
6240,3783,1,1757972950,0.2
6240,2840,2,1757972950,0.4
6240,1408,2,1757972950,0.4
6240,898,1,1757972950,0.2
6240,1945,3,1757972950,0.6
6240,1280,5,1757972950,1.0
6240,1266,1,1757972950,0.2
6240,199,4,1757972950,0.8
6240,2770,2,1757972950,0.4
6240,1876,1,1757972950,0.2
6240,2021,2,1757972950,0.4
6240,2682,2,1757972950,0.4
6240,3952,3,1757972950,0.6
6240,2105,5,1757972950,1.0
6240,1088,4,1757972950,0.8
6240,364,3,1757972950,0.6
6240,858,3,1757972950,0.6
6241,3302,2,1757972950,0.4
6241,1688,1,1757972950,0.2
6241,1627,2,1757972950,0.4
6241,1291,2,1757972950,0.4
6241,3925,1,1757972950,0.2
6241,2390,3,1757972950,0.6
6241,2021,1,1757972950,0.2
6241,1262,4,1757972950,0.8
6241,2997,4,1757972950,0.8
6241,50,1,1757972950,0.2
6241,3786,3,1757972950,0.6
6241,1516,5,1757972950,1.0
6241,304,5,1757972950,1.0
6241,333,5,1757972950,1.0
6241,2628,5,1757972950,1.0
6241,852,5,1757972950,1.0
6241,588,2,1757972950,0.4
6241,912,5,1757972950,1.0
6241,485,5,1757972950,1.0
6241,922,3,1757972950,0.6
6241,2568,2,1757972950,0.4
6241,2403,3,1757972950,0.6
6241,1265,3,1757972950,0.6
6241,1212,5,1757972950,1.0
6241,1747,5,1757972950,1.0
6241,144,3,1757972950,0.6
6241,1379,3,1757972950,0.6
6241,1267,1,1757972950,0.2
6241,1247,5,1757972950,1.0
6241,3398,3,1757972950,0.6
6241,1997,4,1757972950,0.8
6242,2454,3,1757972950,0.6
6242,1135,4,1757972950,0.8
6242,1097,4,1757972950,0.8
6242,2271,3,1757972950,0.6
6242,1345,5,1757972950,1.0
6242,2671,3,1757972950,0.6
6242,3113,3,1757972950,0.6
6242,3524,3,1757972950,0.6
6242,161,1,1757972950,0.2
6242,2971,2,1757972950,0.4
6242,2997,5,1757972950,1.0
6242,1792,5,1757972950,1.0
6242,2571,5,1757972950,1.0
6242,2121,5,1757972950,1.0
6242,3257,1,1757972950,0.2
6242,3271,4,1757972950,0.8
6242,151,1,1757972950,0.2
6242,1208,3,1757972950,0.6
6243,1148,2,1757972950,0.4
6243,3683,2,1757972950,0.4
6243,2006,2,1757972950,0.4
6243,531,2,1757972950,0.4
6243,1419,5,1757972950,1.0
6243,1396,3,1757972950,0.6
6243,2433,4,1757972950,0.8
6243,800,3,1757972950,0.6
6243,2840,1,1757972950,0.2
6243,2944,2,1757972950,0.4
6243,852,4,1757972950,0.8
6243,6,5,1757972950,1.0
6243,733,1,1757972950,0.2
6243,2105,4,1757972950,0.8
6243,2455,4,1757972950,0.8
6243,2916,1,1757972950,0.2
6243,1894,2,1757972950,0.4
6243,1197,4,1757972950,0.8
6243,1223,1,1757972950,0.2
6243,1307,3,1757972950,0.6
6244,77,3,1757972950,0.6
6244,3475,2,1757972950,0.4
6244,2439,2,1757972950,0.4
6244,238,4,1757972950,0.8
6244,2639,1,1757972950,0.2
6244,3111,5,1757972950,1.0
6244,3081,4,1757972950,0.8
6244,2392,3,1757972950,0.6
6244,3264,2,1757972950,0.4
6244,1129,4,1757972950,0.8
6244,2716,3,1757972950,0.6
6244,2949,2,1757972950,0.4
6244,2174,1,1757972950,0.2
6244,2067,4,1757972950,0.8
6244,3157,2,1757972950,0.4
6244,50,3,1757972950,0.6
6244,19,2,1757972950,0.4
6244,922,4,1757972950,0.8
6244,3255,3,1757972950,0.6
6244,272,2,1757972950,0.4
6244,2763,3,1757972950,0.6
6244,2610,4,1757972950,0.8
6244,533,2,1757972950,0.4
6244,1196,4,1757972950,0.8
6244,3105,2,1757972950,0.4
6244,2389,5,1757972950,1.0
6244,3591,5,1757972950,1.0
6244,1387,1,1757972950,0.2
6245,3527,1,1757972950,0.2
6245,1266,2,1757972950,0.4
6245,2322,1,1757972950,0.2
6245,1777,4,1757972950,0.8
6245,1920,4,1757972950,0.8
6245,2867,3,1757972950,0.6
6245,1201,1,1757972950,0.2
6245,19,3,1757972950,0.6
6245,377,2,1757972950,0.4
6245,441,2,1757972950,0.4
6245,3753,4,1757972950,0.8
6245,314,2,1757972950,0.4
6245,2109,4,1757972950,0.8
6245,2352,4,1757972950,0.8
6245,2985,2,1757972950,0.4
6245,540,3,1757972950,0.6
6245,3451,1,1757972950,0.2
6245,3726,4,1757972950,0.8
6245,2863,2,1757972950,0.4
6245,2793,4,1757972950,0.8
6245,3672,2,1757972950,0.4
6245,2002,5,1757972950,1.0
6246,50,5,1757972950,1.0
6246,2004,4,1757972950,0.8
6246,2990,1,1757972950,0.2
6246,3688,4,1757972950,0.8
6246,1221,3,1757972950,0.6
6246,3063,2,1757972950,0.4
6246,1042,2,1757972950,0.4
6246,1095,5,1757972950,1.0
6246,1485,3,1757972950,0.6
6246,2707,5,1757972950,1.0
6246,2542,5,1757972950,1.0
6246,3101,5,1757972950,1.0
6246,904,3,1757972950,0.6
6246,36,4,1757972950,0.8
6246,370,4,1757972950,0.8
6246,3107,5,1757972950,1.0
6246,2045,5,1757972950,1.0
6246,1198,4,1757972950,0.8
6246,590,5,1757972950,1.0
6246,1213,2,1757972950,0.4
6246,34,5,1757972950,1.0
6246,588,1,1757972950,0.2
6247,1210,4,1757972950,0.8
6247,469,4,1757972950,0.8
6247,1049,3,1757972950,0.6
6247,3424,4,1757972950,0.8
6247,608,4,1757972950,0.8
6247,104,2,1757972950,0.4
6247,531,1,1757972950,0.2
6247,2580,2,1757972950,0.4
6247,2458,3,1757972950,0.6
6247,1104,4,1757972950,0.8
6247,1030,5,1757972950,1.0
6247,648,1,1757972950,0.2
6247,2692,1,1757972950,0.2
6247,165,3,1757972950,0.6
6247,1588,2,1757972950,0.4
6247,592,2,1757972950,0.4
6248,2287,5,1757972950,1.0
6248,112,1,1757972950,0.2
6248,1799,5,1757972950,1.0
6248,1091,4,1757972950,0.8
6248,1474,5,1757972950,1.0
6248,2971,2,1757972950,0.4
6248,1252,3,1757972950,0.6
6248,1172,5,1757972950,1.0
6248,1127,2,1757972950,0.4
6248,2530,5,1757972950,1.0
6248,265,4,1757972950,0.8
6248,3081,2,1757972950,0.4
6248,3087,1,1757972950,0.2
6248,2916,5,1757972950,1.0
6248,1231,4,1757972950,0.8
6248,1224,4,1757972950,0.8
6248,1805,1,1757972950,0.2
6248,1748,5,1757972950,1.0
6248,3114,1,1757972950,0.2
6248,2506,2,1757972950,0.4
6248,480,2,1757972950,0.4
6249,2617,3,1757972950,0.6
6249,2791,2,1757972950,0.4
6249,2028,2,1757972950,0.4
6249,1013,5,1757972950,1.0
6249,1909,5,1757972950,1.0
6249,3066,2,1757972950,0.4
6249,3324,5,1757972950,1.0
6249,1370,1,1757972950,0.2
6249,3201,2,1757972950,0.4
6249,1193,2,1757972950,0.4
6249,3260,5,1757972950,1.0
6249,2150,2,1757972950,0.4
6249,913,3,1757972950,0.6
6249,3948,4,1757972950,0.8
6249,3910,4,1757972950,0.8
6249,2757,2,1757972950,0.4
6249,2826,4,1757972950,0.8
6249,3745,2,1757972950,0.4
6249,2788,2,1757972950,0.4
6249,1358,5,1757972950,1.0
6249,1958,5,1757972950,1.0
6250,2490,1,1757972950,0.2
6250,2087,5,1757972950,1.0
6250,728,2,1757972950,0.4
6250,1302,3,1757972950,0.6
6250,2467,2,1757972950,0.4
6250,2700,5,1757972950,1.0
6250,1629,1,1757972950,0.2
6250,2352,1,1757972950,0.2
6250,2064,5,1757972950,1.0
6250,2504,3,1757972950,0.6
6250,2746,3,1757972950,0.6
6250,2000,5,1757972950,1.0
6250,2912,5,1757972950,1.0
6250,3614,5,1757972950,1.0
6250,1584,4,1757972950,0.8
6250,1225,3,1757972950,0.6
6250,2407,5,1757972950,1.0
6250,1252,5,1757972950,1.0
6250,480,4,1757972950,0.8
6250,1499,1,1757972950,0.2
6250,500,4,1757972950,0.8
6250,2985,1,1757972950,0.2
6250,1219,2,1757972950,0.4
6250,1920,2,1757972950,0.4
6250,3325,2,1757972950,0.4
6251,2303,3,1757972950,0.6
6251,2006,5,1757972950,1.0
6251,2259,2,1757972950,0.4
6251,2028,4,1757972950,0.8
6251,2421,3,1757972950,0.6
6251,144,1,1757972950,0.2
6251,3129,2,1757972950,0.4
6251,2243,3,1757972950,0.6
6251,593,1,1757972950,0.2
6251,1396,2,1757972950,0.4
6251,3566,4,1757972950,0.8
6251,356,2,1757972950,0.4
6251,1566,3,1757972950,0.6
6251,2396,5,1757972950,1.0
6251,196,1,1757972950,0.2
6251,908,2,1757972950,0.4
6251,2420,3,1757972950,0.6
6251,1037,1,1757972950,0.2
6252,1822,1,1757972950,0.2
6252,3409,5,1757972950,1.0
6252,32,5,1757972950,1.0
6252,1805,3,1757972950,0.6
6252,1517,2,1757972950,0.4
6252,2140,5,1757972950,1.0
6252,996,4,1757972950,0.8
6252,678,5,1757972950,1.0
6252,379,2,1757972950,0.4
6252,457,3,1757972950,0.6
6252,2143,4,1757972950,0.8
6252,2654,4,1757972950,0.8
6252,1197,5,1757972950,1.0
6252,150,4,1757972950,0.8
6252,357,4,1757972950,0.8
6252,2581,2,1757972950,0.4
6252,608,2,1757972950,0.4
6252,2901,1,1757972950,0.2
6252,1643,2,1757972950,0.4
6252,1203,1,1757972950,0.2
6252,1398,1,1757972950,0.2
6252,322,2,1757972950,0.4
6252,3752,5,1757972950,1.0
6252,3785,4,1757972950,0.8
6252,2334,5,1757972950,1.0
6252,2324,3,1757972950,0.6
6252,3790,1,1757972950,0.2
6253,2993,3,1757972950,0.6
6253,377,4,1757972950,0.8
6253,1729,2,1757972950,0.4
6253,1375,1,1757972950,0.2
6253,50,1,1757972950,0.2
6253,1569,4,1757972950,0.8
6253,999,5,1757972950,1.0
6253,1619,3,1757972950,0.6
6253,1711,2,1757972950,0.4
6253,2336,1,1757972950,0.2
6253,349,5,1757972950,1.0
6253,2735,1,1757972950,0.2
6253,870,3,1757972950,0.6
6253,3249,3,1757972950,0.6
6253,1732,4,1757972950,0.8
6253,2412,5,1757972950,1.0
6253,1037,5,1757972950,1.0
6254,586,3,1757972950,0.6
6254,3599,2,1757972950,0.4
6254,457,1,1757972950,0.2
6254,2132,4,1757972950,0.8
6254,923,1,1757972950,0.2
6254,3699,1,1757972950,0.2
6254,3206,4,1757972950,0.8
6254,1359,3,1757972950,0.6
6254,674,3,1757972950,0.6
6254,1,2,1757972950,0.4
6254,1240,3,1757972950,0.6
6254,3386,3,1757972950,0.6
6254,551,4,1757972950,0.8
6254,3543,4,1757972950,0.8
6254,260,3,1757972950,0.6
6254,2551,2,1757972950,0.4
6254,3760,1,1757972950,0.2
6254,608,4,1757972950,0.8
6254,1353,1,1757972950,0.2
6254,1124,4,1757972950,0.8
6254,1333,2,1757972950,0.4
6254,3660,2,1757972950,0.4
6254,357,1,1757972950,0.2
6254,1380,1,1757972950,0.2
6255,3361,4,1757972950,0.8
6255,3175,5,1757972950,1.0
6255,509,3,1757972950,0.6
6255,1641,3,1757972950,0.6
6255,2745,2,1757972950,0.4
6255,346,1,1757972950,0.2
6255,1860,4,1757972950,0.8
6255,1296,1,1757972950,0.2
6255,2450,2,1757972950,0.4
6255,1485,3,1757972950,0.6
6255,2759,5,1757972950,1.0
6255,424,4,1757972950,0.8
6255,1287,4,1757972950,0.8
6255,270,2,1757972950,0.4
6255,2321,2,1757972950,0.4
6255,1185,3,1757972950,0.6
6255,380,4,1757972950,0.8
6256,2000,5,1757972950,1.0
6256,235,2,1757972950,0.4
6256,1197,5,1757972950,1.0
6256,2006,1,1757972950,0.2
6256,3827,3,1757972950,0.6
6256,2116,3,1757972950,0.6
6256,1580,3,1757972950,0.6
6256,47,4,1757972950,0.8
6256,1453,5,1757972950,1.0
6256,1336,4,1757972950,0.8
6256,3553,3,1757972950,0.6
6256,527,1,1757972950,0.2
6256,2671,5,1757972950,1.0
6256,1389,1,1757972950,0.2
6256,1296,2,1757972950,0.4
6256,3617,5,1757972950,1.0
6256,1013,5,1757972950,1.0
6256,708,3,1757972950,0.6
6256,448,1,1757972950,0.2
6256,167,4,1757972950,0.8
6256,1129,4,1757972950,0.8
6257,2736,5,1757972950,1.0
6257,3244,3,1757972950,0.6
6257,3066,4,1757972950,0.8
6257,1809,4,1757972950,0.8
6257,2059,5,1757972950,1.0
6257,1100,3,1757972950,0.6
6257,802,5,1757972950,1.0
6257,3452,3,1757972950,0.6
6257,2011,3,1757972950,0.6
6257,3501,1,1757972950,0.2
6257,1243,4,1757972950,0.8
6257,356,4,1757972950,0.8
6257,3088,1,1757972950,0.2
6257,327,3,1757972950,0.6
6257,1036,1,1757972950,0.2
6257,3695,1,1757972950,0.2
6257,1653,4,1757972950,0.8
6257,1245,3,1757972950,0.6
6257,3296,3,1757972950,0.6
6257,3499,1,1757972950,0.2
6257,1573,5,1757972950,1.0
6257,2006,4,1757972950,0.8
6257,1617,4,1757972950,0.8
6257,316,1,1757972950,0.2
6258,1136,4,1757972950,0.8
6258,1923,5,1757972950,1.0
6258,1376,3,1757972950,0.6
6258,1348,2,1757972950,0.4
6258,3502,3,1757972950,0.6
6258,924,1,1757972950,0.2
6258,1080,5,1757972950,1.0
6258,832,1,1757972950,0.2
6258,3802,3,1757972950,0.6
6258,3498,5,1757972950,1.0
6258,912,1,1757972950,0.2
6258,1198,5,1757972950,1.0
6258,1396,3,1757972950,0.6
6258,736,2,1757972950,0.4
6258,3070,4,1757972950,0.8
6258,1897,5,1757972950,1.0
6258,367,5,1757972950,1.0
6258,3396,1,1757972950,0.2
6258,1270,4,1757972950,0.8
6258,2291,1,1757972950,0.2
6258,3917,2,1757972950,0.4
6258,3614,4,1757972950,0.8
6258,1885,1,1757972950,0.2
6258,141,2,1757972950,0.4
6258,1762,4,1757972950,0.8
6258,3147,3,1757972950,0.6
6258,1197,3,1757972950,0.6
6259,647,5,1757972950,1.0
6259,2161,3,1757972950,0.6
6259,3753,3,1757972950,0.6
6259,2421,4,1757972950,0.8
6259,3198,1,1757972950,0.2
6259,2568,5,1757972950,1.0
6259,266,4,1757972950,0.8
6259,3745,1,1757972950,0.2
6259,1285,4,1757972950,0.8
6259,1028,3,1757972950,0.6
6259,1097,4,1757972950,0.8
6259,2968,1,1757972950,0.2
6259,160,1,1757972950,0.2
6259,1948,5,1757972950,1.0
6259,1483,4,1757972950,0.8
6259,1091,4,1757972950,0.8
6259,3911,3,1757972950,0.6
6259,11,2,1757972950,0.4
6259,2916,1,1757972950,0.2
6259,1935,1,1757972950,0.2
6259,357,2,1757972950,0.4
6259,256,2,1757972950,0.4
6259,376,4,1757972950,0.8
6259,480,3,1757972950,0.6
6260,2194,1,1757972950,0.2
6260,2447,4,1757972950,0.8
6260,2401,5,1757972950,1.0
6260,3160,5,1757972950,1.0
6260,1208,3,1757972950,0.6
6260,3424,2,1757972950,0.4
6260,1130,5,1757972950,1.0
6260,253,4,1757972950,0.8
6260,3244,2,1757972950,0.4
6260,1779,5,1757972950,1.0
6260,3519,2,1757972950,0.4
6260,927,2,1757972950,0.4
6260,916,4,1757972950,0.8
6260,3159,4,1757972950,0.8
6260,1653,3,1757972950,0.6
6260,2781,5,1757972950,1.0
6260,1,3,1757972950,0.6
6260,1732,2,1757972950,0.4
6260,1307,2,1757972950,0.4
6260,1376,1,1757972950,0.2
6261,2791,4,1757972950,0.8
6261,3451,4,1757972950,0.8
6261,3705,4,1757972950,0.8
6261,1580,2,1757972950,0.4
6261,3217,3,1757972950,0.6
6261,2280,4,1757972950,0.8
6261,3430,1,1757972950,0.2
6261,349,4,1757972950,0.8
6261,2072,2,1757972950,0.4
6261,3763,1,1757972950,0.2
6261,1917,5,1757972950,1.0
6261,3812,3,1757972950,0.6
6261,376,5,1757972950,1.0
6261,3545,4,1757972950,0.8
6261,2053,5,1757972950,1.0
6262,6,4,1757972950,0.8
6262,1095,2,1757972950,0.4
6262,223,3,1757972950,0.6
6262,720,2,1757972950,0.4
6262,480,2,1757972950,0.4
6262,2263,5,1757972950,1.0
6262,2997,4,1757972950,0.8
6262,1201,1,1757972950,0.2
6262,912,5,1757972950,1.0
6262,1475,5,1757972950,1.0
6262,1924,3,1757972950,0.6
6262,1342,1,1757972950,0.2
6262,2353,1,1757972950,0.2
6262,2424,4,1757972950,0.8
6262,2722,2,1757972950,0.4
6262,780,3,1757972950,0.6
6262,440,5,1757972950,1.0
6262,650,2,1757972950,0.4
6263,1246,5,1757972950,1.0
6263,2003,3,1757972950,0.6
6263,2080,3,1757972950,0.6
6263,3121,3,1757972950,0.6
6263,3263,4,1757972950,0.8
6263,2406,1,1757972950,0.2
6263,3702,1,1757972950,0.2
6263,2253,2,1757972950,0.4
6263,1242,2,1757972950,0.4
6263,1294,5,1757972950,1.0
6263,1479,3,1757972950,0.6
6263,1372,4,1757972950,0.8
6263,912,1,1757972950,0.2
6263,1266,5,1757972950,1.0
6264,2248,5,1757972950,1.0
6264,1912,4,1757972950,0.8
6264,2694,4,1757972950,0.8
6264,1092,1,1757972950,0.2
6264,1285,4,1757972950,0.8
6264,296,1,1757972950,0.2
6264,1088,4,1757972950,0.8
6264,648,1,1757972950,0.2
6264,1252,2,1757972950,0.4
6264,2797,3,1757972950,0.6
6264,2431,4,1757972950,0.8
6264,2770,3,1757972950,0.6
6264,2526,1,1757972950,0.2
6264,3451,3,1757972950,0.6
6264,1876,4,1757972950,0.8
6264,3300,1,1757972950,0.2
6264,1734,2,1757972950,0.4
6264,3863,3,1757972950,0.6
6264,1180,5,1757972950,1.0
6264,3802,2,1757972950,0.4
6264,1589,2,1757972950,0.4
6264,2112,2,1757972950,0.4
6264,1249,4,1757972950,0.8
6264,1193,2,1757972950,0.4
6264,754,4,1757972950,0.8
6265,1246,5,1757972950,1.0
6265,2686,1,1757972950,0.2
6265,3809,1,1757972950,0.2
6265,3507,2,1757972950,0.4
6265,1873,3,1757972950,0.6
6265,3727,2,1757972950,0.4
6265,3334,2,1757972950,0.4
6265,2688,2,1757972950,0.4
6265,1686,1,1757972950,0.2
6265,1672,1,1757972950,0.2
6265,1892,2,1757972950,0.4
6265,198,3,1757972950,0.6
6265,3174,1,1757972950,0.2
6265,910,5,1757972950,1.0
6265,112,4,1757972950,0.8
6265,1187,2,1757972950,0.4
6265,586,4,1757972950,0.8
6265,441,3,1757972950,0.6
6265,1290,5,1757972950,1.0
6265,2985,5,1757972950,1.0
6265,2012,4,1757972950,0.8
6266,367,5,1757972950,1.0
6266,2657,4,1757972950,0.8
6266,1090,1,1757972950,0.2
6266,1367,5,1757972950,1.0
6266,151,5,1757972950,1.0
6266,2808,2,1757972950,0.4
6266,2841,4,1757972950,0.8
6266,2427,5,1757972950,1.0
6266,1226,5,1757972950,1.0
6266,589,5,1757972950,1.0
6266,2985,4,1757972950,0.8
6266,2996,4,1757972950,0.8
6266,2863,3,1757972950,0.6
6266,1024,3,1757972950,0.6
6266,193,4,1757972950,0.8
6266,2099,5,1757972950,1.0
6266,2098,3,1757972950,0.6
6266,2759,2,1757972950,0.4
6266,350,4,1757972950,0.8
6266,1396,4,1757972950,0.8
6266,2302,4,1757972950,0.8
6266,61,2,1757972950,0.4
6266,3424,5,1757972950,1.0
6266,1258,3,1757972950,0.6
6266,2692,1,1757972950,0.2
6266,832,1,1757972950,0.2
6267,2571,1,1757972950,0.2
6267,454,1,1757972950,0.2
6267,3107,2,1757972950,0.4
6267,1441,5,1757972950,1.0
6267,2795,2,1757972950,0.4
6267,3354,2,1757972950,0.4
6267,1036,1,1757972950,0.2
6267,112,2,1757972950,0.4
6267,2808,2,1757972950,0.4
6267,3438,4,1757972950,0.8
6267,2874,4,1757972950,0.8
6267,899,5,1757972950,1.0
6267,3033,5,1757972950,1.0
6267,551,3,1757972950,0.6
6267,2747,2,1757972950,0.4
6267,2948,2,1757972950,0.4
6267,2396,1,1757972950,0.2
6267,1586,2,1757972950,0.4
6267,996,3,1757972950,0.6
6267,3087,3,1757972950,0.6
6267,2946,3,1757972950,0.6
6268,2752,3,1757972950,0.6
6268,736,2,1757972950,0.4
6268,1136,3,1757972950,0.6
6268,1994,4,1757972950,0.8
6268,1235,4,1757972950,0.8
6268,434,3,1757972950,0.6
6268,3578,4,1757972950,0.8
6268,2422,3,1757972950,0.6
6268,1393,5,1757972950,1.0
6268,2396,1,1757972950,0.2
6268,707,2,1757972950,0.4
6268,527,3,1757972950,0.6
6268,292,1,1757972950,0.2
6268,1027,2,1757972950,0.4
6268,1321,2,1757972950,0.4
6268,2019,2,1757972950,0.4
6268,473,1,1757972950,0.2
6268,2724,1,1757972950,0.2
6269,1127,1,1757972950,0.2
6269,3145,4,1757972950,0.8
6269,1247,1,1757972950,0.2
6269,1587,1,1757972950,0.2
6269,2699,5,1757972950,1.0
6269,1130,2,1757972950,0.4
6269,2491,1,1757972950,0.2
6269,1097,5,1757972950,1.0
6269,1566,3,1757972950,0.6
6269,2730,2,1757972950,0.4
6269,1120,2,1757972950,0.4
6269,291,1,1757972950,0.2
6269,3814,1,1757972950,0.2
6269,3355,4,1757972950,0.8
6269,1639,2,1757972950,0.4
6269,1721,5,1757972950,1.0
6269,913,5,1757972950,1.0
6269,953,3,1757972950,0.6
6269,1926,2,1757972950,0.4
6269,555,3,1757972950,0.6
6269,2724,1,1757972950,0.2
6269,3253,3,1757972950,0.6
6269,165,5,1757972950,1.0
6269,2861,2,1757972950,0.4
6269,6,3,1757972950,0.6
6270,3317,2,1757972950,0.4
6270,1693,2,1757972950,0.4
6270,2470,1,1757972950,0.2
6270,2289,5,1757972950,1.0
6270,300,3,1757972950,0.6
6270,1186,5,1757972950,1.0
6270,3549,5,1757972950,1.0
6270,246,2,1757972950,0.4
6270,1097,3,1757972950,0.6
6270,173,1,1757972950,0.2
6270,3535,5,1757972950,1.0
6270,1394,5,1757972950,1.0
6270,477,1,1757972950,0.2
6270,2763,3,1757972950,0.6
6270,1350,5,1757972950,1.0
6270,1919,3,1757972950,0.6
6270,3703,4,1757972950,0.8
6270,780,1,1757972950,0.2
6270,2083,2,1757972950,0.4
6270,3809,4,1757972950,0.8
6270,2167,4,1757972950,0.8
6270,1407,2,1757972950,0.4
6270,920,1,1757972950,0.2
6270,2872,2,1757972950,0.4
6270,1393,3,1757972950,0.6
6271,2944,1,1757972950,0.2
6271,3421,5,1757972950,1.0
6271,480,2,1757972950,0.4
6271,3034,2,1757972950,0.4
6271,3623,5,1757972950,1.0
6271,1474,1,1757972950,0.2
6271,1088,3,1757972950,0.6
6271,3628,5,1757972950,1.0
6271,2406,3,1757972950,0.6
6271,908,5,1757972950,1.0
6271,1172,1,1757972950,0.2
6271,3643,5,1757972950,1.0
6271,647,1,1757972950,0.2
6271,1617,3,1757972950,0.6
6271,231,3,1757972950,0.6
6271,1408,2,1757972950,0.4
6271,1584,2,1757972950,0.4
6271,923,1,1757972950,0.2
6271,2020,2,1757972950,0.4
6271,2145,1,1757972950,0.2
6272,390,4,1757972950,0.8
6272,705,3,1757972950,0.6
6272,1687,4,1757972950,0.8
6272,427,4,1757972950,0.8
6272,2083,4,1757972950,0.8
6272,2303,5,1757972950,1.0
6272,916,4,1757972950,0.8
6272,902,3,1757972950,0.6
6272,1198,3,1757972950,0.6
6272,2641,5,1757972950,1.0
6272,2416,4,1757972950,0.8
6272,1231,4,1757972950,0.8
6272,1127,5,1757972950,1.0
6272,318,1,1757972950,0.2
6272,3608,2,1757972950,0.4
6272,353,2,1757972950,0.4
6272,2396,5,1757972950,1.0
6272,1894,2,1757972950,0.4
6272,1396,2,1757972950,0.4
6272,2064,5,1757972950,1.0
6272,1961,4,1757972950,0.8
6272,2365,2,1757972950,0.4
6272,3039,3,1757972950,0.6
6272,590,5,1757972950,1.0
6272,2700,3,1757972950,0.6
6273,11,3,1757972950,0.6
6273,3107,3,1757972950,0.6
6273,1431,5,1757972950,1.0
6273,3272,2,1757972950,0.4
6273,1909,5,1757972950,1.0
6273,3081,4,1757972950,0.8
6273,2138,1,1757972950,0.2
6273,2628,3,1757972950,0.6
6273,2363,1,1757972950,0.2
6273,1147,2,1757972950,0.4
6273,2067,5,1757972950,1.0
6273,3285,3,1757972950,0.6
6273,1704,1,1757972950,0.2
6274,1704,5,1757972950,1.0
6274,1285,5,1757972950,1.0
6274,708,2,1757972950,0.4
6274,3261,3,1757972950,0.6
6274,2124,3,1757972950,0.6
6274,2174,4,1757972950,0.8
6274,318,5,1757972950,1.0
6274,2952,4,1757972950,0.8
6274,3735,5,1757972950,1.0
6274,1203,4,1757972950,0.8
6274,2872,1,1757972950,0.2
6274,2707,4,1757972950,0.8
6274,1379,5,1757972950,1.0
6274,2360,5,1757972950,1.0
6274,608,1,1757972950,0.2
6274,1210,5,1757972950,1.0
6274,2600,4,1757972950,0.8
6274,1088,2,1757972950,0.4
6274,514,5,1757972950,1.0
6274,10,1,1757972950,0.2
6274,3268,2,1757972950,0.4
6274,1214,3,1757972950,0.6
6274,2012,4,1757972950,0.8
6274,2717,1,1757972950,0.2
6274,1799,3,1757972950,0.6
6274,2354,2,1757972950,0.4
6274,2300,5,1757972950,1.0
6274,922,4,1757972950,0.8
6275,1210,5,1757972950,1.0
6275,2019,4,1757972950,0.8
6275,3512,4,1757972950,0.8
6275,2688,1,1757972950,0.2
6275,3900,1,1757972950,0.2
6275,1097,3,1757972950,0.6
6275,1197,1,1757972950,0.2
6275,1259,2,1757972950,0.4
6275,2770,3,1757972950,0.6
6275,1288,4,1757972950,0.8
6275,914,5,1757972950,1.0
6275,141,5,1757972950,1.0
6275,2011,4,1757972950,0.8
6275,494,2,1757972950,0.4
6275,420,1,1757972950,0.2
6275,3741,2,1757972950,0.4
6275,1378,3,1757972950,0.6
6275,2468,5,1757972950,1.0
6275,780,5,1757972950,1.0
6275,2997,5,1757972950,1.0
6275,653,5,1757972950,1.0
6275,421,5,1757972950,1.0
6276,3754,2,1757972950,0.4
6276,3462,1,1757972950,0.2
6276,1191,2,1757972950,0.4
6276,3683,3,1757972950,0.6
6276,2075,2,1757972950,0.4
6276,1200,3,1757972950,0.6
6276,1586,5,1757972950,1.0
6276,1179,2,1757972950,0.4
6276,1091,3,1757972950,0.6
6276,247,3,1757972950,0.6
6276,3081,4,1757972950,0.8
6276,140,1,1757972950,0.2
6276,3308,1,1757972950,0.2
6276,1912,4,1757972950,0.8
6276,1213,1,1757972950,0.2
6276,1193,3,1757972950,0.6
6276,671,3,1757972950,0.6
6276,420,3,1757972950,0.6
6276,1214,5,1757972950,1.0
6276,2407,2,1757972950,0.4
6276,1264,5,1757972950,1.0
6276,1639,5,1757972950,1.0
6276,761,3,1757972950,0.6
6276,1357,1,1757972950,0.2
6276,1344,1,1757972950,0.2
6276,1953,4,1757972950,0.8
6277,2091,2,1757972950,0.4
6277,3535,3,1757972950,0.6
6277,1265,5,1757972950,1.0
6277,1569,3,1757972950,0.6
6277,3421,3,1757972950,0.6
6277,3626,4,1757972950,0.8
6277,2130,4,1757972950,0.8
6277,273,1,1757972950,0.2
6277,1320,5,1757972950,1.0
6277,1260,5,1757972950,1.0
6277,1207,1,1757972950,0.2
6277,3157,4,1757972950,0.8
6277,2889,2,1757972950,0.4
6277,1500,5,1757972950,1.0
6277,3177,2,1757972950,0.4
6277,17,4,1757972950,0.8
6277,3552,1,1757972950,0.2
6277,3685,4,1757972950,0.8
6277,3213,5,1757972950,1.0
6277,3531,3,1757972950,0.6
6278,180,1,1757972950,0.2
6278,3763,2,1757972950,0.4
6278,3177,5,1757972950,1.0
6278,3895,3,1757972950,0.6
6278,1584,5,1757972950,1.0
6278,2054,4,1757972950,0.8
6278,2804,4,1757972950,0.8
6278,1603,5,1757972950,1.0
6278,2406,4,1757972950,0.8
6278,3355,1,1757972950,0.2
6278,2333,4,1757972950,0.8
6278,104,3,1757972950,0.6
6278,3615,2,1757972950,0.4
6278,2952,5,1757972950,1.0
6278,1884,5,1757972950,1.0
6278,2951,2,1757972950,0.4
6278,318,2,1757972950,0.4
6278,356,2,1757972950,0.4
6279,1617,2,1757972950,0.4
6279,2290,1,1757972950,0.2
6279,2115,5,1757972950,1.0
6279,947,1,1757972950,0.2
6279,2455,4,1757972950,0.8
6279,288,4,1757972950,0.8
6279,3868,1,1757972950,0.2
6279,3504,1,1757972950,0.2
6279,662,2,1757972950,0.4
6279,1278,5,1757972950,1.0
6279,2140,5,1757972950,1.0
6279,2301,3,1757972950,0.6
6279,1132,3,1757972950,0.6
6279,2571,5,1757972950,1.0
6279,3527,1,1757972950,0.2
6279,2174,2,1757972950,0.4
6280,3252,5,1757972950,1.0
6280,6,4,1757972950,0.8
6280,1230,4,1757972950,0.8
6280,1953,2,1757972950,0.4
6280,316,3,1757972950,0.6
6280,2717,3,1757972950,0.6
6280,3794,4,1757972950,0.8
6280,648,5,1757972950,1.0
6280,1747,5,1757972950,1.0
6280,1584,1,1757972950,0.2
6280,2294,5,1757972950,1.0
6280,2302,1,1757972950,0.2
6280,1812,4,1757972950,0.8
6280,529,1,1757972950,0.2
6280,3070,1,1757972950,0.2
6280,3179,1,1757972950,0.2
6280,2530,4,1757972950,0.8
6280,1888,1,1757972950,0.2
6281,3072,4,1757972950,0.8
6281,2243,5,1757972950,1.0
6281,497,2,1757972950,0.4
6281,380,2,1757972950,0.4
6281,2885,1,1757972950,0.2
6281,924,1,1757972950,0.2
6281,1405,2,1757972950,0.4
6281,538,1,1757972950,0.2
6281,2906,3,1757972950,0.6
6281,3011,1,1757972950,0.2
6281,2699,3,1757972950,0.6
6281,1584,4,1757972950,0.8
6281,1288,3,1757972950,0.6
6281,1079,3,1757972950,0.6
6281,126,2,1757972950,0.4
6281,39,3,1757972950,0.6
6281,3265,5,1757972950,1.0
6281,247,4,1757972950,0.8
6281,1535,1,1757972950,0.2
6281,2722,1,1757972950,0.2
6281,2791,5,1757972950,1.0
6281,593,5,1757972950,1.0
6281,2936,4,1757972950,0.8
6282,260,2,1757972950,0.4
6282,849,5,1757972950,1.0
6282,2034,5,1757972950,1.0
6282,908,2,1757972950,0.4
6282,1621,1,1757972950,0.2
6282,1587,4,1757972950,0.8
6282,2515,1,1757972950,0.2
6282,1408,2,1757972950,0.4
6282,585,3,1757972950,0.6
6282,764,4,1757972950,0.8
6282,1805,3,1757972950,0.6
6282,595,2,1757972950,0.4
6282,2770,2,1757972950,0.4
6282,3863,2,1757972950,0.4
6282,1569,4,1757972950,0.8
6282,2526,2,1757972950,0.4
6282,2408,5,1757972950,1.0
6282,1081,3,1757972950,0.6
6282,41,5,1757972950,1.0
6282,1674,4,1757972950,0.8
6283,2145,2,1757972950,0.4
6283,1639,1,1757972950,0.2
6283,1304,1,1757972950,0.2
6283,3753,4,1757972950,0.8
6283,2245,3,1757972950,0.6
6283,1674,4,1757972950,0.8
6283,3593,2,1757972950,0.4
6283,1265,2,1757972950,0.4
6283,394,3,1757972950,0.6
6283,3623,4,1757972950,0.8
6283,3256,5,1757972950,1.0
6283,589,4,1757972950,0.8
6283,341,1,1757972950,0.2
6283,1945,5,1757972950,1.0
6283,3105,4,1757972950,0.8
6283,1754,2,1757972950,0.4
6283,1762,1,1757972950,0.2
6283,2252,1,1757972950,0.2
6283,1382,1,1757972950,0.2
6284,2607,3,1757972950,0.6
6284,3527,3,1757972950,0.6
6284,260,4,1757972950,0.8
6284,553,2,1757972950,0.4
6284,592,1,1757972950,0.2
6284,1907,5,1757972950,1.0
6284,3704,1,1757972950,0.2
6284,3189,2,1757972950,0.4
6284,608,4,1757972950,0.8
6284,432,4,1757972950,0.8
6284,2529,3,1757972950,0.6
6284,3932,3,1757972950,0.6
6284,1271,2,1757972950,0.4
6284,1240,3,1757972950,0.6
6284,2907,4,1757972950,0.8
6284,2153,2,1757972950,0.4
6284,32,5,1757972950,1.0
6284,1584,3,1757972950,0.6
6284,272,3,1757972950,0.6
6284,2683,5,1757972950,1.0
6284,2300,3,1757972950,0.6
6285,1665,2,1757972950,0.4
6285,1343,5,1757972950,1.0
6285,457,1,1757972950,0.2
6285,2761,2,1757972950,0.4
6285,357,4,1757972950,0.8
6285,2710,5,1757972950,1.0
6285,480,5,1757972950,1.0
6285,3053,2,1757972950,0.4
6285,1704,2,1757972950,0.4
6285,941,5,1757972950,1.0
6285,362,4,1757972950,0.8
6285,2617,2,1757972950,0.4
6285,1323,5,1757972950,1.0
6285,21,5,1757972950,1.0
6285,832,3,1757972950,0.6
6285,280,3,1757972950,0.6
6285,2616,5,1757972950,1.0
6285,900,2,1757972950,0.4
6285,2764,5,1757972950,1.0
6285,2408,3,1757972950,0.6
6285,1221,2,1757972950,0.4
6285,292,4,1757972950,0.8
6285,413,1,1757972950,0.2
6285,2094,2,1757972950,0.4
6285,3861,5,1757972950,1.0
6285,2791,3,1757972950,0.6
6285,1882,5,1757972950,1.0
6286,1214,1,1757972950,0.2
6286,434,4,1757972950,0.8
6286,111,5,1757972950,1.0
6286,3809,3,1757972950,0.6
6286,2567,5,1757972950,1.0
6286,2976,3,1757972950,0.6
6286,2064,1,1757972950,0.2
6286,551,3,1757972950,0.6
6286,3822,2,1757972950,0.4
6286,2919,3,1757972950,0.6
6286,2647,3,1757972950,0.6
6286,3471,1,1757972950,0.2
6286,2996,1,1757972950,0.2
6286,1230,3,1757972950,0.6
6286,2174,4,1757972950,0.8
6286,2505,4,1757972950,0.8
6286,1293,2,1757972950,0.4
6286,3730,3,1757972950,0.6
6286,780,1,1757972950,0.2
6287,3918,2,1757972950,0.4
6287,47,3,1757972950,0.6
6287,2395,4,1757972950,0.8
6287,1732,4,1757972950,0.8
6287,2519,5,1757972950,1.0
6287,1201,4,1757972950,0.8
6287,750,4,1757972950,0.8
6287,1500,2,1757972950,0.4
6287,1097,4,1757972950,0.8
6287,924,1,1757972950,0.2
6287,2048,4,1757972950,0.8
6287,474,1,1757972950,0.2
6287,3755,4,1757972950,0.8
6287,2396,3,1757972950,0.6
6287,3635,4,1757972950,0.8
6287,2001,4,1757972950,0.8
6287,149,5,1757972950,1.0
6287,3363,3,1757972950,0.6
6287,1735,4,1757972950,0.8
6287,1580,1,1757972950,0.2
6288,34,2,1757972950,0.4
6288,2683,4,1757972950,0.8
6288,2967,5,1757972950,1.0
6288,1234,4,1757972950,0.8
6288,3683,1,1757972950,0.2
6288,2916,1,1757972950,0.2
6288,2617,4,1757972950,0.8
6288,552,4,1757972950,0.8
6288,1407,5,1757972950,1.0
6288,2699,4,1757972950,0.8
6288,1353,3,1757972950,0.6
6288,544,2,1757972950,0.4
6288,1950,5,1757972950,1.0
6288,2605,1,1757972950,0.2
6288,2607,2,1757972950,0.4
6288,111,2,1757972950,0.4
6288,2321,4,1757972950,0.8
6288,105,3,1757972950,0.6
6288,2918,3,1757972950,0.6
6288,380,4,1757972950,0.8
6288,104,5,1757972950,1.0
6288,1265,2,1757972950,0.4
6288,3861,3,1757972950,0.6
6289,2336,2,1757972950,0.4
6289,3471,4,1757972950,0.8
6289,3357,4,1757972950,0.8
6289,590,2,1757972950,0.4
6289,1682,3,1757972950,0.6
6289,492,4,1757972950,0.8
6289,1410,5,1757972950,1.0
6289,1673,1,1757972950,0.2
6289,457,5,1757972950,1.0
6289,1032,5,1757972950,1.0
6289,2657,5,1757972950,1.0
6289,3730,2,1757972950,0.4
6289,3087,1,1757972950,0.2
6289,2770,5,1757972950,1.0
6289,1372,2,1757972950,0.4
6289,1569,2,1757972950,0.4
6289,858,1,1757972950,0.2
6289,1704,1,1757972950,0.2
6289,2710,2,1757972950,0.4
6289,435,4,1757972950,0.8
6289,3052,2,1757972950,0.4
6289,1694,2,1757972950,0.4
6289,2174,1,1757972950,0.2
6290,2000,5,1757972950,1.0
6290,1256,2,1757972950,0.4
6290,2110,2,1757972950,0.4
6290,1276,4,1757972950,0.8
6290,2467,4,1757972950,0.8
6290,953,2,1757972950,0.4
6290,3269,4,1757972950,0.8
6290,3469,1,1757972950,0.2
6290,1078,5,1757972950,1.0
6290,1291,4,1757972950,0.8
6290,969,3,1757972950,0.6
6290,1614,5,1757972950,1.0
6290,3740,2,1757972950,0.4
6290,2791,5,1757972950,1.0
6290,2142,5,1757972950,1.0
6291,2291,5,1757972950,1.0
6291,455,3,1757972950,0.6
6291,1270,3,1757972950,0.6
6291,1211,1,1757972950,0.2
6291,64,2,1757972950,0.4
6291,1197,2,1757972950,0.4
6291,1059,4,1757972950,0.8
6291,2012,5,1757972950,1.0
6291,364,2,1757972950,0.4
6291,910,3,1757972950,0.6
6291,2431,5,1757972950,1.0
6291,2423,3,1757972950,0.6
6291,3246,3,1757972950,0.6
6291,471,3,1757972950,0.6
6291,1278,1,1757972950,0.2
6291,628,4,1757972950,0.8
6291,3681,1,1757972950,0.2
6291,1704,3,1757972950,0.6
6291,89,2,1757972950,0.4
6291,1610,2,1757972950,0.4
6291,2858,5,1757972950,1.0
6291,1214,2,1757972950,0.4
6291,858,4,1757972950,0.8
6291,3704,2,1757972950,0.4
6291,3358,3,1757972950,0.6
6291,2529,5,1757972950,1.0
6292,1244,3,1757972950,0.6
6292,2124,2,1757972950,0.4
6292,588,1,1757972950,0.2
6292,1321,1,1757972950,0.2
6292,2082,3,1757972950,0.6
6292,1206,1,1757972950,0.2
6292,3809,1,1757972950,0.2
6292,2096,5,1757972950,1.0
6292,1276,5,1757972950,1.0
6292,1017,1,1757972950,0.2
6292,2720,5,1757972950,1.0
6292,1968,1,1757972950,0.2
6292,1962,1,1757972950,0.2
6292,2087,5,1757972950,1.0
6292,569,3,1757972950,0.6
6292,1513,5,1757972950,1.0
6292,2240,3,1757972950,0.6
6292,1278,4,1757972950,0.8
6292,1200,1,1757972950,0.2
6292,3298,2,1757972950,0.4
6293,3927,1,1757972950,0.2
6293,414,2,1757972950,0.4
6293,1750,5,1757972950,1.0
6293,3435,2,1757972950,0.4
6293,1997,3,1757972950,0.6
6293,2300,3,1757972950,0.6
6293,2161,3,1757972950,0.6
6293,2289,3,1757972950,0.6
6293,2124,1,1757972950,0.2
6293,457,1,1757972950,0.2
6293,1,1,1757972950,0.2
6293,668,5,1757972950,1.0
6293,1036,3,1757972950,0.6
6293,2203,5,1757972950,1.0
6293,3316,1,1757972950,0.2
6293,1911,4,1757972950,0.8
6293,586,4,1757972950,0.8
6293,1265,3,1757972950,0.6
6293,308,2,1757972950,0.4
6294,344,5,1757972950,1.0
6294,3672,4,1757972950,0.8
6294,1805,1,1757972950,0.2
6294,1094,3,1757972950,0.6
6294,2032,2,1757972950,0.4
6294,1701,3,1757972950,0.6
6294,239,1,1757972950,0.2
6294,924,3,1757972950,0.6
6294,1185,3,1757972950,0.6
6294,1251,2,1757972950,0.4
6294,2334,4,1757972950,0.8
6294,866,3,1757972950,0.6
6294,2846,5,1757972950,1.0
6294,3897,3,1757972950,0.6
6295,3408,4,1757972950,0.8
6295,25,2,1757972950,0.4
6295,2467,3,1757972950,0.6
6295,2099,1,1757972950,0.2
6295,3147,3,1757972950,0.6
6295,1876,5,1757972950,1.0
6295,1129,4,1757972950,0.8
6295,3608,5,1757972950,1.0
6295,3052,1,1757972950,0.2
6295,1913,1,1757972950,0.2
6295,3176,2,1757972950,0.4
6295,1371,2,1757972950,0.4
6295,1358,2,1757972950,0.4
6295,1907,3,1757972950,0.6
6295,593,5,1757972950,1.0
6295,2133,4,1757972950,0.8
6295,595,1,1757972950,0.2
6295,2172,1,1757972950,0.2
6295,999,4,1757972950,0.8
6295,1207,5,1757972950,1.0
6295,637,1,1757972950,0.2
6295,1466,2,1757972950,0.4
6296,3366,1,1757972950,0.2
6296,150,3,1757972950,0.6
6296,1515,4,1757972950,0.8
6296,3702,3,1757972950,0.6
6296,1356,3,1757972950,0.6
6296,1969,2,1757972950,0.4
6296,832,5,1757972950,1.0
6296,1500,4,1757972950,0.8
6296,2686,3,1757972950,0.6
6296,3418,4,1757972950,0.8
6296,3408,1,1757972950,0.2
6296,2968,5,1757972950,1.0
6296,1408,1,1757972950,0.2
6296,2,2,1757972950,0.4
6296,2297,4,1757972950,0.8
6296,2076,5,1757972950,1.0
6296,1339,5,1757972950,1.0
6296,2997,4,1757972950,0.8
6296,592,1,1757972950,0.2
6296,1009,5,1757972950,1.0
6296,2788,5,1757972950,1.0
6296,1394,5,1757972950,1.0
6296,2413,3,1757972950,0.6
6296,522,3,1757972950,0.6
6297,1299,3,1757972950,0.6
6297,466,3,1757972950,0.6
6297,2372,3,1757972950,0.6
6297,3462,5,1757972950,1.0
6297,1257,4,1757972950,0.8
6297,101,4,1757972950,0.8
6297,2842,2,1757972950,0.4
6297,1198,2,1757972950,0.4
6297,2321,1,1757972950,0.2
6297,132,4,1757972950,0.8
6297,3342,2,1757972950,0.4
6297,21,4,1757972950,0.8
6297,2153,5,1757972950,1.0
6297,866,1,1757972950,0.2
6297,1240,5,1757972950,1.0
6297,3101,2,1757972950,0.4
6297,1220,3,1757972950,0.6
6297,2926,5,1757972950,1.0
6297,1367,5,1757972950,1.0
6297,3839,4,1757972950,0.8
6297,611,3,1757972950,0.6
6297,45,5,1757972950,1.0
6298,3196,2,1757972950,0.4
6298,3418,5,1757972950,1.0
6298,2826,3,1757972950,0.6
6298,1285,4,1757972950,0.8
6298,1479,2,1757972950,0.4
6298,1006,2,1757972950,0.4
6298,2700,2,1757972950,0.4
6298,1372,2,1757972950,0.4
6298,2240,5,1757972950,1.0
6298,2599,1,1757972950,0.2
6298,3271,4,1757972950,0.8
6298,1094,3,1757972950,0.6
6298,1206,1,1757972950,0.2
6298,2315,4,1757972950,0.8
6298,1625,5,1757972950,1.0
6298,3088,3,1757972950,0.6
6298,608,5,1757972950,1.0
6298,3354,4,1757972950,0.8
6298,2357,3,1757972950,0.6
6298,2581,4,1757972950,0.8
6298,1644,3,1757972950,0.6
6298,913,4,1757972950,0.8
6298,2917,4,1757972950,0.8
6299,1291,3,1757972950,0.6
6299,3572,3,1757972950,0.6
6299,2468,5,1757972950,1.0
6299,2676,2,1757972950,0.4
6299,3255,1,1757972950,0.2
6299,2245,3,1757972950,0.6
6299,2301,1,1757972950,0.2
6299,1391,5,1757972950,1.0
6299,565,3,1757972950,0.6
6299,2628,3,1757972950,0.6
6299,1198,2,1757972950,0.4
6299,1263,5,1757972950,1.0
6299,912,3,1757972950,0.6
6299,1041,5,1757972950,1.0
6299,543,1,1757972950,0.2
6299,2474,2,1757972950,0.4
6299,2739,3,1757972950,0.6
6299,1393,3,1757972950,0.6
6299,1374,3,1757972950,0.6
6299,2011,3,1757972950,0.6
6299,1196,1,1757972950,0.2
6299,1210,4,1757972950,0.8
6299,3362,5,1757972950,1.0
6299,2455,2,1757972950,0.4
6300,3698,5,1757972950,1.0
6300,3358,2,1757972950,0.4
6300,2290,5,1757972950,1.0
6300,1009,4,1757972950,0.8
6300,3255,2,1757972950,0.4
6300,2002,4,1757972950,0.8
6300,2347,4,1757972950,0.8
6300,688,3,1757972950,0.6
6300,36,2,1757972950,0.4
6300,736,5,1757972950,1.0
6300,1721,4,1757972950,0.8
6300,3432,4,1757972950,0.8
6300,1033,1,1757972950,0.2
6300,1375,1,1757972950,0.2
6300,592,1,1757972950,0.2
6300,225,5,1757972950,1.0
6300,1441,1,1757972950,0.2
6300,1200,2,1757972950,0.4
6300,2268,1,1757972950,0.2
6300,2918,2,1757972950,0.4
6300,3949,5,1757972950,1.0
6300,1484,1,1757972950,0.2
6301,1340,1,1757972950,0.2
6301,1238,2,1757972950,0.4
6301,3702,2,1757972950,0.4
6301,875,4,1757972950,0.8
6301,2345,1,1757972950,0.2
6301,1391,3,1757972950,0.6
6301,1882,5,1757972950,1.0
6301,968,1,1757972950,0.2
6301,2880,1,1757972950,0.2
6301,2072,5,1757972950,1.0
6301,1379,1,1757972950,0.2
6301,2405,1,1757972950,0.2
6301,2987,5,1757972950,1.0
6301,2797,1,1757972950,0.2
6301,3196,5,1757972950,1.0
6301,3623,1,1757972950,0.2
6301,899,3,1757972950,0.6
6301,1992,2,1757972950,0.4
6301,1460,4,1757972950,0.8
6301,1641,3,1757972950,0.6
6301,2692,2,1757972950,0.4
6302,2313,3,1757972950,0.6
6302,2804,4,1757972950,0.8
6302,674,2,1757972950,0.4
6302,2762,3,1757972950,0.6
6302,471,1,1757972950,0.2
6302,3435,4,1757972950,0.8
6302,3682,3,1757972950,0.6
6302,2027,2,1757972950,0.4
6302,2986,2,1757972950,0.4
6302,2321,4,1757972950,0.8
6302,3123,5,1757972950,1.0
6302,3360,2,1757972950,0.4
6302,367,2,1757972950,0.4
6302,1468,1,1757972950,0.2
6302,3671,3,1757972950,0.6
6302,3054,2,1757972950,0.4
6302,2580,2,1757972950,0.4
6302,1320,1,1757972950,0.2
6302,913,3,1757972950,0.6
6302,276,5,1757972950,1.0
6302,1278,5,1757972950,1.0
6302,1885,2,1757972950,0.4
6302,2905,2,1757972950,0.4
6302,3826,5,1757972950,1.0
6302,2959,4,1757972950,0.8
6303,1923,5,1757972950,1.0
6303,2034,4,1757972950,0.8
6303,928,1,1757972950,0.2
6303,2138,1,1757972950,0.2
6303,1605,3,1757972950,0.6
6303,2485,4,1757972950,0.8
6303,2901,3,1757972950,0.6
6303,1278,3,1757972950,0.6
6303,1094,3,1757972950,0.6
6303,589,4,1757972951,0.8
6303,1721,2,1757972951,0.4
6303,153,4,1757972951,0.8
6303,2700,1,1757972951,0.2
6303,70,1,1757972951,0.2
6303,1544,5,1757972951,1.0
6303,3273,4,1757972951,0.8
6303,1099,5,1757972951,1.0
6303,2240,1,1757972951,0.2
6304,3498,3,1757972951,0.6
6304,2471,1,1757972951,0.2
6304,527,5,1757972951,1.0
6304,1248,1,1757972951,0.2
6304,1028,5,1757972951,1.0
6304,1717,5,1757972951,1.0
6304,1653,4,1757972951,0.8
6304,3870,2,1757972951,0.4
6304,1721,3,1757972951,0.6
6304,1953,2,1757972951,0.4
6304,429,4,1757972951,0.8
6304,293,1,1757972951,0.2
6304,3598,3,1757972951,0.6
6304,1380,5,1757972951,1.0
6304,1920,4,1757972951,0.8
6304,3489,1,1757972951,0.2
6304,923,1,1757972951,0.2
6304,367,3,1757972951,0.6
6304,517,2,1757972951,0.4
6304,593,1,1757972951,0.2
6304,1968,4,1757972951,0.8
6304,1213,3,1757972951,0.6
6304,43,5,1757972951,1.0
6304,1722,1,1757972951,0.2
6304,3504,3,1757972951,0.6
6304,2028,4,1757972951,0.8
6304,2407,1,1757972951,0.2
6305,748,3,1757972951,0.6
6305,2140,4,1757972951,0.8
6305,595,5,1757972951,1.0
6305,58,1,1757972951,0.2
6305,1784,4,1757972951,0.8
6305,2668,1,1757972951,0.2
6305,3915,1,1757972951,0.2
6305,1610,4,1757972951,0.8
6305,780,4,1757972951,0.8
6305,1584,4,1757972951,0.8
6305,3927,2,1757972951,0.4
6305,1387,4,1757972951,0.8
6305,2395,4,1757972951,0.8
6305,1017,4,1757972951,0.8
6305,2450,1,1757972951,0.2
6305,1047,3,1757972951,0.6
6305,2597,3,1757972951,0.6
6305,11,3,1757972951,0.6
6305,32,2,1757972951,0.4
6305,3334,2,1757972951,0.4
6305,2796,3,1757972951,0.6
6305,2428,2,1757972951,0.4
6305,2554,5,1757972951,1.0
6306,1375,3,1757972951,0.6
6306,556,5,1757972951,1.0
6306,1101,4,1757972951,0.8
6306,808,4,1757972951,0.8
6306,1779,5,1757972951,1.0
6306,1798,1,1757972951,0.2
6306,1207,1,1757972951,0.2
6306,2108,1,1757972951,0.2
6306,3254,1,1757972951,0.2
6306,589,5,1757972951,1.0
6306,869,5,1757972951,1.0
6306,1228,5,1757972951,1.0
6306,3052,2,1757972951,0.4
6306,2288,1,1757972951,0.2
6306,2906,4,1757972951,0.8
6306,3261,2,1757972951,0.4
6306,2948,1,1757972951,0.2
6306,3751,2,1757972951,0.4
6306,413,2,1757972951,0.4
6306,3276,4,1757972951,0.8
6306,1193,5,1757972951,1.0
6306,2399,1,1757972951,0.2
6306,45,4,1757972951,0.8
6306,2501,5,1757972951,1.0
6307,1288,2,1757972951,0.4
6307,2657,4,1757972951,0.8
6307,2858,4,1757972951,0.8
6307,733,5,1757972951,1.0
6307,2530,2,1757972951,0.4
6307,141,1,1757972951,0.2
6307,1917,1,1757972951,0.2
6307,1064,5,1757972951,1.0
6307,3044,5,1757972951,1.0
6307,3263,2,1757972951,0.4
6307,994,1,1757972951,0.2
6307,785,1,1757972951,0.2
6307,1240,3,1757972951,0.6
6307,457,2,1757972951,0.4
6307,1801,1,1757972951,0.2
6307,2706,2,1757972951,0.4
6307,1221,1,1757972951,0.2
6307,904,1,1757972951,0.2
6307,2719,2,1757972951,0.4
6308,2016,2,1757972951,0.4
6308,2402,4,1757972951,0.8
6308,2762,4,1757972951,0.8
6308,1610,2,1757972951,0.4
6308,1294,4,1757972951,0.8
6308,3468,3,1757972951,0.6
6308,422,2,1757972951,0.4
6308,1370,4,1757972951,0.8
6308,1221,4,1757972951,0.8
6308,3785,1,1757972951,0.2
6308,3909,2,1757972951,0.4
6309,3194,2,1757972951,0.4
6309,3552,1,1757972951,0.2
6309,1136,5,1757972951,1.0
6309,1200,3,1757972951,0.6
6309,3081,2,1757972951,0.4
6309,296,1,1757972951,0.2
6309,2081,5,1757972951,1.0
6309,3317,4,1757972951,0.8
6309,3176,2,1757972951,0.4
6309,903,4,1757972951,0.8
6309,2599,2,1757972951,0.4
6309,356,1,1757972951,0.2
6309,2167,2,1757972951,0.4
6309,198,4,1757972951,0.8
6309,3421,2,1757972951,0.4
6309,3253,5,1757972951,1.0
6309,327,5,1757972951,1.0
6309,2995,3,1757972951,0.6
6309,2858,1,1757972951,0.2
6309,1394,4,1757972951,0.8
6310,1193,2,1757972951,0.4
6310,1213,4,1757972951,0.8
6310,1617,3,1757972951,0.6
6310,3791,4,1757972951,0.8
6310,1653,1,1757972951,0.2
6310,2423,1,1757972951,0.2
6310,442,1,1757972951,0.2
6310,198,3,1757972951,0.6
6310,1275,5,1757972951,1.0
6310,2791,3,1757972951,0.6
6310,1241,5,1757972951,1.0
6311,2657,5,1757972951,1.0
6311,445,5,1757972951,1.0
6311,1089,4,1757972951,0.8
6311,3211,4,1757972951,0.8
6311,1265,5,1757972951,1.0
6311,2961,3,1757972951,0.6
6311,1967,4,1757972951,0.8
6311,246,2,1757972951,0.4
6311,3618,5,1757972951,1.0
6311,3869,5,1757972951,1.0
6311,3325,3,1757972951,0.6
6312,2371,5,1757972951,1.0
6312,2273,3,1757972951,0.6
6312,532,4,1757972951,0.8
6312,1247,1,1757972951,0.2
6312,2915,3,1757972951,0.6
6312,1732,3,1757972951,0.6
6312,923,2,1757972951,0.4
6312,216,2,1757972951,0.4
6312,1213,2,1757972951,0.4
6312,1432,5,1757972951,1.0
6312,1217,3,1757972951,0.6
6312,112,4,1757972951,0.8
6312,2589,4,1757972951,0.8
6312,1396,3,1757972951,0.6
6312,6,1,1757972951,0.2
6312,3070,1,1757972951,0.2
6312,2517,4,1757972951,0.8
6312,1270,3,1757972951,0.6
6312,1285,4,1757972951,0.8
6312,1939,5,1757972951,1.0
6312,3138,1,1757972951,0.2
6312,1343,1,1757972951,0.2
6313,3397,4,1757972951,0.8
6313,14,2,1757972951,0.4
6313,337,2,1757972951,0.4
6313,1086,4,1757972951,0.8
6313,480,1,1757972951,0.2
6313,3699,3,1757972951,0.6
6313,3745,1,1757972951,0.2
6313,1537,3,1757972951,0.6
6313,1777,1,1757972951,0.2
6313,1073,4,1757972951,0.8
6313,1971,2,1757972951,0.4
6313,3101,3,1757972951,0.6
6313,2081,2,1757972951,0.4
6313,2522,1,1757972951,0.2
6313,1233,1,1757972951,0.2
6313,3044,2,1757972951,0.4
6313,1222,1,1757972951,0.2
6313,1200,3,1757972951,0.6
6313,1673,3,1757972951,0.6
6313,95,3,1757972951,0.6
6314,1100,2,1757972951,0.4
6314,589,5,1757972951,1.0
6314,953,1,1757972951,0.2
6314,2542,5,1757972951,1.0
6314,1256,5,1757972951,1.0
6314,720,2,1757972951,0.4
6314,316,3,1757972951,0.6
6314,2739,2,1757972951,0.4
6314,1213,3,1757972951,0.6
6314,3160,4,1757972951,0.8
6314,1552,1,1757972951,0.2
6314,372,4,1757972951,0.8
6314,1060,4,1757972951,0.8
6314,1921,2,1757972951,0.4
6314,3555,3,1757972951,0.6
6314,2096,2,1757972951,0.4
6314,2227,5,1757972951,1.0
6314,3608,3,1757972951,0.6
6314,3701,3,1757972951,0.6
6315,3249,3,1757972951,0.6
6315,110,3,1757972951,0.6
6315,47,5,1757972951,1.0
6315,1392,2,1757972951,0.4
6315,260,4,1757972951,0.8
6315,595,3,1757972951,0.6
6315,2770,5,1757972951,1.0
6315,2071,3,1757972951,0.6
6315,3450,3,1757972951,0.6
6315,1721,3,1757972951,0.6
6315,1238,4,1757972951,0.8
6315,908,1,1757972951,0.2
6315,3246,1,1757972951,0.2
6315,2428,2,1757972951,0.4
6315,2111,1,1757972951,0.2
6316,2723,1,1757972951,0.2
6316,3386,5,1757972951,1.0
6316,2193,2,1757972951,0.4
6316,2355,1,1757972951,0.2
6316,3422,1,1757972951,0.2
6316,3110,1,1757972951,0.2
6316,2726,5,1757972951,1.0
6316,3901,5,1757972951,1.0
6316,2676,2,1757972951,0.4
6316,3639,1,1757972951,0.2
6316,1210,4,1757972951,0.8
6316,5,4,1757972951,0.8
6316,1682,3,1757972951,0.6
6316,2016,1,1757972951,0.2
6316,1186,2,1757972951,0.4
6316,2000,4,1757972951,0.8
6317,2795,2,1757972951,0.4
6317,3408,4,1757972951,0.8
6317,3298,2,1757972951,0.4
6317,2997,1,1757972951,0.2
6317,93,4,1757972951,0.8
6317,327,3,1757972951,0.6
6317,340,2,1757972951,0.4
6317,2266,4,1757972951,0.8
6317,2181,5,1757972951,1.0
6317,2414,2,1757972951,0.4
6317,3535,5,1757972951,1.0
6317,2123,5,1757972951,1.0
6317,2294,3,1757972951,0.6
6317,592,5,1757972951,1.0
6318,2013,3,1757972951,0.6
6318,1179,1,1757972951,0.2
6318,2174,1,1757972951,0.2
6318,2950,5,1757972951,1.0
6318,350,1,1757972951,0.2
6318,3098,1,1757972951,0.2
6318,725,5,1757972951,1.0
6318,2826,4,1757972951,0.8
6318,1127,3,1757972951,0.6
6318,1210,4,1757972951,0.8
6318,1968,3,1757972951,0.6
6318,1589,2,1757972951,0.4
6318,3262,3,1757972951,0.6
6318,2539,5,1757972951,1.0
6318,3438,5,1757972951,1.0
6318,2092,1,1757972951,0.2
6318,908,5,1757972951,1.0
6318,1645,2,1757972951,0.4
6318,2706,4,1757972951,0.8
6319,1997,2,1757972951,0.4
6319,1285,4,1757972951,0.8
6319,3421,2,1757972951,0.4
6319,1391,2,1757972951,0.4
6319,358,1,1757972951,0.2
6319,1101,2,1757972951,0.4
6319,235,3,1757972951,0.6
6319,3006,4,1757972951,0.8
6319,3578,5,1757972951,1.0
6319,2478,5,1757972951,1.0
6319,1617,1,1757972951,0.2
6319,2406,1,1757972951,0.2
6319,1367,4,1757972951,0.8
6319,2918,5,1757972951,1.0
6319,778,1,1757972951,0.2
6319,3527,1,1757972951,0.2
6319,2194,5,1757972951,1.0
6319,1729,4,1757972951,0.8
6319,969,1,1757972951,0.2
6319,2312,4,1757972951,0.8
6319,1686,5,1757972951,1.0
6319,2746,5,1757972951,1.0
6320,2683,3,1757972951,0.6
6320,357,5,1757972951,1.0
6320,1592,5,1757972951,1.0
6320,2126,1,1757972951,0.2
6320,1221,1,1757972951,0.2
6320,2170,5,1757972951,1.0
6320,2628,2,1757972951,0.4
6320,2788,2,1757972951,0.4
6320,3005,4,1757972951,0.8
6320,296,3,1757972951,0.6
6320,1804,2,1757972951,0.4
6320,3072,1,1757972951,0.2
6320,1,3,1757972951,0.6
6320,3365,4,1757972951,0.8
6320,3619,4,1757972951,0.8
6320,3317,3,1757972951,0.6
6321,2683,1,1757972951,0.2
6321,2414,3,1757972951,0.6
6321,3448,3,1757972951,0.6
6321,1240,1,1757972951,0.2
6321,1304,3,1757972951,0.6
6321,2193,4,1757972951,0.8
6321,1333,2,1757972951,0.4
6321,1282,4,1757972951,0.8
6321,1223,4,1757972951,0.8
6321,2968,4,1757972951,0.8
6321,2340,3,1757972951,0.6
6321,3105,3,1757972951,0.6
6321,2720,4,1757972951,0.8
6321,3527,2,1757972951,0.4
6321,356,3,1757972951,0.6
6321,2463,1,1757972951,0.2
6321,2797,4,1757972951,0.8
6321,2407,3,1757972951,0.6
6321,2078,1,1757972951,0.2
6321,1234,5,1757972951,1.0
6321,1224,4,1757972951,0.8
6322,1263,2,1757972951,0.4
6322,3525,1,1757972951,0.2
6322,1580,5,1757972951,1.0
6322,2268,2,1757972951,0.4
6322,314,3,1757972951,0.6
6322,1136,4,1757972951,0.8
6322,303,3,1757972951,0.6
6322,1356,3,1757972951,0.6
6322,2170,5,1757972951,1.0
6322,46,5,1757972951,1.0
6322,1213,1,1757972951,0.2
6322,3099,3,1757972951,0.6
6322,1923,4,1757972951,0.8
6322,2771,3,1757972951,0.6
6323,1379,4,1757972951,0.8
6323,2858,5,1757972951,1.0
6323,1196,3,1757972951,0.6
6323,3510,3,1757972951,0.6
6323,741,4,1757972951,0.8
6323,2795,5,1757972951,1.0
6323,1961,1,1757972951,0.2
6323,3755,3,1757972951,0.6
6323,3238,4,1757972951,0.8
6323,1799,5,1757972951,1.0
6323,2599,2,1757972951,0.4
6323,353,3,1757972951,0.6
6323,2116,2,1757972951,0.4
6323,1598,4,1757972951,0.8
6323,2077,4,1757972951,0.8
6323,2252,3,1757972951,0.6
6323,2328,2,1757972951,0.4
6323,539,2,1757972951,0.4
6323,3169,1,1757972951,0.2
6323,2411,5,1757972951,1.0
6323,3763,3,1757972951,0.6
6323,237,5,1757972951,1.0
6323,3698,4,1757972951,0.8
6323,1326,1,1757972951,0.2
6323,2716,5,1757972951,1.0
6323,2692,4,1757972951,0.8
6323,3033,3,1757972951,0.6
6323,1959,3,1757972951,0.6
6323,2571,4,1757972951,0.8
6323,590,2,1757972951,0.4
6323,720,2,1757972951,0.4
6323,3198,4,1757972951,0.8
6323,1367,2,1757972951,0.4
6323,3006,4,1757972951,0.8
6324,2535,4,1757972951,0.8
6324,1380,4,1757972951,0.8
6324,1035,2,1757972951,0.4
6324,368,4,1757972951,0.8
6324,1957,2,1757972951,0.4
6324,2951,5,1757972951,1.0
6324,349,2,1757972951,0.4
6324,2080,2,1757972951,0.4
6324,931,5,1757972951,1.0
6324,2889,1,1757972951,0.2
6324,3440,4,1757972951,0.8
6324,1259,1,1757972951,0.2
6324,3147,1,1757972951,0.2
6324,2000,1,1757972951,0.2
6324,1019,4,1757972951,0.8
6324,806,2,1757972951,0.4
6324,3175,3,1757972951,0.6
6324,593,1,1757972951,0.2
6324,529,3,1757972951,0.6
6324,1876,1,1757972951,0.2
6324,3678,3,1757972951,0.6
6324,3363,4,1757972951,0.8
6324,1597,2,1757972951,0.4
6324,2641,4,1757972951,0.8
6324,3504,3,1757972951,0.6
6325,1150,2,1757972951,0.4
6325,879,2,1757972951,0.4
6325,2706,1,1757972951,0.2
6325,3253,3,1757972951,0.6
6325,1965,3,1757972951,0.6
6325,1245,4,1757972951,0.8
6325,3949,1,1757972951,0.2
6325,2657,2,1757972951,0.4
6325,1644,2,1757972951,0.4
6325,223,2,1757972951,0.4
6325,1258,5,1757972951,1.0
6325,866,2,1757972951,0.4
6326,982,5,1757972951,1.0
6326,2380,1,1757972951,0.2
6326,3700,1,1757972951,0.2
6326,2571,1,1757972951,0.2
6326,144,1,1757972951,0.2
6326,920,2,1757972951,0.4
6326,733,2,1757972951,0.4
6326,2136,2,1757972951,0.4
6326,2794,4,1757972951,0.8
6326,548,4,1757972951,0.8
6326,457,5,1757972951,1.0
6326,1673,5,1757972951,1.0
6326,2414,5,1757972951,1.0
6326,2123,2,1757972951,0.4
6326,3733,1,1757972951,0.2
6326,151,1,1757972951,0.2
6326,849,1,1757972951,0.2
6326,2087,2,1757972951,0.4
6326,2355,5,1757972951,1.0
6326,3362,3,1757972951,0.6
6326,1307,4,1757972951,0.8
6327,2390,4,1757972951,0.8
6327,2699,3,1757972951,0.6
6327,1270,1,1757972951,0.2
6327,1956,3,1757972951,0.6
6327,2012,5,1757972951,1.0
6327,1127,3,1757972951,0.6
6327,3105,3,1757972951,0.6
6327,232,2,1757972951,0.4
6327,3435,3,1757972951,0.6
6327,2891,2,1757972951,0.4
6327,930,4,1757972951,0.8
6327,2762,4,1757972951,0.8
6327,1148,2,1757972951,0.4
6327,423,4,1757972951,0.8
6327,2013,5,1757972951,1.0
6327,1339,4,1757972951,0.8
6327,1997,3,1757972951,0.6
6327,2278,3,1757972951,0.6
6327,2840,5,1757972951,1.0
6328,1077,1,1757972951,0.2
6328,3169,5,1757972951,1.0
6328,589,5,1757972951,1.0
6328,3301,1,1757972951,0.2
6328,1277,4,1757972951,0.8
6328,3683,5,1757972951,1.0
6328,2881,5,1757972951,1.0
6328,3671,3,1757972951,0.6
6328,368,5,1757972951,1.0
6328,1005,1,1757972951,0.2
6328,1265,2,1757972951,0.4
6328,3107,1,1757972951,0.2
6328,3271,1,1757972951,0.2
6328,3255,5,1757972951,1.0
6329,1668,2,1757972951,0.4
6329,3274,2,1757972951,0.4
6329,2108,3,1757972951,0.6
6329,913,5,1757972951,1.0
6329,1196,2,1757972951,0.4
6329,481,1,1757972951,0.2
6329,2105,3,1757972951,0.6
6329,852,4,1757972951,0.8
6329,1320,5,1757972951,1.0
6329,1258,2,1757972951,0.4
6329,2001,4,1757972951,0.8
6329,1086,4,1757972951,0.8
6329,2367,1,1757972951,0.2
6329,2753,3,1757972951,0.6
6329,3768,1,1757972951,0.2
6329,1911,4,1757972951,0.8
6329,2422,1,1757972951,0.2
6329,3075,4,1757972951,0.8
6329,3418,5,1757972951,1.0
6329,1627,1,1757972951,0.2
6330,2455,4,1757972951,0.8
6330,1387,1,1757972951,0.2
6330,110,4,1757972951,0.8
6330,1961,1,1757972951,0.2
6330,3476,2,1757972951,0.4
6330,3101,3,1757972951,0.6
6330,519,5,1757972951,1.0
6330,1966,1,1757972951,0.2
6330,3851,4,1757972951,0.8
6330,2746,3,1757972951,0.6
6330,786,2,1757972951,0.4
6330,2948,5,1757972951,1.0
6330,2294,2,1757972951,0.4
6330,3702,3,1757972951,0.6
6330,1844,4,1757972951,0.8
6330,2716,5,1757972951,1.0
6330,3359,1,1757972951,0.2
6331,858,1,1757972951,0.2
6331,2126,1,1757972951,0.2
6331,3893,2,1757972951,0.4
6331,1135,1,1757972951,0.2
6331,2571,1,1757972951,0.2
6331,2525,5,1757972951,1.0
6331,1196,1,1757972951,0.2
6331,2567,5,1757972951,1.0
6331,1645,2,1757972951,0.4
6331,1267,2,1757972951,0.4
6331,3897,3,1757972951,0.6
6331,1431,4,1757972951,0.8
6331,453,1,1757972951,0.2
6331,2160,1,1757972951,0.2
6331,3635,4,1757972951,0.8
6331,3386,4,1757972951,0.8
6331,497,4,1757972951,0.8
6331,2329,5,1757972951,1.0
6331,3037,5,1757972951,1.0
6331,3697,3,1757972951,0.6
6331,2408,4,1757972951,0.8
6331,1352,3,1757972951,0.6
6331,2528,3,1757972951,0.6
6331,2987,4,1757972951,0.8
6332,783,2,1757972951,0.4
6332,2080,4,1757972951,0.8
6332,1,3,1757972951,0.6
6332,2770,5,1757972951,1.0
6332,3471,2,1757972951,0.4
6332,608,2,1757972951,0.4
6332,1304,5,1757972951,1.0
6332,442,2,1757972951,0.4
6332,2867,3,1757972951,0.6
6332,95,3,1757972951,0.6
6332,480,2,1757972951,0.4
6332,3029,5,1757972951,1.0
6332,2915,5,1757972951,1.0
6332,2002,1,1757972951,0.2
6332,1907,1,1757972951,0.2
6332,2717,2,1757972951,0.4
6332,1254,4,1757972951,0.8
6332,588,5,1757972951,1.0
6332,1197,1,1757972951,0.2
6332,3912,3,1757972951,0.6
6332,1278,4,1757972951,0.8
6332,2455,2,1757972951,0.4
6333,3408,4,1757972951,0.8
6333,2599,4,1757972951,0.8
6333,920,5,1757972951,1.0
6333,3175,2,1757972951,0.4
6333,1196,1,1757972951,0.2
6333,2389,5,1757972951,1.0
6333,1304,1,1757972951,0.2
6333,555,5,1757972951,1.0
6333,3624,5,1757972951,1.0
6333,487,2,1757972951,0.4
6333,3729,1,1757972951,0.2
6333,3698,1,1757972951,0.2
6333,3256,3,1757972951,0.6
6333,1356,2,1757972951,0.4
6333,1148,3,1757972951,0.6
6333,2028,2,1757972951,0.4
6333,3438,1,1757972951,0.2
6333,215,2,1757972951,0.4
6333,1799,5,1757972951,1.0
6334,3543,1,1757972951,0.2
6334,223,2,1757972951,0.4
6334,2013,3,1757972951,0.6
6334,44,1,1757972951,0.2
6334,1500,4,1757972951,0.8
6334,1183,5,1757972951,1.0
6334,3703,5,1757972951,1.0
6334,1617,4,1757972951,0.8
6334,3897,3,1757972951,0.6
6334,3362,3,1757972951,0.6
6334,1171,5,1757972951,1.0
6334,2371,3,1757972951,0.6
6334,1210,4,1757972951,0.8
6334,3744,4,1757972951,0.8
6334,2019,5,1757972951,1.0
6334,1,3,1757972951,0.6
6334,2407,3,1757972951,0.6
6334,1959,4,1757972951,0.8
6334,800,2,1757972951,0.4
6334,153,5,1757972951,1.0
6334,2257,5,1757972951,1.0
6335,2867,3,1757972951,0.6
6335,1094,2,1757972951,0.4
6335,380,1,1757972951,0.2
6335,47,4,1757972951,0.8
6335,442,5,1757972951,1.0
6335,329,2,1757972951,0.4
6335,2063,2,1757972951,0.4
6335,1282,4,1757972951,0.8
6335,3555,4,1757972951,0.8
6335,338,4,1757972951,0.8
6335,3360,2,1757972951,0.4
6335,931,3,1757972951,0.6
6335,1918,5,1757972951,1.0
6335,2424,3,1757972951,0.6
6335,588,3,1757972951,0.6
6335,1307,3,1757972951,0.6
6335,2170,2,1757972951,0.4
6335,507,4,1757972951,0.8
6335,2321,4,1757972951,0.8
6335,2396,5,1757972951,1.0
6335,260,1,1757972951,0.2
6335,546,5,1757972951,1.0
6335,912,3,1757972951,0.6
6335,592,3,1757972951,0.6
6335,2726,5,1757972951,1.0
6335,170,4,1757972951,0.8
6335,1270,3,1757972951,0.6
6336,198,1,1757972951,0.2
6336,2094,4,1757972951,0.8
6336,303,1,1757972951,0.2
6336,1080,5,1757972951,1.0
6336,3113,1,1757972951,0.2
6336,3545,3,1757972951,0.6
6336,1589,2,1757972951,0.4
6336,3108,1,1757972951,0.2
6336,17,1,1757972951,0.2
6336,1639,2,1757972951,0.4
6336,158,2,1757972951,0.4
6336,480,5,1757972951,1.0
6336,502,5,1757972951,1.0
6336,307,4,1757972951,0.8
6336,1760,5,1757972951,1.0
6336,3112,5,1757972951,1.0
6336,2771,5,1757972951,1.0
6336,1298,1,1757972951,0.2
6336,1653,5,1757972951,1.0
6336,65,5,1757972951,1.0
6336,1240,1,1757972951,0.2
6336,1648,2,1757972951,0.4
6336,608,5,1757972951,1.0
6336,1265,1,1757972951,0.2
6337,2788,5,1757972951,1.0
6337,417,4,1757972951,0.8
6337,3527,3,1757972951,0.6
6337,1375,1,1757972951,0.2
6337,1894,1,1757972951,0.2
6337,2,3,1757972951,0.6
6337,1378,1,1757972951,0.2
6337,3052,3,1757972951,0.6
6337,1252,2,1757972951,0.4
6337,50,1,1757972951,0.2
6337,2081,5,1757972951,1.0
6337,1095,2,1757972951,0.4
6337,3255,1,1757972951,0.2
6337,1961,4,1757972951,0.8
6337,2490,2,1757972951,0.4
6337,3871,2,1757972951,0.4
6337,2582,1,1757972951,0.2
6337,2553,4,1757972951,0.8
6337,111,5,1757972951,1.0
6337,3448,4,1757972951,0.8
6337,3108,2,1757972951,0.4
6337,1276,1,1757972951,0.2
6338,3593,3,1757972951,0.6
6338,3148,3,1757972951,0.6
6338,909,2,1757972951,0.4
6338,1606,3,1757972951,0.6
6338,177,1,1757972951,0.2
6338,3203,5,1757972951,1.0
6338,1466,5,1757972951,1.0
6338,1385,3,1757972951,0.6
6338,330,1,1757972951,0.2
6338,1283,4,1757972951,0.8
6338,2191,1,1757972951,0.2
6338,338,2,1757972951,0.4
6338,317,1,1757972951,0.2
6338,724,5,1757972951,1.0
6338,1375,3,1757972951,0.6
6338,3477,3,1757972951,0.6
6338,161,4,1757972951,0.8
6338,1639,4,1757972951,0.8
6338,1221,1,1757972951,0.2
6338,66,1,1757972951,0.2
6338,1968,3,1757972951,0.6
6338,2478,1,1757972951,0.2
6338,588,3,1757972951,0.6
6338,3534,5,1757972951,1.0
6338,441,3,1757972951,0.6
6338,3354,2,1757972951,0.4
6339,1374,5,1757972951,1.0
6339,1376,1,1757972951,0.2
6339,527,4,1757972951,0.8
6339,1212,2,1757972951,0.4
6339,2581,4,1757972951,0.8
6339,450,1,1757972951,0.2
6339,312,3,1757972951,0.6
6339,2293,2,1757972951,0.4
6339,1865,2,1757972951,0.4
6339,2973,3,1757972951,0.6
6339,1959,4,1757972951,0.8
6339,1127,5,1757972951,1.0
6339,2439,5,1757972951,1.0
6339,3248,4,1757972951,0.8
6339,2571,5,1757972951,1.0
6339,1373,5,1757972951,1.0
6339,733,5,1757972951,1.0
6339,550,2,1757972951,0.4
6339,1097,4,1757972951,0.8
6339,1057,1,1757972951,0.2
6339,2542,5,1757972951,1.0
6339,3253,5,1757972951,1.0
6339,2314,3,1757972951,0.6
6339,2952,5,1757972951,1.0
6339,1022,1,1757972951,0.2
6340,442,4,1757972951,0.8
6340,368,1,1757972951,0.2
6340,2263,1,1757972951,0.2
6340,3000,4,1757972951,0.8
6340,1011,5,1757972951,1.0
6340,944,2,1757972951,0.4
6340,2455,2,1757972951,0.4
6340,3701,5,1757972951,1.0
6340,2082,5,1757972951,1.0
6340,547,4,1757972951,0.8
6340,1095,3,1757972951,0.6
6340,1453,2,1757972951,0.4
6340,2921,3,1757972951,0.6
6340,2329,2,1757972951,0.4
6340,223,2,1757972951,0.4
6340,3624,3,1757972951,0.6
6340,2916,4,1757972951,0.8
6340,356,2,1757972951,0.4
6340,527,4,1757972951,0.8
6340,296,2,1757972951,0.4
6341,1678,3,1757972951,0.6
6341,2018,4,1757972951,0.8
6341,417,4,1757972951,0.8
6341,2405,2,1757972951,0.4
6341,2058,5,1757972951,1.0
6341,3178,5,1757972951,1.0
6341,2454,1,1757972951,0.2
6341,2025,5,1757972951,1.0
6341,1603,5,1757972951,1.0
6341,58,1,1757972951,0.2
6341,2088,2,1757972951,0.4
6341,1100,5,1757972951,1.0
6341,3412,1,1757972951,0.2
6341,2155,3,1757972951,0.6
6341,3481,1,1757972951,0.2
6341,1274,4,1757972951,0.8
6341,1036,5,1757972951,1.0
6341,300,2,1757972951,0.4
6341,2551,2,1757972951,0.4
6341,2353,3,1757972951,0.6
6342,2791,4,1757972951,0.8
6342,3361,4,1757972951,0.8
6342,1580,1,1757972951,0.2
6342,2949,1,1757972951,0.2
6342,2724,1,1757972951,0.2
6342,1923,1,1757972951,0.2
6342,2551,2,1757972951,0.4
6342,595,1,1757972951,0.2
6342,3714,4,1757972951,0.8
6342,1544,4,1757972951,0.8
6342,1201,4,1757972951,0.8
6342,357,1,1757972951,0.2
6342,3526,2,1757972951,0.4
6342,593,5,1757972951,1.0
6342,1442,1,1757972951,0.2
6342,2802,5,1757972951,1.0
6342,2959,2,1757972951,0.4
6342,1225,2,1757972951,0.4
6342,2681,5,1757972951,1.0
6343,48,3,1757972951,0.6
6343,261,2,1757972951,0.4
6343,2058,3,1757972951,0.6
6343,3247,1,1757972951,0.2
6343,1220,2,1757972951,0.4
6343,3513,1,1757972951,0.2
6343,1862,5,1757972951,1.0
6343,3129,3,1757972951,0.6
6343,1653,2,1757972951,0.4
6343,945,2,1757972951,0.4
6343,1357,3,1757972951,0.6
6343,3787,3,1757972951,0.6
6343,47,3,1757972951,0.6
6343,2860,3,1757972951,0.6
6343,198,4,1757972951,0.8
6343,1482,3,1757972951,0.6
6343,1479,2,1757972951,0.4
6344,1276,2,1757972951,0.4
6344,1020,5,1757972951,1.0
6344,1186,5,1757972951,1.0
6344,2310,5,1757972951,1.0
6344,1258,2,1757972951,0.4
6344,1958,3,1757972951,0.6
6344,1997,3,1757972951,0.6
6344,2917,1,1757972951,0.2
6344,3054,3,1757972951,0.6
6344,3299,5,1757972951,1.0
6344,34,1,1757972951,0.2
6344,2395,4,1757972951,0.8
6344,3588,5,1757972951,1.0
6344,1425,2,1757972951,0.4
6344,2997,4,1757972951,0.8
6344,2599,2,1757972951,0.4
6344,2571,4,1757972951,0.8
6344,1250,1,1757972951,0.2
6344,1461,2,1757972951,0.4
6344,3578,3,1757972951,0.6
6344,3685,4,1757972951,0.8
6344,231,4,1757972951,0.8
6345,2985,3,1757972951,0.6
6345,2929,5,1757972951,1.0
6345,2752,3,1757972951,0.6
6345,2411,3,1757972951,0.6
6345,1233,3,1757972951,0.6
6345,2857,2,1757972951,0.4
6345,1185,5,1757972951,1.0
6345,3745,1,1757972951,0.2
6345,2100,2,1757972951,0.4
6345,943,5,1757972951,1.0
6345,2227,3,1757972951,0.6
6345,2302,2,1757972951,0.4
6345,3412,5,1757972951,1.0
6345,2677,5,1757972951,1.0
6345,628,2,1757972951,0.4
6345,3451,3,1757972951,0.6
6345,590,3,1757972951,0.6
6345,3146,5,1757972951,1.0
6345,3267,3,1757972951,0.6
6345,2355,3,1757972951,0.6
6345,3418,3,1757972951,0.6
6346,2642,3,1757972951,0.6
6346,196,2,1757972951,0.4
6346,50,4,1757972951,0.8
6346,3827,2,1757972951,0.4
6346,2393,3,1757972951,0.6
6346,2273,2,1757972951,0.4
6346,2628,5,1757972951,1.0
6346,3274,3,1757972951,0.6
6346,788,1,1757972951,0.2
6346,1396,2,1757972951,0.4
6346,333,3,1757972951,0.6
6346,1997,4,1757972951,0.8
6346,1247,2,1757972951,0.4
6346,1036,1,1757972951,0.2
6346,3317,3,1757972951,0.6
6346,2795,4,1757972951,0.8
6346,2395,1,1757972951,0.2
6346,453,2,1757972951,0.4
6346,931,3,1757972951,0.6
6346,2065,5,1757972951,1.0
6346,3098,3,1757972951,0.6
6346,588,3,1757972951,0.6
6346,1294,5,1757972951,1.0
6346,3114,2,1757972951,0.4
6346,198,3,1757972951,0.6
6347,3684,5,1757972951,1.0
6347,2006,2,1757972951,0.4
6347,1077,3,1757972951,0.6
6347,3526,4,1757972951,0.8
6347,1135,2,1757972951,0.4
6347,70,5,1757972951,1.0
6347,3316,2,1757972951,0.4
6347,1009,3,1757972951,0.6
6347,922,1,1757972951,0.2
6347,3448,5,1757972951,1.0
6347,1196,3,1757972951,0.6
6347,3551,2,1757972951,0.4
6347,3000,3,1757972951,0.6
6347,1674,5,1757972951,1.0
6347,2007,2,1757972951,0.4
6347,3505,5,1757972951,1.0
6347,3033,5,1757972951,1.0
6347,1060,2,1757972951,0.4
6347,3600,2,1757972951,0.4
6347,590,3,1757972951,0.6
6348,3789,4,1757972951,0.8
6348,2005,1,1757972951,0.2
6348,377,5,1757972951,1.0
6348,3444,4,1757972951,0.8
6348,1674,3,1757972951,0.6
6348,2872,5,1757972951,1.0
6348,562,4,1757972951,0.8
6348,1218,3,1757972951,0.6
6348,1446,5,1757972951,1.0
6348,900,5,1757972951,1.0
6348,1196,5,1757972951,1.0
6348,1231,1,1757972951,0.2
6349,1267,3,1757972951,0.6
6349,1033,1,1757972951,0.2
6349,3358,5,1757972951,1.0
6349,898,4,1757972951,0.8
6349,1198,1,1757972951,0.2
6349,3526,3,1757972951,0.6
6349,2455,1,1757972951,0.2
6349,3481,5,1757972951,1.0
6349,2542,2,1757972951,0.4
6349,2959,1,1757972951,0.2
6349,1747,4,1757972951,0.8
6349,2716,3,1757972951,0.6
6349,2875,3,1757972951,0.6
6349,1339,4,1757972951,0.8
6349,1888,3,1757972951,0.6
6349,785,4,1757972951,0.8
6349,356,1,1757972951,0.2
6349,2877,2,1757972951,0.4
6349,50,2,1757972951,0.4
6349,1350,4,1757972951,0.8
6349,43,4,1757972951,0.8
6349,2642,3,1757972951,0.6
6349,1635,2,1757972951,0.4
6349,2599,3,1757972951,0.6
6349,1977,5,1757972951,1.0
6350,3591,1,1757972951,0.2
6350,1294,1,1757972951,0.2
6350,10,3,1757972951,0.6
6350,1129,5,1757972951,1.0
6350,176,3,1757972951,0.6
6350,2617,5,1757972951,1.0
6350,2011,5,1757972951,1.0
6350,3418,1,1757972951,0.2
6350,2949,2,1757972951,0.4
6350,1089,5,1757972951,1.0
6350,1370,3,1757972951,0.6
6350,2071,3,1757972951,0.6
6350,3744,1,1757972951,0.2
6350,2846,1,1757972951,0.2
6350,2521,3,1757972951,0.6
6350,242,4,1757972951,0.8
6350,1219,2,1757972951,0.4
6350,1646,4,1757972951,0.8
6350,1060,3,1757972951,0.6
6350,1445,2,1757972951,0.4
6350,1584,4,1757972951,0.8
6350,1200,4,1757972951,0.8
6350,1958,3,1757972951,0.6
6350,1762,1,1757972951,0.2
6350,616,1,1757972951,0.2
6351,1429,3,1757972951,0.6
6351,733,1,1757972951,0.2
6351,3396,3,1757972951,0.6
6351,1347,2,1757972951,0.4
6351,2145,4,1757972951,0.8
6351,1208,3,1757972951,0.6
6351,2471,2,1757972951,0.4
6351,2617,5,1757972951,1.0
6351,1130,3,1757972951,0.6
6351,1517,5,1757972951,1.0
6351,357,4,1757972951,0.8
6351,2951,1,1757972951,0.2
6351,3578,3,1757972951,0.6
6351,2702,1,1757972951,0.2
6351,2167,5,1757972951,1.0
6351,412,4,1757972951,0.8
6351,1713,4,1757972951,0.8
6351,1097,2,1757972951,0.4
6351,2890,4,1757972951,0.8
6351,3809,4,1757972951,0.8
6351,3925,3,1757972951,0.6
6351,2058,2,1757972951,0.4
6351,3591,2,1757972951,0.4
6351,3048,1,1757972951,0.2
6351,2088,3,1757972951,0.6
6351,1277,1,1757972951,0.2
6351,1962,2,1757972951,0.4
6351,832,1,1757972951,0.2
6351,3751,3,1757972951,0.6
6352,1517,4,1757972951,0.8
6352,1271,2,1757972951,0.4
6352,3055,2,1757972951,0.4
6352,1219,4,1757972951,0.8
6352,288,3,1757972951,0.6
6352,2395,2,1757972951,0.4
6352,1291,4,1757972951,0.8
6352,1873,5,1757972951,1.0
6352,2959,1,1757972951,0.2
6352,1591,2,1757972951,0.4
6352,1099,3,1757972951,0.6
6352,3355,5,1757972951,1.0
6352,2917,5,1757972951,1.0
6352,597,2,1757972951,0.4
6352,2273,5,1757972951,1.0
6352,357,2,1757972951,0.4
6353,1729,3,1757972951,0.6
6353,1961,1,1757972951,0.2
6353,593,3,1757972951,0.6
6353,942,3,1757972951,0.6
6353,783,3,1757972951,0.6
6353,2028,5,1757972951,1.0
6353,1097,2,1757972951,0.4
6353,3174,3,1757972951,0.6
6353,1278,3,1757972951,0.6
6353,3911,4,1757972951,0.8
6353,2706,1,1757972951,0.2
6353,3715,1,1757972951,0.2
6353,780,3,1757972951,0.6
6353,42,2,1757972951,0.4
6353,235,1,1757972951,0.2
6353,2612,1,1757972951,0.2
6353,1129,5,1757972951,1.0
6353,2115,5,1757972951,1.0
6353,1267,5,1757972951,1.0
6353,172,2,1757972951,0.4
6353,2571,4,1757972951,0.8
6353,1036,3,1757972951,0.6
6353,1783,3,1757972951,0.6
6353,527,3,1757972951,0.6
6354,2058,3,1757972951,0.6
6354,1442,3,1757972951,0.6
6354,293,3,1757972951,0.6
6354,1096,1,1757972951,0.2
6354,2997,2,1757972951,0.4
6354,608,2,1757972951,0.4
6354,361,5,1757972951,1.0
6354,2502,5,1757972951,1.0
6354,457,3,1757972951,0.6
6354,2840,3,1757972951,0.6
6354,260,2,1757972951,0.4
6354,3042,3,1757972951,0.6
6354,1007,5,1757972951,1.0
6354,466,2,1757972951,0.4
6354,3681,3,1757972951,0.6
6354,2247,3,1757972951,0.6
6354,1081,5,1757972951,1.0
6354,2881,1,1757972951,0.2
6354,1295,3,1757972951,0.6
6354,2029,3,1757972951,0.6
6354,3499,3,1757972951,0.6
6355,1059,3,1757972951,0.6
6355,3717,1,1757972951,0.2
6355,2858,4,1757972951,0.8
6355,1136,1,1757972951,0.2
6355,3107,3,1757972951,0.6
6355,2290,5,1757972951,1.0
6355,2078,2,1757972951,0.4
6355,3578,1,1757972951,0.2
6355,3516,1,1757972951,0.2
6355,1387,4,1757972951,0.8
6355,1997,2,1757972951,0.4
6355,1784,3,1757972951,0.6
6355,1060,3,1757972951,0.6
6355,1340,4,1757972951,0.8
6355,1,2,1757972951,0.4
6355,3082,5,1757972951,1.0
6355,2428,5,1757972951,1.0
6355,543,4,1757972951,0.8
6355,208,5,1757972951,1.0
6356,6,2,1757972951,0.4
6356,1921,4,1757972951,0.8
6356,2316,4,1757972951,0.8
6356,1307,3,1757972951,0.6
6356,3361,3,1757972951,0.6
6356,246,1,1757972951,0.2
6356,648,2,1757972951,0.4
6356,3655,3,1757972951,0.6
6356,1777,2,1757972951,0.4
6356,1499,4,1757972951,0.8
6356,300,1,1757972951,0.2
6356,2580,4,1757972951,0.8
6356,110,5,1757972951,1.0
6356,1674,2,1757972951,0.4
6356,2005,3,1757972951,0.6
6356,2482,5,1757972951,1.0
6356,2791,5,1757972951,1.0
6356,2325,4,1757972951,0.8
6356,3114,4,1757972951,0.8
6356,900,4,1757972951,0.8
6357,1748,4,1757972951,0.8
6357,1198,4,1757972951,0.8
6357,407,4,1757972951,0.8
6357,2919,3,1757972951,0.6
6357,1206,1,1757972951,0.2
6357,2598,1,1757972951,0.2
6357,556,2,1757972951,0.4
6357,3101,5,1757972951,1.0
6357,3153,3,1757972951,0.6
6357,1250,3,1757972951,0.6
6357,3952,1,1757972951,0.2
6357,1699,4,1757972951,0.8
6357,1673,4,1757972951,0.8
6357,1918,3,1757972951,0.6
6357,1625,3,1757972951,0.6
6357,457,4,1757972951,0.8
6357,880,4,1757972951,0.8
6357,2997,1,1757972951,0.2
6357,2779,3,1757972951,0.6
6357,318,2,1757972951,0.4
6357,2160,5,1757972951,1.0
6357,1552,2,1757972951,0.4
6357,1449,2,1757972951,0.4
6357,1954,5,1757972951,1.0
6357,1104,3,1757972951,0.6
6357,778,3,1757972951,0.6
6358,3578,1,1757972951,0.2
6358,2269,4,1757972951,0.8
6358,3807,1,1757972951,0.2
6358,3668,5,1757972951,1.0
6358,1018,2,1757972951,0.4
6358,3270,4,1757972951,0.8
6358,2456,4,1757972951,0.8
6358,3359,4,1757972951,0.8
6358,2961,2,1757972951,0.4
6358,1827,3,1757972951,0.6
6358,903,1,1757972951,0.2
6358,1259,2,1757972951,0.4
6358,2012,3,1757972951,0.6
6358,1260,2,1757972951,0.4
6358,2161,1,1757972951,0.2
6358,1480,5,1757972951,1.0
6358,2716,1,1757972951,0.2
6358,802,3,1757972951,0.6
6358,951,1,1757972951,0.2
6358,3793,2,1757972951,0.4
6358,3362,1,1757972951,0.2
6358,2488,2,1757972951,0.4
6358,1670,1,1757972951,0.2
6358,2359,1,1757972951,0.2
6359,1197,2,1757972951,0.4
6359,2414,4,1757972951,0.8
6359,3248,4,1757972951,0.8
6359,236,3,1757972951,0.6
6359,1387,3,1757972951,0.6
6359,3247,3,1757972951,0.6
6359,2457,4,1757972951,0.8
6359,17,1,1757972951,0.2
6359,1179,4,1757972951,0.8
6359,3952,5,1757972951,1.0
6359,1246,4,1757972951,0.8
6359,3506,2,1757972951,0.4
6359,2420,3,1757972951,0.6
6360,1262,3,1757972951,0.6
6360,3524,3,1757972951,0.6
6360,1975,5,1757972951,1.0
6360,2762,5,1757972951,1.0
6360,1077,2,1757972951,0.4
6360,2386,1,1757972951,0.2
6360,611,2,1757972951,0.4
6360,994,4,1757972951,0.8
6360,3147,5,1757972951,1.0
6360,2359,3,1757972951,0.6
6360,923,5,1757972951,1.0
6360,1848,3,1757972951,0.6
6360,590,3,1757972951,0.6
6360,785,3,1757972951,0.6
6360,1028,2,1757972951,0.4
6360,2391,1,1757972951,0.2
6360,377,2,1757972951,0.4
6360,802,3,1757972951,0.6
6361,897,5,1757972951,1.0
6361,2968,3,1757972951,0.6
6361,1625,2,1757972951,0.4
6361,3591,5,1757972951,1.0
6361,1135,4,1757972951,0.8
6361,3770,3,1757972951,0.6
6361,907,3,1757972951,0.6
6361,3036,1,1757972951,0.2
6361,543,5,1757972951,1.0
6361,3597,4,1757972951,0.8
6361,2906,4,1757972951,0.8
6361,2942,3,1757972951,0.6
6361,2398,4,1757972951,0.8
6361,596,3,1757972951,0.6
6361,2762,4,1757972951,0.8
6361,3873,5,1757972951,1.0
6361,2858,5,1757972951,1.0
6361,3793,4,1757972951,0.8
6361,3210,1,1757972951,0.2
6361,367,3,1757972951,0.6
6361,338,4,1757972951,0.8
6362,916,5,1757972951,1.0
6362,473,1,1757972951,0.2
6362,984,5,1757972951,1.0
6362,2762,1,1757972951,0.2
6362,2134,2,1757972951,0.4
6362,292,5,1757972951,1.0
6362,2291,4,1757972951,0.8
6362,3156,2,1757972951,0.4
6362,2571,2,1757972951,0.4
6362,900,3,1757972951,0.6
6362,508,2,1757972951,0.4
6362,1608,4,1757972951,0.8
6362,3168,3,1757972951,0.6
6362,2416,4,1757972951,0.8
6362,2290,3,1757972951,0.6
6362,39,5,1757972951,1.0
6362,923,2,1757972951,0.4
6362,2712,1,1757972951,0.2
6362,1393,5,1757972951,1.0
6362,3771,5,1757972951,1.0
6362,3521,3,1757972951,0.6
6362,3484,5,1757972951,1.0
6362,1198,2,1757972951,0.4
6363,3415,3,1757972951,0.6
6363,1094,5,1757972951,1.0
6363,1198,1,1757972951,0.2
6363,1957,5,1757972951,1.0
6363,2046,2,1757972951,0.4
6363,2997,5,1757972951,1.0
6363,3793,5,1757972951,1.0
6363,736,2,1757972951,0.4
6363,1244,3,1757972951,0.6
6363,17,4,1757972951,0.8
6363,2628,2,1757972951,0.4
6363,1799,2,1757972951,0.4
6363,405,2,1757972951,0.4
6363,46,1,1757972951,0.2
6363,235,5,1757972951,1.0
6363,593,2,1757972951,0.4
6363,1732,3,1757972951,0.6
6363,1959,4,1757972951,0.8
6363,2369,5,1757972951,1.0
6363,3504,3,1757972951,0.6
6363,2863,3,1757972951,0.6
6363,908,1,1757972951,0.2
6363,1719,4,1757972951,0.8
6363,1282,1,1757972951,0.2
6363,2907,4,1757972951,0.8
6363,1266,4,1757972951,0.8
6363,224,4,1757972951,0.8
6363,2318,5,1757972951,1.0
6364,260,3,1757972951,0.6
6364,466,2,1757972951,0.4
6364,943,1,1757972951,0.2
6364,1210,3,1757972951,0.6
6364,1416,5,1757972951,1.0
6364,3753,5,1757972951,1.0
6364,1388,3,1757972951,0.6
6364,1442,3,1757972951,0.6
6364,904,3,1757972951,0.6
6364,2051,3,1757972951,0.6
6364,257,4,1757972951,0.8
6364,2859,2,1757972951,0.4
6364,3871,3,1757972951,0.6
6364,2953,2,1757972951,0.4
6365,2247,5,1757972951,1.0
6365,2104,3,1757972951,0.6
6365,2870,3,1757972951,0.6
6365,3949,2,1757972951,0.4
6365,2739,5,1757972951,1.0
6365,3421,1,1757972951,0.2
6365,2716,5,1757972951,1.0
6365,2471,4,1757972951,0.8
6365,2944,4,1757972951,0.8
6365,585,1,1757972951,0.2
6365,3745,3,1757972951,0.6
6365,562,3,1757972951,0.6
6365,260,5,1757972951,1.0
6365,595,2,1757972951,0.4
6365,1888,1,1757972951,0.2
6365,2718,5,1757972951,1.0
6365,2394,2,1757972951,0.4
6365,2917,3,1757972951,0.6
6365,2291,4,1757972951,0.8
6365,435,2,1757972951,0.4
6365,2090,3,1757972951,0.6
6365,2083,2,1757972951,0.4
6365,376,3,1757972951,0.6
6366,1973,4,1757972951,0.8
6366,3499,5,1757972951,1.0
6366,2971,1,1757972951,0.2
6366,153,5,1757972951,1.0
6366,1,4,1757972951,0.8
6366,2321,1,1757972951,0.2
6366,1060,4,1757972951,0.8
6366,882,4,1757972951,0.8
6366,1304,2,1757972951,0.4
6366,1610,5,1757972951,1.0
6366,1291,1,1757972951,0.2
6366,3704,2,1757972951,0.4
6366,1198,4,1757972951,0.8
6366,611,1,1757972951,0.2
6366,2867,3,1757972951,0.6
6366,1380,1,1757972951,0.2
6366,2706,3,1757972951,0.6
6366,1590,1,1757972951,0.2
6366,3091,3,1757972951,0.6
6366,2140,4,1757972951,0.8
6366,1292,5,1757972951,1.0
6367,3438,2,1757972951,0.4
6367,112,1,1757972951,0.2
6367,1645,1,1757972951,0.2
6367,3703,4,1757972951,0.8
6367,300,4,1757972951,0.8
6367,3006,5,1757972951,1.0
6367,1079,3,1757972951,0.6
6367,3614,2,1757972951,0.4
6367,140,1,1757972951,0.2
6367,2916,2,1757972951,0.4
6367,2001,4,1757972951,0.8
6367,3809,3,1757972951,0.6
6367,1918,4,1757972951,0.8
6367,1961,3,1757972951,0.6
6368,88,5,1757972951,1.0
6368,1617,2,1757972951,0.4
6368,1091,2,1757972951,0.4
6368,2504,3,1757972951,0.6
6368,3702,5,1757972951,1.0
6368,236,2,1757972951,0.4
6368,367,5,1757972951,1.0
6368,1240,3,1757972951,0.6
6368,3082,5,1757972951,1.0
6368,2241,5,1757972951,1.0
6368,3793,4,1757972951,0.8
6368,691,2,1757972951,0.4
6368,1287,2,1757972951,0.4
6368,2612,4,1757972951,0.8
6368,1079,3,1757972951,0.6
6368,1997,4,1757972951,0.8
6368,110,5,1757972951,1.0
6368,1387,1,1757972951,0.2
6368,543,3,1757972951,0.6
6368,1120,5,1757972951,1.0
6368,1242,3,1757972951,0.6
6368,918,2,1757972951,0.4
6368,3464,2,1757972951,0.4
6368,1772,5,1757972951,1.0
6368,733,3,1757972951,0.6
6368,208,3,1757972951,0.6
6369,2177,2,1757972951,0.4
6369,2359,3,1757972951,0.6
6369,1017,3,1757972951,0.6
6369,3845,2,1757972951,0.4
6369,1777,5,1757972951,1.0
6369,3578,2,1757972951,0.4
6369,2400,3,1757972951,0.6
6369,272,4,1757972951,0.8
6369,329,2,1757972951,0.4
6369,1517,1,1757972951,0.2
6369,1333,2,1757972951,0.4
6369,2463,4,1757972951,0.8
6369,1580,3,1757972951,0.6
6369,589,4,1757972951,0.8
6369,3159,4,1757972951,0.8
6369,3629,4,1757972951,0.8
6369,3618,5,1757972951,1.0
6369,1894,3,1757972951,0.6
6369,300,3,1757972951,0.6
6369,2253,2,1757972951,0.4
6369,1969,1,1757972951,0.2
6369,1449,3,1757972951,0.6
6370,3639,2,1757972951,0.4
6370,2877,1,1757972951,0.2
6370,745,1,1757972951,0.2
6370,2028,3,1757972951,0.6
6370,2826,2,1757972951,0.4
6370,3704,4,1757972951,0.8
6370,1783,2,1757972951,0.4
6370,2135,1,1757972951,0.2
6370,1617,5,1757972951,1.0
6370,3063,3,1757972951,0.6
6370,1294,2,1757972951,0.4
6370,1987,5,1757972951,1.0
6370,1339,4,1757972951,0.8
6370,89,1,1757972951,0.2
6370,317,2,1757972951,0.4
6370,436,2,1757972951,0.4
6370,3241,5,1757972951,1.0
6371,2391,1,1757972951,0.2
6371,265,3,1757972951,0.6
6371,1394,1,1757972951,0.2
6371,2581,5,1757972951,1.0
6371,3256,1,1757972951,0.2
6371,592,4,1757972951,0.8
6371,1292,1,1757972951,0.2
6371,3471,1,1757972951,0.2
6371,3095,2,1757972951,0.4
6371,552,3,1757972951,0.6
6371,384,2,1757972951,0.4
6371,60,1,1757972951,0.2
6371,2571,2,1757972951,0.4
6371,2528,3,1757972951,0.6
6371,785,4,1757972951,0.8
6371,1096,2,1757972951,0.4
6372,3755,3,1757972951,0.6
6372,388,3,1757972951,0.6
6372,2474,5,1757972951,1.0
6372,1172,2,1757972951,0.4
6372,1918,3,1757972951,0.6
6372,150,1,1757972951,0.2
6372,1968,4,1757972951,0.8
6372,2803,2,1757972951,0.4
6372,3101,2,1757972951,0.4
6372,1463,4,1757972951,0.8
6372,527,3,1757972951,0.6
6372,30,5,1757972951,1.0
6372,1274,2,1757972951,0.4
6372,3868,1,1757972951,0.2
6372,2978,2,1757972951,0.4
6372,3452,5,1757972951,1.0
6372,3882,4,1757972951,0.8
6372,1562,4,1757972951,0.8
6372,2253,3,1757972951,0.6
6372,3088,5,1757972951,1.0
6373,2289,5,1757972951,1.0
6373,541,4,1757972951,0.8
6373,786,2,1757972951,0.4
6373,1088,1,1757972951,0.2
6373,1185,2,1757972951,0.4
6373,3704,5,1757972951,1.0
6373,1136,1,1757972951,0.2
6373,3844,4,1757972951,0.8
6373,552,3,1757972951,0.6
6373,2288,5,1757972951,1.0
6373,1938,5,1757972951,1.0
6373,1748,1,1757972951,0.2
6373,2294,5,1757972951,1.0
6373,2671,5,1757972951,1.0
6373,2469,5,1757972951,1.0
6373,2791,3,1757972951,0.6
6373,595,4,1757972951,0.8
6373,3067,4,1757972951,0.8
6373,551,4,1757972951,0.8
6373,1235,2,1757972951,0.4
6373,357,4,1757972951,0.8
6373,858,5,1757972951,1.0
6373,1690,5,1757972951,1.0
6373,1917,3,1757972951,0.6
6373,296,1,1757972951,0.2
6374,111,2,1757972951,0.4
6374,3527,5,1757972951,1.0
6374,2076,5,1757972951,1.0
6374,1204,2,1757972951,0.4
6374,2916,3,1757972951,0.6
6374,2005,3,1757972951,0.6
6374,1375,4,1757972951,0.8
6374,266,2,1757972951,0.4
6374,1231,4,1757972951,0.8
6374,2918,5,1757972951,1.0
6374,2411,2,1757972951,0.4
6374,919,5,1757972951,1.0
6374,1027,3,1757972951,0.6
6374,454,4,1757972951,0.8
6374,1704,2,1757972951,0.4
6374,349,1,1757972951,0.2
6374,3908,4,1757972951,0.8
6374,2278,3,1757972951,0.6
6375,2707,2,1757972951,0.4
6375,1994,5,1757972951,1.0
6375,1527,1,1757972951,0.2
6375,2500,2,1757972951,0.4
6375,1256,2,1757972951,0.4
6375,1282,2,1757972951,0.4
6375,1343,5,1757972951,1.0
6375,3210,2,1757972951,0.4
6375,3861,1,1757972951,0.2
6375,1439,3,1757972951,0.6
6375,1674,5,1757972951,1.0
6375,1801,1,1757972951,0.2
6375,325,3,1757972951,0.6
6375,2005,4,1757972951,0.8
6375,910,2,1757972951,0.4
6375,2926,5,1757972951,1.0
6375,785,4,1757972951,0.8
6375,2338,3,1757972951,0.6
6375,3254,2,1757972951,0.4
6375,379,2,1757972951,0.4
6375,2321,2,1757972951,0.4
6375,592,4,1757972951,0.8
6375,2797,1,1757972951,0.2
6375,372,4,1757972951,0.8
6375,3196,1,1757972951,0.2
6375,1252,1,1757972951,0.2
6376,1438,1,1757972951,0.2
6376,2686,5,1757972951,1.0
6376,1080,2,1757972951,0.4
6376,2522,3,1757972951,0.6
6376,994,2,1757972951,0.4
6376,1197,4,1757972951,0.8
6376,3095,5,1757972951,1.0
6376,2571,2,1757972951,0.4
6376,948,5,1757972951,1.0
6376,2183,4,1757972951,0.8
6376,1172,4,1757972951,0.8
6376,3481,4,1757972951,0.8
6376,2926,4,1757972951,0.8
6376,112,5,1757972951,1.0
6376,273,4,1757972951,0.8
6376,1196,4,1757972951,0.8
6376,3408,5,1757972951,1.0
6376,2628,1,1757972951,0.2
6376,2287,4,1757972951,0.8
6376,1073,5,1757972951,1.0
6376,3526,3,1757972951,0.6
6376,2253,5,1757972951,1.0
6376,3298,4,1757972951,0.8
6376,3032,4,1757972951,0.8
6376,2396,5,1757972951,1.0
6376,2995,2,1757972951,0.4
6376,2159,2,1757972951,0.4
6376,296,4,1757972951,0.8
6377,246,3,1757972951,0.6
6377,1703,5,1757972951,1.0
6377,1527,3,1757972951,0.6
6377,1947,5,1757972951,1.0
6377,3006,3,1757972951,0.6
6377,3798,2,1757972951,0.4
6377,2455,1,1757972951,0.2
6377,694,2,1757972951,0.4
6377,2817,2,1757972951,0.4
6377,2336,4,1757972951,0.8
6377,3624,3,1757972951,0.6
6377,908,4,1757972951,0.8
6377,180,2,1757972951,0.4
6377,2694,1,1757972951,0.2
6377,1214,2,1757972951,0.4
6377,3699,3,1757972951,0.6
6378,3707,3,1757972951,0.6
6378,590,1,1757972951,0.2
6378,2699,5,1757972951,1.0
6378,2410,3,1757972951,0.6
6378,2023,5,1757972951,1.0
6378,3584,2,1757972951,0.4
6378,485,2,1757972951,0.4
6378,1374,4,1757972951,0.8
6378,902,2,1757972951,0.4
6378,1197,2,1757972951,0.4
6378,3010,4,1757972951,0.8
6378,2160,5,1757972951,1.0
6378,2015,2,1757972951,0.4
6378,3487,1,1757972951,0.2
6378,3717,2,1757972951,0.4
6378,3755,3,1757972951,0.6
6378,3785,4,1757972951,0.8
6378,2338,1,1757972951,0.2
6378,2946,4,1757972951,0.8
6378,1291,2,1757972951,0.4
6378,2605,1,1757972951,0.2
6378,2005,2,1757972951,0.4
6378,3952,4,1757972951,0.8
6378,2732,4,1757972951,0.8
6378,223,1,1757972951,0.2
6378,527,4,1757972951,0.8
6378,3753,4,1757972951,0.8
6378,1303,2,1757972951,0.4
6378,2112,1,1757972951,0.2
6379,3681,4,1757972951,0.8
6379,351,4,1757972951,0.8
6379,592,3,1757972951,0.6
6379,1562,2,1757972951,0.4
6379,1722,3,1757972951,0.6
6379,2395,2,1757972951,0.4
6379,3897,2,1757972951,0.4
6379,1259,2,1757972951,0.4
6379,858,4,1757972951,0.8
6379,2092,1,1757972951,0.2
6379,82,1,1757972951,0.2
6379,2987,5,1757972951,1.0
6379,368,5,1757972951,1.0
6379,3597,1,1757972951,0.2
6379,3576,5,1757972951,1.0
6379,2574,1,1757972951,0.2
6379,25,4,1757972951,0.8
6379,296,1,1757972951,0.2
6379,2333,5,1757972951,1.0
6379,2394,5,1757972951,1.0
6379,1265,2,1757972951,0.4
6379,2889,5,1757972951,1.0
6379,170,5,1757972951,1.0
6379,2372,1,1757972951,0.2
6379,2840,2,1757972951,0.4
6379,1608,3,1757972951,0.6
6379,2739,2,1757972951,0.4
6379,3791,2,1757972951,0.4
6379,2454,3,1757972951,0.6
6379,3068,1,1757972951,0.2
6379,2138,3,1757972951,0.6
6379,1213,2,1757972951,0.4
6379,1,2,1757972951,0.4
6379,3386,1,1757972951,0.2
6380,161,4,1757972951,0.8
6380,2706,2,1757972951,0.4
6380,2268,5,1757972951,1.0
6380,2890,5,1757972951,1.0
6380,3819,5,1757972951,1.0
6380,2291,5,1757972951,1.0
6380,3450,1,1757972951,0.2
6380,1136,3,1757972951,0.6
6380,2858,5,1757972951,1.0
6380,1981,1,1757972951,0.2
6380,2139,5,1757972951,1.0
6380,2065,3,1757972951,0.6
6380,2552,3,1757972951,0.6
6380,1361,4,1757972951,0.8
6380,2671,2,1757972951,0.4
6380,276,5,1757972951,1.0
6380,932,2,1757972951,0.4
6381,3864,4,1757972951,0.8
6381,788,5,1757972951,1.0
6381,1228,2,1757972951,0.4
6381,661,1,1757972951,0.2
6381,2058,1,1757972951,0.2
6381,914,2,1757972951,0.4
6381,3081,4,1757972951,0.8
6381,1499,5,1757972951,1.0
6381,2094,3,1757972951,0.6
6381,1095,3,1757972951,0.6
6381,964,2,1757972951,0.4
6381,1391,3,1757972951,0.6
6381,92,4,1757972951,0.8
6381,3243,5,1757972951,1.0
6381,2858,4,1757972951,0.8
6381,1097,3,1757972951,0.6
6381,3917,3,1757972951,0.6
6381,3578,5,1757972951,1.0
6381,265,4,1757972951,0.8
6381,3146,2,1757972951,0.4
6381,3066,1,1757972951,0.2
6381,169,3,1757972951,0.6
6381,2132,1,1757972951,0.2
6381,514,2,1757972951,0.4
6381,2279,5,1757972951,1.0
6382,2126,3,1757972951,0.6
6382,908,3,1757972951,0.6
6382,1682,1,1757972951,0.2
6382,1387,4,1757972951,0.8
6382,3254,5,1757972951,1.0
6382,1747,4,1757972951,0.8
6382,587,5,1757972951,1.0
6382,3039,2,1757972951,0.4
6382,692,3,1757972951,0.6
6382,3114,5,1757972951,1.0
6382,2424,5,1757972951,1.0
6382,3654,2,1757972951,0.4
6382,3016,5,1757972951,1.0
6382,1407,5,1757972951,1.0
6382,2706,1,1757972951,0.2
6382,434,3,1757972951,0.6
6382,2376,5,1757972951,1.0
6382,2015,2,1757972951,0.4
6382,2102,5,1757972951,1.0
6382,3720,5,1757972951,1.0
6383,1704,5,1757972951,1.0
6383,457,4,1757972951,0.8
6383,1240,5,1757972951,1.0
6383,1291,1,1757972951,0.2
6383,2779,4,1757972951,0.8
6383,3863,5,1757972951,1.0
6383,714,4,1757972951,0.8
6383,2247,2,1757972951,0.4
6383,316,2,1757972951,0.4
6383,1416,5,1757972951,1.0
6383,2571,3,1757972951,0.6
6383,1132,1,1757972951,0.2
6383,597,5,1757972951,1.0
6383,3535,5,1757972951,1.0
6383,1196,3,1757972951,0.6
6383,3623,4,1757972951,0.8
6383,1806,3,1757972951,0.6
6383,3608,5,1757972951,1.0
6383,2000,5,1757972951,1.0
6383,2611,2,1757972951,0.4
6383,2321,1,1757972951,0.2
6383,3174,1,1757972951,0.2
6383,3159,4,1757972951,0.8
6383,3554,2,1757972951,0.4
6384,1562,3,1757972951,0.6
6384,1282,5,1757972951,1.0
6384,474,4,1757972951,0.8
6384,3155,2,1757972951,0.4
6384,3471,2,1757972951,0.4
6384,3801,4,1757972951,0.8
6384,2329,5,1757972951,1.0
6384,1275,2,1757972951,0.4
6384,2324,5,1757972951,1.0
6384,334,2,1757972951,0.4
6384,2859,5,1757972951,1.0
6384,24,1,1757972951,0.2
6384,2716,5,1757972951,1.0
6384,3780,1,1757972951,0.2
6384,1721,4,1757972951,0.8
6384,2378,3,1757972951,0.6
6384,1374,2,1757972951,0.4
6384,260,1,1757972951,0.2
6384,1196,2,1757972951,0.4
6384,180,4,1757972951,0.8
6384,1030,3,1757972951,0.6
6384,2353,2,1757972951,0.4
6384,2316,1,1757972951,0.2
6384,2212,5,1757972951,1.0
6384,2700,1,1757972951,0.2
6384,1970,1,1757972951,0.2
6384,1784,4,1757972951,0.8
6384,2870,4,1757972951,0.8
6384,2361,5,1757972951,1.0
6384,1183,4,1757972951,0.8
6384,2746,1,1757972951,0.2
6385,955,2,1757972951,0.4
6385,3785,2,1757972951,0.4
6385,509,3,1757972951,0.6
6385,431,5,1757972951,1.0
6385,549,4,1757972951,0.8
6385,1242,3,1757972951,0.6
6385,2420,4,1757972951,0.8
6385,555,4,1757972951,0.8
6385,1885,5,1757972951,1.0
6385,2023,1,1757972951,0.2
6385,2020,5,1757972951,1.0
6385,2968,1,1757972951,0.2
6385,3269,2,1757972951,0.4
6385,2995,1,1757972951,0.2
6385,1089,4,1757972951,0.8
6385,599,3,1757972951,0.6
6385,2791,3,1757972951,0.6
6385,1676,2,1757972951,0.4
6385,2683,4,1757972951,0.8
6385,2278,4,1757972951,0.8
6386,3451,2,1757972951,0.4
6386,2840,4,1757972951,0.8
6386,2643,2,1757972951,0.4
6386,2867,1,1757972951,0.2
6386,50,2,1757972951,0.4
6386,1223,5,1757972951,1.0
6386,3409,2,1757972951,0.4
6386,2542,3,1757972951,0.6
6386,372,5,1757972951,1.0
6386,965,1,1757972951,0.2
6386,800,5,1757972951,1.0
6386,2746,4,1757972951,0.8
6386,1302,5,1757972951,1.0
6386,2710,5,1757972951,1.0
6386,849,1,1757972951,0.2
6386,34,3,1757972951,0.6
6387,266,2,1757972951,0.4
6387,3638,5,1757972951,1.0
6387,377,4,1757972951,0.8
6387,3615,1,1757972951,0.2
6387,2478,2,1757972951,0.4
6387,2382,4,1757972951,0.8
6387,482,4,1757972951,0.8
6387,1964,5,1757972951,1.0
6387,46,4,1757972951,0.8
6387,36,1,1757972951,0.2
6387,3549,2,1757972951,0.4
6387,2359,2,1757972951,0.4
6387,1603,1,1757972951,0.2
6387,368,4,1757972951,0.8
6387,2013,2,1757972951,0.4
6387,3623,1,1757972951,0.2
6387,2081,5,1757972951,1.0
6387,372,4,1757972951,0.8
6387,2406,4,1757972951,0.8
6388,1965,3,1757972951,0.6
6388,1592,2,1757972951,0.4
6388,381,1,1757972951,0.2
6388,3751,2,1757972951,0.4
6388,2109,2,1757972951,0.4
6388,1136,4,1757972951,0.8
6388,2986,3,1757972951,0.6
6388,3952,3,1757972951,0.6
6388,2028,3,1757972951,0.6
6388,3736,3,1757972951,0.6
6388,3053,1,1757972951,0.2
6388,1704,3,1757972951,0.6
6388,902,5,1757972951,1.0
6388,2104,3,1757972951,0.6
6388,2791,2,1757972951,0.4
6388,1259,1,1757972951,0.2
6388,351,2,1757972951,0.4
6388,1097,5,1757972951,1.0
6388,2628,2,1757972951,0.4
6388,2018,3,1757972951,0.6
6388,900,1,1757972951,0.2
6388,2080,1,1757972951,0.2
6388,2120,5,1757972951,1.0
6389,1006,2,1757972951,0.4
6389,608,4,1757972951,0.8
6389,3948,2,1757972951,0.4
6389,912,4,1757972951,0.8
6389,508,1,1757972951,0.2
6389,3178,5,1757972951,1.0
6389,1535,1,1757972951,0.2
6389,2467,4,1757972951,0.8
6389,1976,5,1757972951,1.0
6389,223,2,1757972951,0.4
6389,1713,4,1757972951,0.8
6389,2433,3,1757972951,0.6
6389,3773,3,1757972951,0.6
6389,1643,2,1757972951,0.4
6389,47,3,1757972951,0.6
6389,3555,2,1757972951,0.4
6389,1250,1,1757972951,0.2
6389,3153,5,1757972951,1.0
6389,936,4,1757972951,0.8
6389,252,2,1757972951,0.4
6389,2134,5,1757972951,1.0
6389,1476,3,1757972951,0.6
6389,205,1,1757972951,0.2
6389,2707,5,1757972951,1.0
6389,3742,5,1757972951,1.0
6389,343,3,1757972951,0.6
6389,3733,3,1757972951,0.6
6389,593,5,1757972951,1.0
6389,2706,4,1757972951,0.8
6389,780,1,1757972951,0.2
6389,1053,3,1757972951,0.6
6390,2678,5,1757972951,1.0
6390,153,5,1757972951,1.0
6390,1459,3,1757972951,0.6
6390,2916,3,1757972951,0.6
6390,1617,3,1757972951,0.6
6390,371,2,1757972951,0.4
6390,1206,5,1757972951,1.0
6390,2430,4,1757972951,0.8
6390,317,4,1757972951,0.8
6390,34,4,1757972951,0.8
6390,1250,1,1757972951,0.2
6390,3727,5,1757972951,1.0
6390,3948,1,1757972951,0.2
6390,1949,2,1757972951,0.4
6390,356,4,1757972951,0.8
6390,2798,2,1757972951,0.4
6390,110,2,1757972951,0.4
6390,2953,4,1757972951,0.8
6390,1396,5,1757972951,1.0
6390,3801,5,1757972951,1.0
6390,2410,4,1757972951,0.8
6390,3274,4,1757972951,0.8
6390,1294,1,1757972951,0.2
6390,3747,1,1757972951,0.2
6390,971,3,1757972951,0.6
6391,1031,2,1757972951,0.4
6391,891,5,1757972951,1.0
6391,3219,3,1757972951,0.6
6391,42,3,1757972951,0.6
6391,2948,3,1757972951,0.6
6391,1616,2,1757972951,0.4
6391,2346,4,1757972951,0.8
6391,589,1,1757972951,0.2
6391,1911,2,1757972951,0.4
6391,2013,1,1757972951,0.2
6391,3672,2,1757972951,0.4
6391,1214,4,1757972951,0.8
6391,2109,2,1757972951,0.4
6391,1476,3,1757972951,0.6
6391,1270,1,1757972951,0.2
6391,34,3,1757972951,0.6
6391,3354,1,1757972951,0.2
6391,377,5,1757972951,1.0
6391,592,2,1757972951,0.4
6391,2054,5,1757972951,1.0
6391,514,3,1757972951,0.6
6392,1302,1,1757972951,0.2
6392,1213,3,1757972951,0.6
6392,2167,5,1757972951,1.0
6392,3081,3,1757972951,0.6
6392,1209,1,1757972951,0.2
6392,1186,3,1757972951,0.6
6392,2109,1,1757972951,0.2
6392,2580,2,1757972951,0.4
6392,1266,5,1757972951,1.0
6392,1270,3,1757972951,0.6
6392,1721,5,1757972951,1.0
6392,1265,5,1757972951,1.0
6392,2262,4,1757972951,0.8
6392,2171,4,1757972951,0.8
6392,3916,1,1757972951,0.2
6392,2628,4,1757972951,0.8
6392,3167,1,1757972951,0.2
6392,1573,3,1757972951,0.6
6392,1321,3,1757972951,0.6
6392,2287,5,1757972951,1.0
6392,1304,4,1757972951,0.8
6392,1500,2,1757972951,0.4
6392,2953,5,1757972951,1.0
6392,1409,3,1757972951,0.6
6393,2613,1,1757972951,0.2
6393,2707,2,1757972951,0.4
6393,1259,4,1757972951,0.8
6393,3675,1,1757972951,0.2
6393,111,1,1757972951,0.2
6393,1580,5,1757972951,1.0
6393,2669,4,1757972951,0.8
6393,2926,2,1757972951,0.4
6393,2716,3,1757972951,0.6
6393,3361,3,1757972951,0.6
6393,144,5,1757972951,1.0
6393,898,4,1757972951,0.8
6393,1197,5,1757972951,1.0
6393,1091,2,1757972951,0.4
6393,3576,4,1757972951,0.8
6393,2105,3,1757972951,0.6
6393,2355,4,1757972951,0.8
6393,2330,1,1757972951,0.2
6393,318,3,1757972951,0.6
6393,1297,2,1757972951,0.4
6393,2100,2,1757972951,0.4
6393,1342,5,1757972951,1.0
6393,1644,1,1757972951,0.2
6393,541,2,1757972951,0.4
6394,1407,3,1757972951,0.6
6394,905,5,1757972951,1.0
6394,1376,2,1757972951,0.4
6394,3623,2,1757972951,0.4
6394,1221,3,1757972951,0.6
6394,2334,4,1757972951,0.8
6394,1610,4,1757972951,0.8
6394,344,5,1757972951,1.0
6394,235,1,1757972951,0.2
6394,2108,2,1757972951,0.4
6394,3006,2,1757972951,0.4
6394,1339,1,1757972951,0.2
6394,3078,5,1757972951,1.0
6394,3681,1,1757972951,0.2
6394,2355,5,1757972951,1.0
6394,468,2,1757972951,0.4
6395,1440,1,1757972951,0.2
6395,700,5,1757972951,1.0
6395,3253,3,1757972951,0.6
6395,2916,5,1757972951,1.0
6395,1248,3,1757972951,0.6
6395,2247,1,1757972951,0.2
6395,2369,2,1757972951,0.4
6395,2858,1,1757972951,0.2
6395,1597,3,1757972951,0.6
6395,1073,1,1757972951,0.2
6395,1584,1,1757972951,0.2
6395,2857,4,1757972951,0.8
6395,1265,1,1757972951,0.2
6395,1729,1,1757972951,0.2
6395,1222,2,1757972951,0.4
6395,3359,5,1757972951,1.0
6395,3035,2,1757972951,0.4
6395,2243,5,1757972951,1.0
6395,1641,2,1757972951,0.4
6395,2021,1,1757972951,0.2
6395,422,5,1757972951,1.0
6395,2478,3,1757972951,0.6
6395,1242,5,1757972951,1.0
6396,1592,4,1757972951,0.8
6396,2407,3,1757972951,0.6
6396,2502,4,1757972951,0.8
6396,2699,1,1757972951,0.2
6396,648,1,1757972951,0.2
6396,1513,5,1757972951,1.0
6396,1097,4,1757972951,0.8
6396,541,4,1757972951,0.8
6396,3240,5,1757972951,1.0
6396,2006,5,1757972951,1.0
6396,2395,1,1757972951,0.2
6396,2028,2,1757972951,0.4
6396,2891,3,1757972951,0.6
6396,2716,1,1757972951,0.2
6396,1515,4,1757972951,0.8
6396,2944,4,1757972951,0.8
6396,3347,2,1757972951,0.4
6396,1028,1,1757972951,0.2
6396,780,4,1757972951,0.8
6397,3256,1,1757972951,0.2
6397,512,2,1757972951,0.4
6397,276,3,1757972951,0.6
6397,3534,4,1757972951,0.8
6397,2699,5,1757972951,1.0
6397,2716,3,1757972951,0.6
6397,2396,2,1757972951,0.4
6397,3505,1,1757972951,0.2
6397,1089,2,1757972951,0.4
6397,2918,4,1757972951,0.8
6397,29,5,1757972951,1.0
6397,1197,4,1757972951,0.8
6397,327,5,1757972951,1.0
6397,2406,2,1757972951,0.4
6397,2598,4,1757972951,0.8
6397,3071,3,1757972951,0.6
6397,949,3,1757972951,0.6
6397,2615,5,1757972951,1.0
6398,1711,3,1757972951,0.6
6398,1021,5,1757972951,1.0
6398,3148,4,1757972951,0.8
6398,17,3,1757972951,0.6
6398,1645,3,1757972951,0.6
6398,2300,5,1757972951,1.0
6398,590,4,1757972951,0.8
6398,432,4,1757972951,0.8
6398,1674,2,1757972951,0.4
6398,300,3,1757972951,0.6
6398,1378,3,1757972951,0.6
6398,381,3,1757972951,0.6
6398,788,3,1757972951,0.6
6398,3147,5,1757972951,1.0
6398,1136,5,1757972951,1.0
6398,10,1,1757972951,0.2
6398,1639,4,1757972951,0.8
6398,2950,4,1757972951,0.8
6398,940,5,1757972951,1.0
6398,2410,2,1757972951,0.4
6398,1271,2,1757972951,0.4
6398,1625,1,1757972951,0.2
6398,1284,5,1757972951,1.0
6398,3268,3,1757972951,0.6
6398,1513,4,1757972951,0.8
6398,1387,3,1757972951,0.6
6399,610,1,1757972951,0.2
6399,1914,4,1757972951,0.8
6399,1956,4,1757972951,0.8
6399,253,3,1757972951,0.6
6399,2202,1,1757972951,0.2
6399,125,2,1757972951,0.4
6399,1345,1,1757972951,0.2
6399,1284,1,1757972951,0.2
6399,2700,1,1757972951,0.2
6399,429,5,1757972951,1.0
6399,107,3,1757972951,0.6
6399,1391,3,1757972951,0.6
6399,1674,3,1757972951,0.6
6399,3421,4,1757972951,0.8
6400,541,2,1757972951,0.4
6400,2394,3,1757972951,0.6
6400,1291,1,1757972951,0.2
6400,1253,1,1757972951,0.2
6400,3526,1,1757972951,0.2
6400,608,4,1757972951,0.8
6400,377,1,1757972951,0.2
6400,3361,1,1757972951,0.2
6400,371,4,1757972951,0.8
6400,2124,1,1757972951,0.2
6400,2769,4,1757972951,0.8
6400,3,1,1757972951,0.2
6400,1932,4,1757972951,0.8
6400,1270,5,1757972951,1.0
6400,1580,1,1757972951,0.2
6400,3882,2,1757972951,0.4
6401,3479,4,1757972951,0.8
6401,1223,3,1757972951,0.6
6401,3052,3,1757972951,0.6
6401,2385,3,1757972951,0.6
6401,2054,3,1757972951,0.6
6401,2010,1,1757972951,0.2
6401,1619,2,1757972951,0.4
6401,1339,4,1757972951,0.8
6401,3552,5,1757972951,1.0
6401,969,2,1757972951,0.4
6401,2469,5,1757972951,1.0
6401,2249,3,1757972951,0.6
6401,2394,1,1757972951,0.2
6401,3408,2,1757972951,0.4
6401,2717,2,1757972951,0.4
6401,1276,4,1757972951,0.8
6402,913,2,1757972951,0.4
6402,908,3,1757972951,0.6
6402,2908,4,1757972951,0.8
6402,3111,2,1757972951,0.4
6402,1193,2,1757972951,0.4
6402,2454,1,1757972951,0.2
6402,19,1,1757972951,0.2
6402,3814,1,1757972951,0.2
6402,3362,4,1757972951,0.8
6402,28,4,1757972951,0.8
6402,1274,5,1757972951,1.0
6402,2139,3,1757972951,0.6
6402,2009,5,1757972951,1.0
6402,3576,1,1757972951,0.2
6402,1801,2,1757972951,0.4
6402,194,5,1757972951,1.0
6402,1185,3,1757972951,0.6
6402,1717,5,1757972951,1.0
6402,3551,4,1757972951,0.8
6402,2917,1,1757972951,0.2
6402,3284,4,1757972951,0.8
6402,3578,4,1757972951,0.8
6402,1682,2,1757972951,0.4
6403,2094,5,1757972951,1.0
6403,1593,5,1757972951,1.0
6403,1287,1,1757972951,0.2
6403,327,1,1757972951,0.2
6403,3362,3,1757972951,0.6
6403,36,3,1757972951,0.6
6403,1028,4,1757972951,0.8
6403,50,2,1757972951,0.4
6403,1517,1,1757972951,0.2
6403,3698,5,1757972951,1.0
6403,76,3,1757972951,0.6
6403,2772,3,1757972951,0.6
6403,2036,3,1757972951,0.6
6403,924,5,1757972951,1.0
6403,1269,2,1757972951,0.4
6403,3510,2,1757972951,0.4
6403,898,4,1757972951,0.8
6403,3948,5,1757972951,1.0
6403,1608,3,1757972951,0.6
6403,454,2,1757972951,0.4
6403,2006,2,1757972951,0.4
6403,1791,5,1757972951,1.0
6403,1456,1,1757972951,0.2
6403,3214,5,1757972951,1.0
6403,2288,1,1757972951,0.2
6403,1445,3,1757972951,0.6
6403,1208,1,1757972951,0.2
6403,2692,5,1757972951,1.0
6403,1260,3,1757972951,0.6
6403,328,3,1757972951,0.6
6404,2605,2,1757972951,0.4
6404,3148,1,1757972951,0.2
6404,3394,3,1757972951,0.6
6404,2471,5,1757972951,1.0
6404,3618,3,1757972951,0.6
6404,3510,1,1757972951,0.2
6404,319,5,1757972951,1.0
6404,1250,1,1757972951,0.2
6404,2779,1,1757972951,0.2
6404,1722,2,1757972951,0.4
6404,3299,3,1757972951,0.6
6404,801,5,1757972951,1.0
6404,2019,1,1757972951,0.2
6404,1210,2,1757972951,0.4
6404,1663,3,1757972951,0.6
6404,1862,3,1757972951,0.6
6404,1183,5,1757972951,1.0
6404,1129,5,1757972951,1.0
6404,3067,3,1757972951,0.6
6404,3917,3,1757972951,0.6
6404,1034,5,1757972951,1.0
6404,1388,3,1757972951,0.6
6404,2803,4,1757972951,0.8
6404,296,1,1757972951,0.2
6404,1226,1,1757972951,0.2
6404,32,2,1757972951,0.4
6405,2735,2,1757972951,0.4
6405,466,4,1757972951,0.8
6405,3707,3,1757972951,0.6
6405,3751,4,1757972951,0.8
6405,377,5,1757972951,1.0
6405,512,3,1757972951,0.6
6405,440,4,1757972951,0.8
6405,2686,3,1757972951,0.6
6405,2352,1,1757972951,0.2
6405,30,2,1757972951,0.4
6405,1580,3,1757972951,0.6
6405,3471,1,1757972951,0.2
6405,3880,1,1757972951,0.2
6405,1242,3,1757972951,0.6
6405,733,3,1757972951,0.6
6405,3060,3,1757972951,0.6
6405,3671,3,1757972951,0.6
6405,1717,1,1757972951,0.2
6405,902,4,1757972951,0.8
6405,1414,1,1757972951,0.2
6406,1127,5,1757972951,1.0
6406,3354,4,1757972951,0.8
6406,1375,2,1757972951,0.4
6406,902,2,1757972951,0.4
6406,1207,1,1757972951,0.2
6406,1230,3,1757972951,0.6
6406,3793,4,1757972951,0.8
6406,2616,3,1757972951,0.6
6406,509,2,1757972951,0.4
6406,1198,4,1757972951,0.8
6406,3107,1,1757972951,0.2
6406,3717,5,1757972951,1.0
6406,2720,3,1757972951,0.6
6406,2324,5,1757972951,1.0
6406,1620,2,1757972951,0.4
6406,1389,1,1757972951,0.2
6406,2105,3,1757972951,0.6
6406,1606,5,1757972951,1.0
6407,207,2,1757972951,0.4
6407,2968,2,1757972951,0.4
6407,923,2,1757972951,0.4
6407,357,1,1757972951,0.2
6407,2300,4,1757972951,0.8
6407,6,3,1757972951,0.6
6407,3932,2,1757972951,0.4
6407,1348,5,1757972951,1.0
6407,2187,3,1757972951,0.6
6407,3363,1,1757972951,0.2
6407,123,2,1757972951,0.4
6407,919,4,1757972951,0.8
6407,907,3,1757972951,0.6
6407,902,5,1757972951,1.0
6407,1252,1,1757972951,0.2
6407,1984,4,1757972951,0.8
6407,1230,4,1757972951,0.8
6407,2176,3,1757972951,0.6
6407,89,5,1757972951,1.0
6407,466,3,1757972951,0.6
6407,3793,2,1757972951,0.4
6407,2423,5,1757972951,1.0
6407,531,2,1757972951,0.4
6407,1912,3,1757972951,0.6
6407,1225,5,1757972951,1.0
6407,181,3,1757972951,0.6
6407,3643,5,1757972951,1.0
6407,3068,4,1757972951,0.8
6407,438,4,1757972951,0.8
6407,2001,5,1757972951,1.0
6408,593,3,1757972951,0.6
6408,1912,3,1757972951,0.6
6408,1939,1,1757972951,0.2
6408,592,3,1757972951,0.6
6408,2162,3,1757972951,0.6
6408,1356,1,1757972951,0.2
6408,2186,3,1757972951,0.6
6408,970,5,1757972951,1.0
6408,2369,2,1757972951,0.4
6408,2160,3,1757972951,0.6
6408,3452,1,1757972951,0.2
6408,994,5,1757972951,1.0
6408,2699,5,1757972951,1.0
6408,940,5,1757972951,1.0
6408,2291,3,1757972951,0.6
6408,694,4,1757972951,0.8
6408,1212,4,1757972951,0.8
6408,47,4,1757972951,0.8
6409,1375,2,1757972951,0.4
6409,1912,1,1757972951,0.2
6409,36,5,1757972951,1.0
6409,1380,1,1757972951,0.2
6409,3844,3,1757972951,0.6
6409,2026,3,1757972951,0.6
6409,1288,1,1757972951,0.2
6409,3614,3,1757972951,0.6
6409,534,5,1757972951,1.0
6409,671,2,1757972951,0.4
6409,2861,4,1757972951,0.8
6409,2243,4,1757972951,0.8
6409,780,5,1757972951,1.0
6409,2353,1,1757972951,0.2
6409,1090,4,1757972951,0.8
6409,3361,2,1757972951,0.4
6409,3433,5,1757972951,1.0
6409,1457,4,1757972951,0.8
6409,1573,1,1757972951,0.2
6409,1235,1,1757972951,0.2
6409,2827,3,1757972951,0.6
6409,2161,1,1757972951,0.2
6409,1300,3,1757972951,0.6
6410,3072,3,1757972951,0.6
6410,2276,5,1757972951,1.0
6410,2730,5,1757972951,1.0
6410,1610,3,1757972951,0.6
6410,457,5,1757972951,1.0
6410,2141,3,1757972951,0.6
6410,3317,3,1757972951,0.6
6410,785,1,1757972951,0.2
6410,3114,4,1757972951,0.8
6410,1129,2,1757972951,0.4
6410,3421,2,1757972951,0.4
6410,3253,5,1757972951,1.0
6410,2701,5,1757972951,1.0
6410,2611,2,1757972951,0.4
6410,3770,1,1757972951,0.2
6410,1569,5,1757972951,1.0
6410,2527,4,1757972951,0.8
6410,261,4,1757972951,0.8
6410,1179,2,1757972951,0.4
6410,750,1,1757972951,0.2
6410,1257,4,1757972951,0.8
6410,2352,1,1757972951,0.2
6411,3751,5,1757972951,1.0
6411,585,2,1757972951,0.4
6411,3253,1,1757972951,0.2
6411,3135,4,1757972951,0.8
6411,2324,5,1757972951,1.0
6411,1416,5,1757972951,1.0
6411,58,1,1757972951,0.2
6411,2433,1,1757972951,0.2
6411,3684,2,1757972951,0.4
6411,2100,1,1757972951,0.2
6411,1326,1,1757972951,0.2
6411,1542,2,1757972951,0.4
6411,101,2,1757972951,0.4
6411,2422,1,1757972951,0.2
6411,1573,5,1757972951,1.0
6411,2108,1,1757972951,0.2
6411,2355,3,1757972951,0.6
6411,1073,1,1757972951,0.2
6411,260,1,1757972951,0.2
6411,1408,1,1757972951,0.2
6411,3552,4,1757972951,0.8
6411,1246,5,1757972951,1.0
6411,1261,2,1757972951,0.4
6411,1463,1,1757972951,0.2
6411,1581,5,1757972951,1.0
6411,2322,5,1757972951,1.0
6411,593,4,1757972951,0.8
6411,1810,3,1757972951,0.6
6412,3274,2,1757972951,0.4
6412,1242,3,1757972951,0.6
6412,1947,1,1757972951,0.2
6412,3916,5,1757972951,1.0
6412,423,5,1757972951,1.0
6412,1909,1,1757972951,0.2
6412,2762,5,1757972951,1.0
6412,1394,1,1757972951,0.2
6412,1566,4,1757972951,0.8
6412,11,2,1757972951,0.4
6412,3167,5,1757972951,1.0
6412,1377,1,1757972951,0.2
6412,904,4,1757972951,0.8
6412,1094,4,1757972951,0.8
6412,2174,5,1757972951,1.0
6412,1225,1,1757972951,0.2
6412,592,5,1757972951,1.0
6412,17,1,1757972951,0.2
6412,903,4,1757972951,0.8
6412,2648,2,1757972951,0.4
6412,2455,1,1757972951,0.2
6412,3100,1,1757972951,0.2
6412,737,1,1757972951,0.2
6412,1641,2,1757972951,0.4
6412,780,1,1757972951,0.2
6412,2702,1,1757972951,0.2
6412,356,1,1757972951,0.2
6412,597,5,1757972951,1.0
6413,2313,3,1757972951,0.6
6413,3591,5,1757972951,1.0
6413,3098,1,1757972951,0.2
6413,3948,5,1757972951,1.0
6413,924,2,1757972951,0.4
6413,2970,2,1757972951,0.4
6413,3553,3,1757972951,0.6
6413,2100,1,1757972951,0.2
6413,316,1,1757972951,0.2
6413,1876,3,1757972951,0.6
6413,3481,1,1757972951,0.2
6413,3037,3,1757972951,0.6
6413,2331,3,1757972951,0.6
6413,1914,2,1757972951,0.4
6413,2021,2,1757972951,0.4
6413,1222,5,1757972951,1.0
6413,3273,4,1757972951,0.8
6413,2469,1,1757972951,0.2
6413,2382,4,1757972951,0.8
6414,2424,1,1757972951,0.2
6414,1963,5,1757972951,1.0
6414,3543,5,1757972951,1.0
6414,2926,5,1757972951,1.0
6414,3526,1,1757972951,0.2
6414,1541,2,1757972951,0.4
6414,1696,3,1757972951,0.6
6414,1079,3,1757972951,0.6
6414,2022,5,1757972951,1.0
6414,1883,3,1757972951,0.6
6414,2173,1,1757972951,0.2
6414,1985,3,1757972951,0.6
6414,1373,4,1757972951,0.8
6414,1350,4,1757972951,0.8
6414,2375,3,1757972951,0.6
6414,3916,4,1757972951,0.8
6414,2908,1,1757972951,0.2
6414,2881,2,1757972951,0.4
6414,318,4,1757972951,0.8
6414,86,1,1757972951,0.2
6415,2946,4,1757972951,0.8
6415,2611,3,1757972951,0.6
6415,2408,2,1757972951,0.4
6415,3869,1,1757972951,0.2
6415,485,2,1757972951,0.4
6415,1028,4,1757972951,0.8
6415,39,4,1757972951,0.8
6415,2231,3,1757972951,0.6
6415,536,5,1757972951,1.0
6415,1094,2,1757972951,0.4
6415,1036,5,1757972951,1.0
6415,111,2,1757972951,0.4
6415,50,2,1757972951,0.4
6415,2194,1,1757972951,0.2
6415,3269,1,1757972951,0.2
6415,3365,2,1757972951,0.4
6415,1219,5,1757972951,1.0
6415,3189,3,1757972951,0.6
6415,1066,3,1757972951,0.6
6415,66,2,1757972951,0.4
6416,3556,2,1757972951,0.4
6416,1635,5,1757972951,1.0
6416,3751,2,1757972951,0.4
6416,1035,1,1757972951,0.2
6416,1282,1,1757972951,0.2
6416,508,1,1757972951,0.2
6416,208,4,1757972951,0.8
6416,2991,3,1757972951,0.6
6416,2622,5,1757972951,1.0
6416,2617,4,1757972951,0.8
6416,36,4,1757972951,0.8
6416,2987,1,1757972951,0.2
6416,805,4,1757972951,0.8
6416,1265,2,1757972951,0.4
6417,1321,4,1757972951,0.8
6417,3114,4,1757972951,0.8
6417,3624,1,1757972951,0.2
6417,2712,3,1757972951,0.6
6417,3504,1,1757972951,0.2
6417,593,3,1757972951,0.6
6417,1294,5,1757972951,1.0
6417,3049,4,1757972951,0.8
6417,2064,1,1757972951,0.2
6417,1213,1,1757972951,0.2
6417,1244,3,1757972951,0.6
6417,1270,4,1757972951,0.8
6417,81,2,1757972951,0.4
6417,1380,1,1757972951,0.2
6417,2161,5,1757972951,1.0
6417,3257,3,1757972951,0.6
6417,1274,1,1757972951,0.2
6417,3724,1,1757972951,0.2
6417,1404,2,1757972951,0.4
6418,3354,4,1757972951,0.8
6418,1175,5,1757972951,1.0
6418,2406,4,1757972951,0.8
6418,357,1,1757972951,0.2
6418,1016,4,1757972951,0.8
6418,16,1,1757972951,0.2
6418,256,3,1757972951,0.6
6418,3190,3,1757972951,0.6
6418,1064,3,1757972951,0.6
6418,745,5,1757972951,1.0
6418,296,5,1757972951,1.0
6418,708,1,1757972951,0.2
6418,1488,2,1757972951,0.4
6418,2396,5,1757972951,1.0
6418,1641,4,1757972951,0.8
6419,1292,2,1757972951,0.4
6419,1371,1,1757972951,0.2
6419,1372,2,1757972951,0.4
6419,778,4,1757972951,0.8
6419,553,4,1757972951,0.8
6419,1093,2,1757972951,0.4
6419,1265,4,1757972951,0.8
6419,2340,1,1757972951,0.2
6419,1041,4,1757972951,0.8
6419,1240,3,1757972951,0.6
6419,3113,2,1757972951,0.4
6419,2259,3,1757972951,0.6
6419,3785,4,1757972951,0.8
6419,556,4,1757972951,0.8
6420,587,2,1757972951,0.4
6420,924,5,1757972951,1.0
6420,1120,3,1757972951,0.6
6420,2883,1,1757972951,0.2
6420,153,3,1757972951,0.6
6420,678,3,1757972951,0.6
6420,2941,3,1757972951,0.6
6420,2968,4,1757972951,0.8
6420,2858,5,1757972951,1.0
6420,1408,2,1757972951,0.4
6420,1213,5,1757972951,1.0
6420,2474,3,1757972951,0.6
6420,2724,2,1757972951,0.4
6420,2094,1,1757972951,0.2
6420,2529,5,1757972951,1.0
6420,1641,1,1757972951,0.2
6420,71,4,1757972951,0.8
6420,1169,1,1757972951,0.2
6420,2987,2,1757972951,0.4
6420,2993,5,1757972951,1.0
6420,2916,2,1757972951,0.4
6420,42,1,1757972951,0.2
6420,1248,4,1757972951,0.8
6420,904,5,1757972951,1.0
6420,593,1,1757972951,0.2
6420,3255,3,1757972951,0.6
6421,1485,3,1757972951,0.6
6421,2890,4,1757972951,0.8
6421,281,1,1757972951,0.2
6421,2513,3,1757972951,0.6
6421,904,5,1757972951,1.0
6421,1721,2,1757972951,0.4
6421,1377,1,1757972951,0.2
6421,3614,1,1757972951,0.2
6421,3873,4,1757972951,0.8
6421,1688,3,1757972951,0.6
6421,901,2,1757972951,0.4
6421,2762,3,1757972951,0.6
6421,2470,5,1757972951,1.0
6421,3034,4,1757972951,0.8
6421,3007,5,1757972951,1.0
6421,2791,2,1757972951,0.4
6422,2973,1,1757972951,0.2
6422,25,4,1757972951,0.8
6422,262,1,1757972951,0.2
6422,2120,4,1757972951,0.8
6422,293,3,1757972951,0.6
6422,3385,3,1757972951,0.6
6422,1858,3,1757972951,0.6
6422,36,5,1757972951,1.0
6422,1722,3,1757972951,0.6
6422,2581,5,1757972951,1.0
6422,1643,3,1757972951,0.6
6422,2359,4,1757972951,0.8
6422,2322,2,1757972951,0.4
6422,2003,1,1757972951,0.2
6422,2731,3,1757972951,0.6
6422,1206,1,1757972951,0.2
6422,2616,1,1757972951,0.2
6422,3821,4,1757972951,0.8
6422,3071,2,1757972951,0.4
6422,1476,4,1757972951,0.8
6422,296,5,1757972951,1.0
6422,68,5,1757972951,1.0
6423,2702,5,1757972951,1.0
6423,1376,3,1757972951,0.6
6423,3578,3,1757972951,0.6
6423,2779,3,1757972951,0.6
6423,160,5,1757972951,1.0
6423,151,2,1757972951,0.4
6423,2840,1,1757972951,0.2
6423,2028,2,1757972951,0.4
6423,3679,4,1757972951,0.8
6423,2997,1,1757972951,0.2
6423,260,2,1757972951,0.4
6423,1278,1,1757972951,0.2
6423,539,3,1757972951,0.6
6423,2571,5,1757972951,1.0
6423,25,2,1757972951,0.4
6423,2352,5,1757972951,1.0
6423,2643,5,1757972951,1.0
6423,1263,1,1757972951,0.2
6423,3115,4,1757972951,0.8
6424,2643,1,1757972951,0.2
6424,3629,1,1757972951,0.2
6424,3406,2,1757972951,0.4
6424,1955,4,1757972951,0.8
6424,1809,2,1757972951,0.4
6424,3479,5,1757972951,1.0
6424,1779,4,1757972951,0.8
6424,611,2,1757972951,0.4
6424,159,3,1757972951,0.6
6424,432,2,1757972951,0.4
6424,2352,2,1757972951,0.4
6424,2186,1,1757972951,0.2
6424,2890,4,1757972951,0.8
6424,1033,5,1757972951,1.0
6424,1923,1,1757972951,0.2
6424,3557,1,1757972951,0.2
6424,552,2,1757972951,0.4
6425,1291,3,1757972951,0.6
6425,3882,4,1757972951,0.8
6425,3398,2,1757972951,0.4
6425,3555,3,1757972951,0.6
6425,3841,4,1757972951,0.8
6425,293,2,1757972951,0.4
6425,1064,5,1757972951,1.0
6425,3785,4,1757972951,0.8
6425,1220,5,1757972951,1.0
6425,3703,5,1757972951,1.0
6425,3379,1,1757972951,0.2
6425,1088,1,1757972951,0.2
6425,3698,3,1757972951,0.6
6426,1639,5,1757972951,1.0
6426,1089,3,1757972951,0.6
6426,1242,1,1757972951,0.2
6426,2791,4,1757972951,0.8
6426,1673,2,1757972951,0.4
6426,3524,2,1757972951,0.4
6426,707,5,1757972951,1.0
6426,2985,4,1757972951,0.8
6426,2734,1,1757972951,0.2
6426,1210,1,1757972951,0.2
6427,1077,2,1757972951,0.4
6427,2759,1,1757972951,0.2
6427,924,2,1757972951,0.4
6427,1047,1,1757972951,0.2
6427,1194,5,1757972951,1.0
6427,1025,2,1757972951,0.4
6427,2710,1,1757972951,0.2
6427,2407,1,1757972951,0.2
6427,3524,3,1757972951,0.6
6427,2995,5,1757972951,1.0
6427,780,1,1757972951,0.2
6427,1200,3,1757972951,0.6
6427,2243,5,1757972951,1.0
6427,150,3,1757972951,0.6
6427,6,2,1757972951,0.4
6427,3698,3,1757972951,0.6
6427,1999,4,1757972951,0.8
6427,2859,4,1757972951,0.8
6427,62,3,1757972951,0.6
6427,3175,5,1757972951,1.0
6428,2852,5,1757972951,1.0
6428,446,2,1757972951,0.4
6428,1320,5,1757972951,1.0
6428,1259,1,1757972951,0.2
6428,2293,3,1757972951,0.6
6428,674,5,1757972951,1.0
6428,1193,5,1757972951,1.0
6428,3104,4,1757972951,0.8
6428,1339,4,1757972951,0.8
6428,3897,1,1757972951,0.2
6428,3457,1,1757972951,0.2
6428,1257,4,1757972951,0.8
6428,3427,2,1757972951,0.4
6428,1584,5,1757972951,1.0
6428,3438,1,1757972951,0.2
6428,2135,3,1757972951,0.6
6428,2668,4,1757972951,0.8
6428,1214,2,1757972951,0.4
6428,2858,3,1757972951,0.6
6428,455,5,1757972951,1.0
6428,1294,3,1757972951,0.6
6428,2111,5,1757972951,1.0
6428,2872,1,1757972951,0.2
6428,849,4,1757972951,0.8
6428,1582,3,1757972951,0.6
6428,553,5,1757972951,1.0
6428,1845,1,1757972951,0.2
6428,1269,5,1757972951,1.0
6428,2710,4,1757972951,0.8
6428,1920,3,1757972951,0.6
6428,2133,5,1757972951,1.0
6428,3478,5,1757972951,1.0
6429,3129,2,1757972951,0.4
6429,3461,3,1757972951,0.6
6429,3600,4,1757972951,0.8
6429,700,1,1757972951,0.2
6429,1396,4,1757972951,0.8
6429,3098,5,1757972951,1.0
6429,1173,3,1757972951,0.6
6429,2372,5,1757972951,1.0
6429,2617,1,1757972951,0.2
6429,587,3,1757972951,0.6
6429,281,4,1757972951,0.8
6429,2840,5,1757972951,1.0
6429,2891,4,1757972951,0.8
6429,1259,4,1757972951,0.8
6429,781,1,1757972951,0.2
6429,3274,1,1757972951,0.2
6429,3421,3,1757972951,0.6
6429,1210,2,1757972951,0.4
6429,1923,1,1757972951,0.2
6429,1408,5,1757972951,1.0
6429,2359,1,1757972951,0.2
6429,1294,5,1757972951,1.0
6429,511,3,1757972951,0.6
6429,69,4,1757972951,0.8
6429,3471,1,1757972951,0.2
6430,423,4,1757972951,0.8
6430,3753,4,1757972951,0.8
6430,366,5,1757972951,1.0
6430,1240,2,1757972951,0.4
6430,2899,5,1757972951,1.0
6430,3703,2,1757972951,0.4
6430,3052,4,1757972951,0.8
6430,415,3,1757972951,0.6
6430,1214,5,1757972951,1.0
6430,647,3,1757972951,0.6
6430,1393,4,1757972951,0.8
6430,2858,3,1757972951,0.6
6430,316,5,1757972951,1.0
6430,3253,5,1757972951,1.0
6430,3671,3,1757972951,0.6
6430,457,2,1757972951,0.4
6430,555,4,1757972951,0.8
6431,3743,2,1757972951,0.4
6431,3037,3,1757972951,0.6
6431,2336,2,1757972951,0.4
6431,3654,4,1757972951,0.8
6431,3250,2,1757972951,0.4
6431,2137,5,1757972951,1.0
6431,671,2,1757972951,0.4
6431,1212,1,1757972951,0.2
6431,377,1,1757972951,0.2
6431,1918,5,1757972951,1.0
6431,1073,4,1757972951,0.8
6431,1431,1,1757972951,0.2
6431,1409,5,1757972951,1.0
6431,902,2,1757972951,0.4
6431,173,5,1757972951,1.0
6431,1094,2,1757972951,0.4
6431,2565,3,1757972951,0.6
6431,2558,3,1757972951,0.6
6431,928,3,1757972951,0.6
6431,589,1,1757972951,0.2
6431,3386,5,1757972951,1.0
6431,3710,2,1757972951,0.4
6431,780,3,1757972951,0.6
6431,2581,2,1757972951,0.4
6432,1037,5,1757972951,1.0
6432,1210,4,1757972951,0.8
6432,2377,3,1757972951,0.6
6432,1266,3,1757972951,0.6
6432,3948,3,1757972951,0.6
6432,1645,4,1757972951,0.8
6432,2376,5,1757972951,1.0
6432,153,1,1757972951,0.2
6432,1290,4,1757972951,0.8
6432,3145,5,1757972951,1.0
6432,293,3,1757972951,0.6
6432,968,1,1757972951,0.2
6432,1704,3,1757972951,0.6
6432,441,3,1757972951,0.6
6432,886,5,1757972951,1.0
6432,2369,5,1757972951,1.0
6432,595,2,1757972951,0.4
6432,2146,4,1757972951,0.8
6432,253,4,1757972951,0.8
6432,2420,4,1757972951,0.8
6432,1275,5,1757972951,1.0
6432,2410,2,1757972951,0.4
6432,2046,4,1757972951,0.8
6432,3751,4,1757972951,0.8
6432,2300,2,1757972951,0.4
6432,275,1,1757972951,0.2
6432,2987,2,1757972951,0.4
6433,456,3,1757972951,0.6
6433,2664,2,1757972951,0.4
6433,1379,3,1757972951,0.6
6433,316,1,1757972951,0.2
6433,259,5,1757972951,1.0
6433,3210,5,1757972951,1.0
6433,1721,4,1757972951,0.8
6433,2474,5,1757972951,1.0
6433,3324,4,1757972951,0.8
6433,1690,1,1757972951,0.2
6433,2300,2,1757972951,0.4
6433,1207,2,1757972951,0.4
6433,2501,2,1757972951,0.4
6433,2422,2,1757972951,0.4
6433,2080,5,1757972951,1.0
6433,3624,5,1757972951,1.0
6433,3462,2,1757972951,0.4
6433,3081,3,1757972951,0.6
6434,736,4,1757972951,0.8
6434,1090,2,1757972951,0.4
6434,203,3,1757972951,0.6
6434,2716,2,1757972951,0.4
6434,2641,4,1757972951,0.8
6434,2795,4,1757972951,0.8
6434,3513,4,1757972951,0.8
6434,3454,4,1757972951,0.8
6434,3511,4,1757972951,0.8
6434,3527,4,1757972951,0.8
6434,2985,4,1757972951,0.8
6434,1617,5,1757972951,1.0
6434,2947,2,1757972951,0.4
6434,1131,4,1757972951,0.8
6435,2881,1,1757972951,0.2
6435,1459,3,1757972951,0.6
6435,1644,3,1757972951,0.6
6435,919,2,1757972951,0.4
6435,1302,1,1757972951,0.2
6435,479,1,1757972951,0.2
6435,1299,1,1757972951,0.2
6435,951,1,1757972951,0.2
6435,3528,4,1757972951,0.8
6435,833,2,1757972951,0.4
6435,2919,5,1757972951,1.0
6435,3104,2,1757972951,0.4
6435,3527,3,1757972951,0.6
6435,2786,2,1757972951,0.4
6435,594,5,1757972951,1.0
6435,1597,5,1757972951,1.0
6435,886,3,1757972951,0.6
6435,3735,4,1757972951,0.8
6435,1958,2,1757972951,0.4
6436,1034,4,1757972951,0.8
6436,150,5,1757972951,1.0
6436,1641,3,1757972951,0.6
6436,2762,5,1757972951,1.0
6436,487,4,1757972951,0.8
6436,3267,4,1757972951,0.8
6436,349,1,1757972951,0.2
6436,3638,5,1757972951,1.0
6436,3534,3,1757972951,0.6
6436,799,3,1757972951,0.6
6436,417,2,1757972951,0.4
6436,2856,2,1757972951,0.4
6436,3578,3,1757972951,0.6
6436,2793,1,1757972951,0.2
6436,608,5,1757972951,1.0
6436,1358,3,1757972951,0.6
6436,152,1,1757972951,0.2
6436,535,1,1757972951,0.2
6436,2090,5,1757972951,1.0
6436,527,2,1757972951,0.4
6436,481,4,1757972951,0.8
6436,1267,3,1757972951,0.6
6436,1805,4,1757972951,0.8
6436,2729,2,1757972951,0.4
6437,1198,5,1757972951,1.0
6437,1299,5,1757972951,1.0
6437,2076,5,1757972951,1.0
6437,2840,1,1757972951,0.2
6437,1407,4,1757972951,0.8
6437,3593,1,1757972951,0.2
6437,550,3,1757972951,0.6
6437,1304,5,1757972951,1.0
6437,1148,1,1757972951,0.2
6437,2313,5,1757972951,1.0
6437,1460,5,1757972951,1.0
6437,592,4,1757972951,0.8
6437,2288,4,1757972951,0.8
6437,2407,4,1757972951,0.8
6437,2151,2,1757972951,0.4
6437,3364,1,1757972951,0.2
6437,1294,3,1757972951,0.6
6437,3671,2,1757972951,0.4
6437,2692,3,1757972951,0.6
6437,10,1,1757972951,0.2
6437,2176,1,1757972951,0.2
6437,50,3,1757972951,0.6
6437,39,4,1757972951,0.8
6438,1178,5,1757972951,1.0
6438,58,3,1757972951,0.6
6438,748,2,1757972951,0.4
6438,356,3,1757972951,0.6
6438,1544,5,1757972951,1.0
6438,1028,1,1757972951,0.2
6438,3255,4,1757972951,0.8
6438,2379,2,1757972951,0.4
6438,2942,4,1757972951,0.8
6438,2147,2,1757972951,0.4
6438,3826,1,1757972951,0.2
6438,265,2,1757972951,0.4
6438,1265,3,1757972951,0.6
6438,247,1,1757972951,0.2
6438,3018,5,1757972951,1.0
6438,2881,2,1757972951,0.4
6439,2248,5,1757972951,1.0
6439,3821,5,1757972951,1.0
6439,3755,4,1757972951,0.8
6439,3462,3,1757972951,0.6
6439,3614,1,1757972951,0.2
6439,1294,2,1757972951,0.4
6439,306,2,1757972951,0.4
6439,2844,5,1757972951,1.0
6439,1032,4,1757972951,0.8
6439,800,1,1757972951,0.2
6439,3433,4,1757972951,0.8
6439,3271,1,1757972951,0.2
6439,1792,4,1757972951,0.8
6439,1372,5,1757972951,1.0
6439,3087,3,1757972951,0.6
6439,3055,5,1757972951,1.0
6439,896,3,1757972951,0.6
6439,3868,2,1757972951,0.4
6439,1246,1,1757972951,0.2
6439,1340,3,1757972951,0.6
6439,1260,2,1757972951,0.4
6439,1617,5,1757972951,1.0
6440,1653,4,1757972951,0.8
6440,2132,4,1757972951,0.8
6440,1777,1,1757972951,0.2
6440,1093,4,1757972951,0.8
6440,1125,3,1757972951,0.6
6440,2700,4,1757972951,0.8
6440,2284,5,1757972951,1.0
6440,3841,2,1757972951,0.4
6440,1029,3,1757972951,0.6
6440,1541,3,1757972951,0.6
6440,408,5,1757972951,1.0
6440,3404,3,1757972951,0.6
6440,1569,5,1757972951,1.0
6440,1212,4,1757972951,0.8
6440,593,1,1757972951,0.2
6440,3347,1,1757972951,0.2
6440,661,2,1757972951,0.4
6440,7,1,1757972951,0.2
6440,1287,2,1757972951,0.4
6440,246,1,1757972951,0.2
6440,1185,3,1757972951,0.6
6440,1288,2,1757972951,0.4
6440,21,1,1757972951,0.2
6440,1754,1,1757972951,0.2
6440,3095,2,1757972951,0.4
6441,363,3,1757972951,0.6
6441,662,1,1757972951,0.2
6441,2146,3,1757972951,0.6
6441,1079,1,1757972951,0.2
6441,198,3,1757972951,0.6
6441,333,1,1757972951,0.2
6441,3704,2,1757972951,0.4
6441,593,4,1757972951,0.8
6441,1527,2,1757972951,0.4
6441,2352,5,1757972951,1.0
6441,2762,5,1757972951,1.0
6441,1061,4,1757972951,0.8
6441,1183,5,1757972951,1.0
6441,2915,1,1757972951,0.2
6441,3300,2,1757972951,0.4
6441,3418,4,1757972951,0.8
6441,661,2,1757972951,0.4
6441,44,4,1757972951,0.8
6442,372,1,1757972951,0.2
6442,1374,4,1757972951,0.8
6442,293,1,1757972951,0.2
6442,327,1,1757972951,0.2
6442,1271,5,1757972951,1.0
6442,1171,4,1757972951,0.8
6442,2369,3,1757972951,0.6
6442,1833,5,1757972951,1.0
6442,3450,4,1757972951,0.8
6442,2908,1,1757972951,0.2
6442,110,1,1757972951,0.2
6442,2504,2,1757972951,0.4
6442,1204,4,1757972951,0.8
6442,434,1,1757972951,0.2
6442,1569,3,1757972951,0.6
6442,524,1,1757972951,0.2
6442,3552,4,1757972951,0.8
6442,1136,4,1757972951,0.8
6442,1375,3,1757972951,0.6
6443,2565,1,1757972951,0.2
6443,2657,4,1757972951,0.8
6443,2118,5,1757972951,1.0
6443,3070,5,1757972951,1.0
6443,494,3,1757972951,0.6
6443,2357,1,1757972951,0.2
6443,1645,2,1757972951,0.4
6443,3418,2,1757972951,0.4
6443,1370,3,1757972951,0.6
6443,999,5,1757972951,1.0
6443,608,4,1757972951,0.8
6443,2431,3,1757972951,0.6
6443,518,1,1757972951,0.2
6443,379,4,1757972951,0.8
6443,2003,3,1757972951,0.6
6443,2648,4,1757972951,0.8
6443,587,3,1757972951,0.6
6443,3006,4,1757972951,0.8
6443,1317,4,1757972951,0.8
6443,1196,1,1757972951,0.2
6444,122,2,1757972951,0.4
6444,1573,3,1757972951,0.6
6444,3214,1,1757972951,0.2
6444,1676,3,1757972951,0.6
6444,3114,5,1757972951,1.0
6444,2010,2,1757972951,0.4
6444,3501,2,1757972951,0.4
6444,1552,5,1757972951,1.0
6444,3730,5,1757972951,1.0
6444,1372,5,1757972951,1.0
6444,36,4,1757972951,0.8
6444,3153,1,1757972951,0.2
6444,3360,5,1757972951,1.0
6444,3168,5,1757972951,1.0
6444,3176,4,1757972951,0.8
6445,112,2,1757972951,0.4
6445,1082,3,1757972951,0.6
6445,1005,3,1757972951,0.6
6445,333,3,1757972951,0.6
6445,2340,3,1757972951,0.6
6445,3751,4,1757972951,0.8
6445,588,3,1757972951,0.6
6445,3827,3,1757972951,0.6
6445,1198,5,1757972951,1.0
6445,2581,3,1757972951,0.6
6445,2372,3,1757972951,0.6
6445,3412,1,1757972951,0.2
6445,3698,2,1757972951,0.4
6445,3705,4,1757972951,0.8
6445,615,2,1757972951,0.4
6445,1188,3,1757972951,0.6
6445,1030,3,1757972951,0.6
6445,2138,3,1757972951,0.6
6445,111,1,1757972951,0.2
6445,159,3,1757972951,0.6
6446,3698,1,1757972951,0.2
6446,165,3,1757972951,0.6
6446,3952,3,1757972951,0.6
6446,3555,1,1757972951,0.2
6446,260,2,1757972951,0.4
6446,1124,2,1757972951,0.4
6446,1702,2,1757972951,0.4
6446,2023,1,1757972951,0.2
6446,2321,2,1757972951,0.4
6446,3334,5,1757972951,1.0
6446,2348,3,1757972951,0.6
6446,1912,2,1757972951,0.4
6446,2455,2,1757972951,0.4
6446,3005,5,1757972951,1.0
6446,3298,5,1757972951,1.0
6446,3441,2,1757972951,0.4
6446,1610,2,1757972951,0.4
6446,2011,3,1757972951,0.6
6446,1225,1,1757972951,0.2
6446,3835,5,1757972951,1.0
6446,2185,1,1757972951,0.2
6446,1292,2,1757972951,0.4
6446,457,5,1757972951,1.0
6446,125,3,1757972951,0.6
6446,940,1,1757972951,0.2
6447,1387,1,1757972951,0.2
6447,2369,5,1757972951,1.0
6447,3210,4,1757972951,0.8
6447,3008,5,1757972951,1.0
6447,3751,3,1757972951,0.6
6447,912,1,1757972951,0.2
6447,1252,1,1757972951,0.2
6447,1270,4,1757972951,0.8
6447,2791,5,1757972951,1.0
6447,2243,1,1757972951,0.2
6447,1093,2,1757972951,0.4
6447,1953,3,1757972951,0.6
6447,3169,4,1757972951,0.8
6447,3506,4,1757972951,0.8
6447,480,1,1757972951,0.2
6447,3127,3,1757972951,0.6
6447,2194,2,1757972951,0.4
6447,724,4,1757972951,0.8
6447,3408,5,1757972951,1.0
6447,2023,2,1757972951,0.4
6447,2186,5,1757972951,1.0
6447,2174,4,1757972951,0.8
6447,260,1,1757972951,0.2
6447,88,2,1757972951,0.4
6448,924,3,1757972951,0.6
6448,2993,4,1757972951,0.8
6448,3941,1,1757972951,0.2
6448,2190,2,1757972951,0.4
6448,2427,3,1757972951,0.6
6448,933,4,1757972951,0.8
6448,3194,5,1757972951,1.0
6448,318,4,1757972951,0.8
6448,2997,5,1757972951,1.0
6448,1210,2,1757972951,0.4
6448,1222,1,1757972951,0.2
6448,1221,1,1757972951,0.2
6448,3702,5,1757972951,1.0
6448,3710,1,1757972951,0.2
6448,367,2,1757972951,0.4
6448,1483,1,1757972951,0.2
6448,2355,5,1757972951,1.0
6448,593,5,1757972951,1.0
6448,2291,5,1757972951,1.0
6448,1643,2,1757972951,0.4
6448,3033,5,1757972951,1.0
6448,1131,3,1757972951,0.6
6448,2115,3,1757972951,0.6
6449,70,4,1757972951,0.8
6449,1617,5,1757972951,1.0
6449,2677,2,1757972951,0.4
6449,1135,1,1757972951,0.2
6449,1784,4,1757972951,0.8
6449,1950,4,1757972951,0.8
6449,1942,4,1757972951,0.8
6449,3697,4,1757972951,0.8
6449,2,2,1757972951,0.4
6449,216,2,1757972951,0.4
6449,480,1,1757972951,0.2
6449,2846,4,1757972951,0.8
6449,2654,4,1757972951,0.8
6449,2193,5,1757972951,1.0
6449,948,4,1757972951,0.8
6449,590,2,1757972951,0.4
6449,3702,1,1757972951,0.2
6449,3448,5,1757972951,1.0
6450,1295,4,1757972951,0.8
6450,2888,3,1757972951,0.6
6450,2100,3,1757972951,0.6
6450,2959,3,1757972951,0.6
6450,3697,2,1757972951,0.4
6450,603,2,1757972951,0.4
6450,2700,5,1757972951,1.0
6450,3826,4,1757972951,0.8
6450,2528,2,1757972951,0.4
6450,2463,2,1757972951,0.4
6450,2891,2,1757972951,0.4
6450,1,2,1757972951,0.4
6450,1544,3,1757972951,0.6
6450,1254,1,1757972951,0.2
6450,1305,1,1757972951,0.2
6450,1148,1,1757972951,0.2
6450,1276,1,1757972951,0.2
6450,1194,2,1757972951,0.4
6450,3210,4,1757972951,0.8
6450,3252,3,1757972951,0.6
6450,2788,4,1757972951,0.8
6450,3361,5,1757972951,1.0
6451,3510,4,1757972951,0.8
6451,2011,1,1757972951,0.2
6451,2792,1,1757972951,0.2
6451,1289,2,1757972951,0.4
6451,513,2,1757972951,0.4
6451,1610,1,1757972951,0.2
6451,2167,4,1757972951,0.8
6451,590,4,1757972951,0.8
6451,1667,4,1757972951,0.8
6451,720,2,1757972951,0.4
6451,2355,5,1757972951,1.0
6451,1592,2,1757972951,0.4
6451,1615,2,1757972951,0.4
6451,218,2,1757972951,0.4
6451,1245,5,1757972951,1.0
6451,3834,3,1757972951,0.6
6451,2396,1,1757972951,0.2
6451,1244,5,1757972951,1.0
6451,3328,4,1757972951,0.8
6451,1645,5,1757972951,1.0
6451,2529,4,1757972951,0.8
6451,2020,2,1757972951,0.4
6451,28,4,1757972951,0.8
6451,500,1,1757972951,0.2
6451,3683,5,1757972951,1.0
6451,915,1,1757972951,0.2
6451,858,4,1757972951,0.8
6452,2116,4,1757972951,0.8
6452,2944,1,1757972951,0.2
6452,3893,3,1757972951,0.6
6452,3365,5,1757972951,1.0
6452,2683,1,1757972951,0.2
6452,3438,2,1757972951,0.4
6452,3608,1,1757972951,0.2
6452,1250,1,1757972951,0.2
6452,3827,1,1757972951,0.2
6452,3753,1,1757972951,0.2
6452,2186,4,1757972951,0.8
6452,3298,3,1757972951,0.6
6452,1073,5,1757972951,1.0
6452,674,5,1757972951,1.0
6452,1225,5,1757972951,1.0
6452,1377,2,1757972951,0.4
6452,1824,4,1757972951,0.8
6453,2100,5,1757972951,1.0
6453,200,4,1757972951,0.8
6453,1285,4,1757972951,0.8
6453,110,2,1757972951,0.4
6453,3396,5,1757972951,1.0
6453,2659,5,1757972951,1.0
6453,520,1,1757972951,0.2
6453,2313,3,1757972951,0.6
6453,296,3,1757972951,0.6
6453,1129,3,1757972951,0.6
6453,2709,5,1757972951,1.0
6453,2401,4,1757972951,0.8
6453,3499,1,1757972951,0.2
6453,1286,2,1757972951,0.4
6453,3613,1,1757972951,0.2
6453,1635,2,1757972951,0.4
6454,3527,2,1757972951,0.4
6454,2123,3,1757972951,0.6
6454,1265,2,1757972951,0.4
6454,2334,2,1757972951,0.4
6454,1954,1,1757972951,0.2
6454,1223,5,1757972951,1.0
6454,1748,2,1757972951,0.4
6454,1527,5,1757972951,1.0
6454,2872,3,1757972951,0.6
6454,150,3,1757972951,0.6
6454,1586,3,1757972951,0.6
6454,2160,5,1757972951,1.0
6454,2720,5,1757972951,1.0
6454,2961,2,1757972951,0.4
6454,1094,1,1757972951,0.2
6454,1707,5,1757972951,1.0
6454,307,3,1757972951,0.6
6454,1268,4,1757972951,0.8
6454,3363,5,1757972951,1.0
6454,2402,1,1757972951,0.2
6454,2976,4,1757972951,0.8
6455,2408,3,1757972951,0.6
6455,1479,1,1757972951,0.2
6455,1244,3,1757972951,0.6
6455,2527,3,1757972951,0.6
6455,1459,1,1757972951,0.2
6455,1856,1,1757972951,0.2
6455,426,3,1757972951,0.6
6455,1240,3,1757972951,0.6
6455,196,1,1757972951,0.2
6455,3039,2,1757972951,0.4
6455,926,5,1757972951,1.0
6455,1959,4,1757972951,0.8
6455,2433,1,1757972951,0.2
6455,1277,1,1757972951,0.2
6455,3418,1,1757972951,0.2
6455,2012,1,1757972951,0.2
6455,1188,1,1757972951,0.2
6455,337,3,1757972951,0.6
6455,548,4,1757972951,0.8
6455,916,5,1757972951,1.0
6455,866,3,1757972951,0.6
6456,1556,1,1757972951,0.2
6456,1393,3,1757972951,0.6
6456,1136,2,1757972951,0.4
6456,2721,2,1757972951,0.4
6456,2296,1,1757972951,0.2
6456,1371,3,1757972951,0.6
6456,2926,4,1757972951,0.8
6456,93,4,1757972951,0.8
6456,3551,4,1757972951,0.8
6456,1389,3,1757972951,0.6
6456,1527,2,1757972951,0.4
6456,377,3,1757972951,0.6
6456,608,5,1757972951,1.0
6456,1373,4,1757972951,0.8
6456,367,1,1757972951,0.2
6456,2694,4,1757972951,0.8
6456,2942,1,1757972951,0.2
6456,296,5,1757972951,1.0
6457,3204,5,1757972951,1.0
6457,2336,3,1757972951,0.6
6457,3114,5,1757972951,1.0
6457,2726,3,1757972951,0.6
6457,3773,4,1757972951,0.8
6457,39,4,1757972951,0.8
6457,2670,3,1757972951,0.6
6457,431,2,1757972951,0.4
6457,648,1,1757972951,0.2
6457,3107,3,1757972951,0.6
6457,441,5,1757972951,1.0
6457,237,4,1757972951,0.8
6457,3697,2,1757972951,0.4
6457,455,1,1757972951,0.2
6457,327,4,1757972951,0.8
6457,952,5,1757972951,1.0
6457,3952,5,1757972951,1.0
6458,2054,5,1757972951,1.0
6458,2924,4,1757972951,0.8
6458,2245,5,1757972951,1.0
6458,1641,2,1757972951,0.4
6458,1200,5,1757972951,1.0
6458,3299,1,1757972951,0.2
6458,3618,3,1757972951,0.6
6458,3679,1,1757972951,0.2
6458,2355,5,1757972951,1.0
6458,1909,4,1757972951,0.8
6458,589,5,1757972951,1.0
6458,1827,4,1757972951,0.8
6458,1544,4,1757972951,0.8
6458,1204,2,1757972951,0.4
6458,2405,1,1757972951,0.2
6458,2454,1,1757972951,0.2
6458,445,3,1757972951,0.6
6458,480,1,1757972951,0.2
6458,172,4,1757972951,0.8
6458,1060,3,1757972951,0.6
6459,1923,5,1757972951,1.0
6459,454,2,1757972951,0.4
6459,1299,4,1757972951,0.8
6459,3077,1,1757972951,0.2
6459,2174,5,1757972951,1.0
6459,1485,2,1757972951,0.4
6459,1093,4,1757972951,0.8
6459,2857,2,1757972951,0.4
6459,1220,1,1757972951,0.2
6459,2574,2,1757972951,0.4
6459,224,1,1757972951,0.2
6459,20,4,1757972951,0.8
6459,708,2,1757972951,0.4
6459,3599,2,1757972951,0.4
6459,2153,1,1757972951,0.2
6459,1285,3,1757972951,0.6
6459,2513,4,1757972951,0.8
6459,2470,5,1757972951,1.0
6459,2268,4,1757972951,0.8
6459,2454,1,1757972951,0.2
6459,1994,5,1757972951,1.0
6459,1090,5,1757972951,1.0
6459,541,3,1757972951,0.6
6459,587,2,1757972951,0.4
6460,1395,4,1757972951,0.8
6460,3404,5,1757972951,1.0
6460,296,3,1757972951,0.6
6460,2621,1,1757972951,0.2
6460,913,2,1757972951,0.4
6460,2901,2,1757972951,0.4
6460,3751,3,1757972951,0.6
6460,29,5,1757972951,1.0
6460,3185,4,1757972951,0.8
6460,1193,3,1757972951,0.6
6460,224,1,1757972951,0.2
6460,366,3,1757972951,0.6
6460,3489,5,1757972951,1.0
6460,2542,5,1757972951,1.0
6460,527,3,1757972951,0.6
6460,95,5,1757972951,1.0
6460,648,3,1757972951,0.6
6460,3160,2,1757972951,0.4
6460,1962,5,1757972951,1.0
6460,3408,3,1757972951,0.6
6460,3068,3,1757972951,0.6
6460,2414,4,1757972951,0.8
6460,2384,1,1757972951,0.2
6461,3147,4,1757972951,0.8
6461,3044,5,1757972951,1.0
6461,150,5,1757972951,1.0
6461,3210,3,1757972951,0.6
6461,23,2,1757972951,0.4
6461,17,1,1757972951,0.2
6461,2268,1,1757972951,0.2
6461,592,4,1757972951,0.8
6461,3844,2,1757972951,0.4
6461,3633,3,1757972951,0.6
6461,2770,3,1757972951,0.6
6461,1958,4,1757972951,0.8
6461,2347,4,1757972951,0.8
6461,2917,2,1757972951,0.4
6461,1562,3,1757972951,0.6
6461,2028,1,1757972951,0.2
6461,168,2,1757972951,0.4
6461,70,2,1757972951,0.4
6461,223,3,1757972951,0.6
6461,3740,5,1757972951,1.0
6461,1858,1,1757972951,0.2
6461,1004,1,1757972951,0.2
6462,1193,4,1757972951,0.8
6462,3920,3,1757972951,0.6
6462,2401,1,1757972951,0.2
6462,1079,2,1757972951,0.4
6462,1291,3,1757972951,0.6
6462,1797,4,1757972951,0.8
6462,2671,5,1757972951,1.0
6462,2091,2,1757972951,0.4
6462,62,1,1757972951,0.2
6462,2376,5,1757972951,1.0
6462,2889,4,1757972951,0.8
6462,1060,4,1757972951,0.8
6462,3466,5,1757972951,1.0
6462,1441,4,1757972951,0.8
6462,2568,1,1757972951,0.2
6462,1500,2,1757972951,0.4
6462,1483,3,1757972951,0.6
6462,2413,2,1757972951,0.4
6462,1805,3,1757972951,0.6
6462,858,1,1757972951,0.2
6462,1032,3,1757972951,0.6
6462,616,3,1757972951,0.6
6462,2840,2,1757972951,0.4
6463,2746,4,1757972951,0.8
6463,1393,4,1757972951,0.8
6463,3802,4,1757972951,0.8
6463,147,5,1757972951,1.0
6463,1944,2,1757972951,0.4
6463,1727,4,1757972951,0.8
6463,2959,1,1757972951,0.2
6463,2087,4,1757972951,0.8
6463,1270,2,1757972951,0.4
6463,1136,3,1757972951,0.6
6463,169,5,1757972951,1.0
6463,249,1,1757972951,0.2
6463,1527,5,1757972951,1.0
6463,2279,1,1757972951,0.2
6463,2639,4,1757972951,0.8
6463,3005,3,1757972951,0.6
6463,2001,5,1757972951,1.0
6463,628,3,1757972951,0.6
6463,3082,2,1757972951,0.4
6463,3590,3,1757972951,0.6
6463,64,1,1757972951,0.2
6463,529,3,1757972951,0.6
6464,300,1,1757972951,0.2
6464,551,1,1757972951,0.2
6464,1909,2,1757972951,0.4
6464,1381,1,1757972951,0.2
6464,1009,1,1757972951,0.2
6464,3893,5,1757972951,1.0
6464,608,5,1757972951,1.0
6464,1245,4,1757972951,0.8
6464,110,4,1757972951,0.8
6464,3263,2,1757972951,0.4
6464,936,3,1757972951,0.6
6464,2706,4,1757972951,0.8
6464,965,2,1757972951,0.4
6464,2794,3,1757972951,0.6
6464,3247,1,1757972951,0.2
6464,3020,4,1757972951,0.8
6464,1249,2,1757972951,0.4
6465,1237,1,1757972951,0.2
6465,21,1,1757972951,0.2
6465,3825,2,1757972951,0.4
6465,2359,4,1757972951,0.8
6465,1911,4,1757972951,0.8
6465,1234,5,1757972951,1.0
6465,2001,1,1757972951,0.2
6465,3005,5,1757972951,1.0
6465,3534,5,1757972951,1.0
6465,515,4,1757972951,0.8
6465,455,5,1757972951,1.0
6465,150,4,1757972951,0.8
6465,1968,1,1757972951,0.2
6465,3786,5,1757972951,1.0
6465,3753,2,1757972951,0.4
6465,246,4,1757972951,0.8
6465,1639,4,1757972951,0.8
6465,3949,4,1757972951,0.8
6465,3710,2,1757972951,0.4
6465,2081,2,1757972951,0.4
6465,153,3,1757972951,0.6
6465,1371,4,1757972951,0.8
6466,2900,1,1757972951,0.2
6466,2791,3,1757972951,0.6
6466,1884,3,1757972951,0.6
6466,1606,3,1757972951,0.6
6466,3671,3,1757972951,0.6
6466,2406,2,1757972951,0.4
6466,2969,2,1757972951,0.4
6466,3386,3,1757972951,0.6
6466,844,5,1757972951,1.0
6466,1580,3,1757972951,0.6
6466,3355,2,1757972951,0.4
6466,2474,1,1757972951,0.2
6466,3260,3,1757972951,0.6
6466,780,3,1757972951,0.6
6466,805,2,1757972951,0.4
6466,1200,1,1757972951,0.2
6466,1057,3,1757972951,0.6
6466,3363,4,1757972951,0.8
6466,2344,1,1757972951,0.2
6466,2613,5,1757972951,1.0
6467,1025,4,1757972951,0.8
6467,2007,1,1757972951,0.2
6467,2492,1,1757972951,0.2
6467,2629,2,1757972951,0.4
6467,318,5,1757972951,1.0
6467,3740,5,1757972951,1.0
6467,1350,1,1757972951,0.2
6467,2803,1,1757972951,0.2
6467,1784,5,1757972951,1.0
6467,3384,3,1757972951,0.6
6467,1207,4,1757972951,0.8
6467,1590,5,1757972951,1.0
6467,2664,4,1757972951,0.8
6467,736,3,1757972951,0.6
6468,2393,2,1757972951,0.4
6468,2881,2,1757972951,0.4
6468,110,1,1757972951,0.2
6468,1391,3,1757972951,0.6
6468,786,1,1757972951,0.2
6468,1249,4,1757972951,0.8
6468,760,3,1757972951,0.6
6468,3229,5,1757972951,1.0
6468,3702,3,1757972951,0.6
6468,2750,4,1757972951,0.8
6468,3793,2,1757972951,0.4
6468,2340,5,1757972951,1.0
6468,875,1,1757972951,0.2
6468,1580,4,1757972951,0.8
6468,1247,1,1757972951,0.2
6468,2324,4,1757972951,0.8
6468,539,4,1757972951,0.8
6468,2243,1,1757972951,0.2
6468,2268,4,1757972951,0.8
6468,2889,1,1757972951,0.2
6469,858,3,1757972951,0.6
6469,1240,5,1757972951,1.0
6469,1210,4,1757972951,0.8
6469,3702,5,1757972951,1.0
6469,531,1,1757972951,0.2
6469,1200,4,1757972951,0.8
6469,3420,3,1757972951,0.6
6469,1409,5,1757972951,1.0
6469,3435,3,1757972951,0.6
6469,1588,3,1757972951,0.6
6469,1719,2,1757972951,0.4
6469,3211,5,1757972951,1.0
6469,2416,4,1757972951,0.8
6469,2949,5,1757972951,1.0
6469,2034,1,1757972951,0.2
6469,4,2,1757972951,0.4
6469,3461,5,1757972951,1.0
6469,2141,2,1757972951,0.4
6469,1552,1,1757972951,0.2
6470,1544,4,1757972951,0.8
6470,1968,1,1757972951,0.2
6470,34,3,1757972951,0.6
6470,2762,3,1757972951,0.6
6470,1283,3,1757972951,0.6
6470,2539,4,1757972951,0.8
6470,1275,4,1757972951,0.8
6470,2826,2,1757972951,0.4
6470,3267,2,1757972951,0.4
6470,1584,1,1757972951,0.2
6470,100,1,1757972951,0.2
6470,1270,1,1757972951,0.2
6470,3208,5,1757972951,1.0
6470,2881,3,1757972951,0.6
6470,1221,2,1757972951,0.4
6470,3258,1,1757972951,0.2
6470,2334,2,1757972951,0.4
6471,1200,1,1757972951,0.2
6471,1213,1,1757972951,0.2
6471,2112,5,1757972951,1.0
6471,3836,5,1757972951,1.0
6471,3556,4,1757972951,0.8
6471,2700,2,1757972951,0.4
6471,1249,3,1757972951,0.6
6471,1240,5,1757972951,1.0
6471,2991,4,1757972951,0.8
6471,524,3,1757972951,0.6
6471,3745,1,1757972951,0.2
6471,909,2,1757972951,0.4
6471,719,3,1757972951,0.6
6471,1391,3,1757972951,0.6
6471,70,5,1757972951,1.0
6472,1005,3,1757972951,0.6
6472,2289,4,1757972951,0.8
6472,3189,3,1757972951,0.6
6472,3262,1,1757972951,0.2
6472,2395,1,1757972951,0.2
6472,485,5,1757972951,1.0
6472,1518,3,1757972951,0.6
6472,1278,2,1757972951,0.4
6472,1221,1,1757972951,0.2
6472,1270,1,1757972951,0.2
6472,3789,5,1757972951,1.0
6472,1485,3,1757972951,0.6
6472,1961,2,1757972951,0.4
6472,1246,1,1757972951,0.2
6472,836,2,1757972951,0.4
6472,1453,4,1757972951,0.8
6472,180,5,1757972951,1.0
6472,2098,2,1757972951,0.4
6472,3074,3,1757972951,0.6
6472,1207,4,1757972951,0.8
6473,2883,1,1757972951,0.2
6473,1377,4,1757972951,0.8
6473,2291,5,1757972951,1.0
6473,1945,3,1757972951,0.6
6473,2253,5,1757972951,1.0
6473,1704,1,1757972951,0.2
6473,2686,2,1757972951,0.4
6473,546,4,1757972951,0.8
6473,2722,1,1757972951,0.2
6473,3072,4,1757972951,0.8
6473,296,5,1757972951,1.0
6473,3686,4,1757972951,0.8
6473,11,3,1757972951,0.6
6473,2058,4,1757972951,0.8
6473,3551,4,1757972951,0.8
6473,597,5,1757972951,1.0
6473,380,2,1757972951,0.4
6473,2827,2,1757972951,0.4
6473,2735,3,1757972951,0.6
6473,1037,4,1757972951,0.8
6473,3168,4,1757972951,0.8
6473,1020,5,1757972951,1.0
6473,2411,3,1757972951,0.6
6474,2002,5,1757972951,1.0
6474,260,2,1757972951,0.4
6474,778,1,1757972951,0.2
6474,1397,2,1757972951,0.4
6474,3903,4,1757972951,0.8
6474,1104,4,1757972951,0.8
6474,1101,2,1757972951,0.4
6474,1307,3,1757972951,0.6
6474,1674,5,1757972951,1.0
6474,2333,3,1757972951,0.6
6474,1225,4,1757972951,0.8
6474,3364,4,1757972951,0.8
6474,3527,1,1757972951,0.2
6474,3578,4,1757972951,0.8
6474,45,1,1757972951,0.2
6474,2291,1,1757972951,0.2
6474,2000,2,1757972951,0.4
6474,338,5,1757972951,1.0
6474,3444,3,1757972951,0.6
6475,2699,3,1757972951,0.6
6475,2190,1,1757972951,0.2
6475,2505,2,1757972951,0.4
6475,590,1,1757972951,0.2
6475,2762,1,1757972951,0.2
6475,1200,3,1757972951,0.6
6475,3697,5,1757972951,1.0
6475,1291,3,1757972951,0.6
6475,2496,3,1757972951,0.6
6475,2366,1,1757972951,0.2
6475,141,3,1757972951,0.6
6475,1253,1,1757972951,0.2
6475,2022,2,1757972951,0.4
6475,1974,4,1757972951,0.8
6475,292,1,1757972951,0.2
6476,2912,1,1757972951,0.2
6476,3104,1,1757972951,0.2
6476,2616,5,1757972951,1.0
6476,2396,4,1757972951,0.8
6476,2739,1,1757972951,0.2
6476,1957,3,1757972951,0.6
6476,1375,5,1757972951,1.0
6476,3053,1,1757972951,0.2
6476,1916,4,1757972951,0.8
6476,1060,3,1757972951,0.6
6476,1287,5,1757972951,1.0
6476,908,2,1757972951,0.4
6476,2318,3,1757972951,0.6
6476,1201,2,1757972951,0.4
6476,2316,4,1757972951,0.8
6476,2706,3,1757972951,0.6
6476,208,3,1757972951,0.6
6476,597,5,1757972951,1.0
6476,110,5,1757972951,1.0
6476,165,4,1757972951,0.8
6476,2997,5,1757972951,1.0
6476,589,3,1757972951,0.6
6476,750,5,1757972951,1.0
6476,737,1,1757972951,0.2
6476,3360,2,1757972951,0.4
6476,1365,5,1757972951,1.0
6476,2628,2,1757972951,0.4
6477,2000,1,1757972951,0.2
6477,780,1,1757972951,0.2
6477,1302,1,1757972951,0.2
6477,1643,4,1757972951,0.8
6477,1197,3,1757972951,0.6
6477,1920,2,1757972951,0.4
6477,3040,1,1757972951,0.2
6477,1562,1,1757972951,0.2
6477,2357,5,1757972951,1.0
6477,2935,2,1757972951,0.4
6477,2346,1,1757972951,0.2
6477,2087,1,1757972951,0.2
6477,3107,1,1757972951,0.2
6477,3763,1,1757972951,0.2
6477,345,4,1757972951,0.8
6477,288,3,1757972951,0.6
6477,3418,2,1757972951,0.4
6477,377,3,1757972951,0.6
6477,235,1,1757972951,0.2
6477,1956,3,1757972951,0.6
6478,1090,3,1757972951,0.6
6478,2628,3,1757972951,0.6
6478,356,1,1757972951,0.2
6478,3358,5,1757972951,1.0
6478,2797,4,1757972951,0.8
6478,537,5,1757972951,1.0
6478,2012,3,1757972951,0.6
6478,2667,1,1757972951,0.2
6478,2300,1,1757972951,0.2
6478,595,1,1757972951,0.2
6478,2450,2,1757972951,0.4
6478,3678,2,1757972951,0.4
6478,46,4,1757972951,0.8
6478,615,5,1757972951,1.0
6479,2427,4,1757972951,0.8
6479,858,2,1757972951,0.4
6479,541,4,1757972951,0.8
6479,2657,1,1757972951,0.2
6479,2002,4,1757972951,0.8
6479,2289,5,1757972951,1.0
6479,1206,5,1757972951,1.0
6479,3358,2,1757972951,0.4
6479,2690,5,1757972951,1.0
6479,708,5,1757972951,1.0
6479,2485,5,1757972951,1.0
6479,3771,1,1757972951,0.2
6479,260,5,1757972951,1.0
6479,3705,1,1757972951,0.2
6479,2802,3,1757972951,0.6
6479,2699,2,1757972951,0.4
6479,2496,4,1757972951,0.8
6480,3160,1,1757972951,0.2
6480,804,4,1757972951,0.8
6480,903,5,1757972951,1.0
6480,3793,4,1757972951,0.8
6480,293,1,1757972951,0.2
6480,2355,1,1757972951,0.2
6480,1237,5,1757972951,1.0
6480,242,1,1757972951,0.2
6480,2628,2,1757972951,0.4
6480,511,2,1757972951,0.4
6480,1249,1,1757972951,0.2
6480,926,5,1757972951,1.0
6480,2108,3,1757972951,0.6
6480,2763,3,1757972951,0.6
6480,1228,4,1757972951,0.8
6480,2359,1,1757972951,0.2
6480,2734,1,1757972951,0.2
6480,1221,1,1757972951,0.2
6480,555,1,1757972951,0.2
6480,3405,3,1757972951,0.6
6480,1409,3,1757972951,0.6
6480,1287,3,1757972951,0.6
6481,3546,5,1757972951,1.0
6481,1721,2,1757972951,0.4
6481,1183,3,1757972951,0.6
6481,431,5,1757972951,1.0
6481,899,3,1757972951,0.6
6481,1616,3,1757972951,0.6
6481,1079,5,1757972951,1.0
6481,2359,4,1757972951,0.8
6481,1291,2,1757972951,0.4
6481,163,1,1757972951,0.2
6481,3341,1,1757972951,0.2
6481,2202,4,1757972951,0.8
6481,587,1,1757972951,0.2
6481,3615,1,1757972951,0.2
6481,1939,2,1757972951,0.4
6481,1097,4,1757972951,0.8
6481,1240,2,1757972951,0.4
6481,628,3,1757972951,0.6
6481,1,3,1757972951,0.6
6481,165,3,1757972951,0.6
6481,1454,2,1757972951,0.4
6481,2841,2,1757972951,0.4
6481,1374,3,1757972951,0.6
6481,1084,5,1757972951,1.0
6481,1587,3,1757972951,0.6
6481,208,5,1757972951,1.0
6481,1573,4,1757972951,0.8
6481,1307,2,1757972951,0.4
6482,3809,3,1757972951,0.6
6482,224,1,1757972951,0.2
6482,2385,5,1757972951,1.0
6482,1191,4,1757972951,0.8
6482,1175,4,1757972951,0.8
6482,1391,4,1757972951,0.8
6482,2879,3,1757972951,0.6
6482,920,3,1757972951,0.6
6482,2109,1,1757972951,0.2
6482,364,4,1757972951,0.8
6482,1267,1,1757972951,0.2
6482,1233,2,1757972951,0.4
6482,1228,4,1757972951,0.8
6482,805,3,1757972951,0.6
6482,1674,3,1757972951,0.6
6482,3061,3,1757972951,0.6
6482,44,3,1757972951,0.6
6482,1387,2,1757972951,0.4
6482,733,3,1757972951,0.6
6482,50,5,1757972951,1.0
6482,3703,5,1757972951,1.0
6482,380,5,1757972951,1.0
6483,1222,3,1757972951,0.6
6483,276,5,1757972951,1.0
6483,2792,2,1757972951,0.4
6483,3300,1,1757972951,0.2
6483,2414,3,1757972951,0.6
6483,1221,3,1757972951,0.6
6483,1290,5,1757972951,1.0
6483,36,2,1757972951,0.4
6483,2311,2,1757972951,0.4
6483,1617,4,1757972951,0.8
6483,3016,4,1757972951,0.8
6483,3005,4,1757972951,0.8
6483,590,5,1757972951,1.0
6483,3081,1,1757972951,0.2
6483,3420,4,1757972951,0.8
6483,2023,5,1757972951,1.0
6483,3591,2,1757972951,0.4
6483,1882,5,1757972951,1.0
6484,1207,3,1757972951,0.6
6484,1094,1,1757972951,0.2
6484,2791,3,1757972951,0.6
6484,3088,1,1757972951,0.2
6484,1953,2,1757972951,0.4
6484,1084,2,1757972951,0.4
6484,3499,3,1757972951,0.6
6484,2583,4,1757972951,0.8
6484,858,5,1757972951,1.0
6484,1372,3,1757972951,0.6
6484,2716,1,1757972951,0.2
6484,2875,2,1757972951,0.4
6484,3844,5,1757972951,1.0
6484,2525,4,1757972951,0.8
6484,344,5,1757972951,1.0
6484,3238,4,1757972951,0.8
6485,3633,2,1757972951,0.4
6485,1453,4,1757972951,0.8
6485,2952,4,1757972951,0.8
6485,1252,2,1757972951,0.4
6485,32,3,1757972951,0.6
6485,2987,4,1757972951,0.8
6485,577,5,1757972951,1.0
6485,1729,4,1757972951,0.8
6485,3527,1,1757972951,0.2
6485,2717,4,1757972951,0.8
6485,1375,1,1757972951,0.2
6485,2908,5,1757972951,1.0
6485,457,3,1757972951,0.6
6485,2890,1,1757972951,0.2
6485,2764,2,1757972951,0.4
6485,3435,2,1757972951,0.4
6486,1748,3,1757972951,0.6
6486,541,3,1757972951,0.6
6486,442,1,1757972951,0.2
6486,1426,4,1757972951,0.8
6486,1077,2,1757972951,0.4
6486,1250,5,1757972951,1.0
6486,3016,2,1757972951,0.4
6486,293,1,1757972951,0.2
6486,2273,4,1757972951,0.8
6486,1097,3,1757972951,0.6
6486,2718,4,1757972951,0.8
6486,3168,1,1757972951,0.2
6486,3255,1,1757972951,0.2
6486,2694,2,1757972951,0.4
6486,1291,3,1757972951,0.6
6486,1188,3,1757972951,0.6
6486,1350,3,1757972951,0.6
6486,1375,5,1757972951,1.0
6486,1569,1,1757972951,0.2
6486,1627,3,1757972951,0.6
6486,3298,3,1757972951,0.6
6486,2633,3,1757972951,0.6
6486,1391,5,1757972951,1.0
6486,370,2,1757972951,0.4
6486,2858,4,1757972951,0.8
6486,2997,5,1757972951,1.0
6487,50,5,1757972951,1.0
6487,1003,1,1757972951,0.2
6487,1193,4,1757972951,0.8
6487,587,2,1757972951,0.4
6487,3238,5,1757972951,1.0
6487,1669,5,1757972951,1.0
6487,2745,3,1757972951,0.6
6487,71,3,1757972951,0.6
6487,1093,2,1757972951,0.4
6487,1078,3,1757972951,0.6
6487,3088,3,1757972951,0.6
6487,3566,5,1757972951,1.0
6487,2906,3,1757972951,0.6
6487,3424,3,1757972951,0.6
6487,2407,3,1757972951,0.6
6487,1962,4,1757972951,0.8
6487,1967,3,1757972951,0.6
6487,2858,1,1757972951,0.2
6487,3157,3,1757972951,0.6
6487,2352,4,1757972951,0.8
6487,2026,4,1757972951,0.8
6487,2080,4,1757972951,0.8
6487,1240,3,1757972951,0.6
6487,39,3,1757972951,0.6
6487,3525,5,1757972951,1.0
6487,1307,4,1757972951,0.8
6487,16,2,1757972951,0.4
6487,337,5,1757972951,1.0
6488,1186,4,1757972951,0.8
6488,1079,1,1757972951,0.2
6488,3418,1,1757972951,0.2
6488,265,1,1757972951,0.2
6488,1358,5,1757972951,1.0
6488,3697,1,1757972951,0.2
6488,2074,2,1757972951,0.4
6488,1674,3,1757972951,0.6
6488,858,4,1757972951,0.8
6488,2138,2,1757972951,0.4
6488,2126,2,1757972951,0.4
6488,1690,4,1757972951,0.8
6488,2987,2,1757972951,0.4
6488,3809,3,1757972951,0.6
6488,2139,1,1757972951,0.2
6488,514,4,1757972951,0.8
6488,2310,4,1757972951,0.8
6488,481,5,1757972951,1.0
6488,2053,2,1757972951,0.4
6488,539,5,1757972951,1.0
6489,1201,5,1757972951,1.0
6489,1267,4,1757972951,0.8
6489,1261,3,1757972951,0.6
6489,2006,3,1757972951,0.6
6489,608,5,1757972951,1.0
6489,1625,2,1757972951,0.4
6489,2683,3,1757972951,0.6
6489,1485,4,1757972951,0.8
6489,597,4,1757972951,0.8
6489,2018,4,1757972951,0.8
6489,1601,3,1757972951,0.6
6489,524,4,1757972951,0.8
6489,1617,3,1757972951,0.6
6489,1242,3,1757972951,0.6
6489,1350,1,1757972951,0.2
6489,2394,2,1757972951,0.4
6489,2057,4,1757972951,0.8
6489,2762,4,1757972951,0.8
6489,2054,2,1757972951,0.4
6489,838,4,1757972951,0.8
6489,318,1,1757972951,0.2
6489,312,5,1757972951,1.0
6489,1952,3,1757972951,0.6
6489,593,5,1757972951,1.0
6489,3109,3,1757972951,0.6
6489,380,3,1757972951,0.6
6489,2455,1,1757972951,0.2
6490,2459,2,1757972951,0.4
6490,3081,1,1757972951,0.2
6490,2359,5,1757972951,1.0
6490,485,2,1757972951,0.4
6490,17,5,1757972951,1.0
6490,924,2,1757972951,0.4
6490,2916,4,1757972951,0.8
6490,1408,5,1757972951,1.0
6490,2683,2,1757972951,0.4
6490,3424,3,1757972951,0.6
6490,2582,4,1757972951,0.8
6490,1527,5,1757972951,1.0
6490,2455,3,1757972951,0.6
6490,3639,3,1757972951,0.6
6490,1235,1,1757972951,0.2
6490,920,4,1757972951,0.8
6490,3526,4,1757972951,0.8
6490,2763,5,1757972951,1.0
6490,900,1,1757972951,0.2
6490,1032,1,1757972951,0.2
6490,2003,4,1757972951,0.8
6490,914,2,1757972951,0.4
6490,2641,5,1757972951,1.0
6491,2406,2,1757972951,0.4
6491,590,1,1757972951,0.2
6491,275,2,1757972951,0.4
6491,1484,5,1757972951,1.0
6491,2344,4,1757972951,0.8
6491,1244,3,1757972951,0.6
6491,362,5,1757972951,1.0
6491,1377,5,1757972951,1.0
6491,1888,4,1757972951,0.8
6491,368,3,1757972951,0.6
6491,1240,3,1757972951,0.6
6491,1833,2,1757972951,0.4
6491,2615,3,1757972951,0.6
6491,3167,1,1757972951,0.2
6491,1197,4,1757972951,0.8
6491,2490,4,1757972951,0.8
6491,1717,5,1757972951,1.0
6491,2245,5,1757972951,1.0
6491,2648,3,1757972951,0.6
6491,1784,1,1757972951,0.2
6492,345,4,1757972951,0.8
6492,780,3,1757972951,0.6
6492,2248,1,1757972951,0.2
6492,2302,2,1757972951,0.4
6492,2355,5,1757972951,1.0
6492,1235,4,1757972951,0.8
6492,105,2,1757972951,0.4
6492,153,4,1757972951,0.8
6492,1387,3,1757972951,0.6
6492,3713,3,1757972951,0.6
6492,3440,4,1757972951,0.8
6492,2474,1,1757972951,0.2
6492,1094,4,1757972951,0.8
6492,1240,4,1757972951,0.8
6492,223,2,1757972951,0.4
6492,1529,5,1757972951,1.0
6492,3071,4,1757972951,0.8
6492,2005,2,1757972951,0.4
6492,2352,2,1757972951,0.4
6492,1883,4,1757972951,0.8
6492,2273,4,1757972951,0.8
6493,1097,4,1757972951,0.8
6493,1946,5,1757972951,1.0
6493,2359,3,1757972951,0.6
6493,373,1,1757972951,0.2
6493,1746,4,1757972951,0.8
6493,2947,1,1757972951,0.2
6493,1291,1,1757972951,0.2
6493,2324,5,1757972951,1.0
6493,2028,4,1757972951,0.8
6493,1670,5,1757972951,1.0
6493,3469,2,1757972951,0.4
6493,1221,2,1757972951,0.4
6493,2268,4,1757972951,0.8
6493,1234,4,1757972951,0.8
6493,543,4,1757972951,0.8
6493,58,4,1757972951,0.8
6493,1952,5,1757972951,1.0
6493,2371,3,1757972951,0.6
6493,1046,5,1757972951,1.0
6493,1376,5,1757972951,1.0
6493,1663,2,1757972951,0.4
6493,1617,1,1757972951,0.2
6493,562,1,1757972951,0.2
6493,1333,5,1757972951,1.0
6493,3512,4,1757972951,0.8
6493,217,1,1757972951,0.2
6493,2249,2,1757972951,0.4
6493,434,5,1757972951,1.0
6493,1372,5,1757972951,1.0
6494,507,5,1757972951,1.0
6494,2145,5,1757972951,1.0
6494,932,3,1757972951,0.6
6494,1073,4,1757972951,0.8
6494,2858,5,1757972951,1.0
6494,2459,1,1757972951,0.2
6494,2109,5,1757972951,1.0
6494,457,3,1757972951,0.6
6494,3753,1,1757972951,0.2
6494,2542,5,1757972951,1.0
6494,1283,3,1757972951,0.6
6494,3160,5,1757972951,1.0
6494,735,1,1757972951,0.2
6494,2763,4,1757972951,0.8
6494,3450,2,1757972951,0.4
6494,2097,1,1757972951,0.2
6494,1240,1,1757972951,0.2
6494,523,4,1757972951,0.8
6494,2699,5,1757972951,1.0
6494,1061,3,1757972951,0.6
6494,1374,2,1757972951,0.4
6494,1694,3,1757972951,0.6
6494,2001,4,1757972951,0.8
6495,3019,3,1757972951,0.6
6495,3809,3,1757972951,0.6
6495,2716,4,1757972951,0.8
6495,3254,3,1757972951,0.6
6495,1258,2,1757972951,0.4
6495,919,4,1757972951,0.8
6495,2082,4,1757972951,0.8
6495,2718,1,1757972951,0.2
6495,934,2,1757972951,0.4
6495,1196,3,1757972951,0.6
6495,2628,3,1757972951,0.6
6495,2690,2,1757972951,0.4
6495,1254,1,1757972951,0.2
6495,2398,3,1757972951,0.6
6495,905,3,1757972951,0.6
6495,337,1,1757972951,0.2
6495,1235,3,1757972951,0.6
6495,1086,2,1757972951,0.4
6495,722,3,1757972951,0.6
6495,2929,2,1757972951,0.4
6495,3155,2,1757972951,0.4
6496,745,1,1757972951,0.2
6496,2145,2,1757972951,0.4
6496,1238,5,1757972951,1.0
6496,3429,2,1757972951,0.4
6496,1377,2,1757972951,0.4
6496,2881,3,1757972951,0.6
6496,2005,2,1757972951,0.4
6496,2340,3,1757972951,0.6
6496,2716,5,1757972951,1.0
6496,3638,4,1757972951,0.8
6496,1956,3,1757972951,0.6
6496,2194,3,1757972951,0.6
6496,3070,1,1757972951,0.2
6496,2919,3,1757972951,0.6
6496,2513,5,1757972951,1.0
6496,2046,2,1757972951,0.4
6496,529,5,1757972951,1.0
6496,836,1,1757972951,0.2
6496,3252,3,1757972951,0.6
6496,2883,4,1757972951,0.8
6496,1556,2,1757972951,0.4
6496,2944,5,1757972951,1.0
6496,239,5,1757972951,1.0
6496,1237,2,1757972951,0.4
6496,1915,4,1757972951,0.8
6496,799,5,1757972951,1.0
6496,2396,3,1757972951,0.6
6496,3663,1,1757972951,0.2
6497,1665,2,1757972951,0.4
6497,3173,5,1757972951,1.0
6497,272,5,1757972951,1.0
6497,3108,3,1757972951,0.6
6497,1959,5,1757972951,1.0
6497,3114,3,1757972951,0.6
6497,3060,3,1757972951,0.6
6497,89,5,1757972951,1.0
6497,2707,3,1757972951,0.6
6497,2768,3,1757972951,0.6
6497,2115,3,1757972951,0.6
6497,68,1,1757972951,0.2
6497,880,1,1757972951,0.2
6497,2795,4,1757972951,0.8
6497,3029,5,1757972951,1.0
6497,1215,2,1757972951,0.4
6497,3809,2,1757972951,0.4
6497,1225,3,1757972951,0.6
6497,329,3,1757972951,0.6
6497,1682,2,1757972951,0.4
6497,1997,5,1757972951,1.0
6497,1235,5,1757972951,1.0
6497,2991,3,1757972951,0.6
6498,2600,5,1757972951,1.0
6498,1196,4,1757972951,0.8
6498,1500,1,1757972951,0.2
6498,464,2,1757972951,0.4
6498,391,5,1757972951,1.0
6498,3114,4,1757972951,0.8
6498,2117,4,1757972951,0.8
6498,2408,2,1757972951,0.4
6498,1240,3,1757972951,0.6
6498,19,1,1757972951,0.2
6498,3844,5,1757972951,1.0
6498,2916,4,1757972951,0.8
6498,3512,4,1757972951,0.8
6498,2033,5,1757972951,1.0
6498,161,5,1757972951,1.0
6498,2073,4,1757972951,0.8
6498,2011,4,1757972951,0.8
6498,2015,4,1757972951,0.8
6498,1252,3,1757972951,0.6
6499,858,4,1757972951,0.8
6499,905,2,1757972951,0.4
6499,3686,2,1757972951,0.4
6499,3300,2,1757972951,0.4
6499,2146,3,1757972951,0.6
6499,2142,4,1757972951,0.8
6499,2871,1,1757972951,0.2
6499,1960,3,1757972951,0.6
6499,1611,4,1757972951,0.8
6499,2738,3,1757972951,0.6
6499,1408,5,1757972951,1.0
6499,338,4,1757972951,0.8
6499,2739,1,1757972951,0.2
6499,235,5,1757972951,1.0
6499,517,1,1757972951,0.2
6499,2628,3,1757972951,0.6
6499,2120,5,1757972951,1.0
6499,2723,1,1757972951,0.2
6499,3639,4,1757972951,0.8
6500,2396,5,1757972951,1.0
6500,1704,3,1757972951,0.6
6500,3617,3,1757972951,0.6
6500,1719,3,1757972951,0.6
6500,562,2,1757972951,0.4
6500,1616,3,1757972951,0.6
6500,2541,4,1757972951,0.8
6500,915,3,1757972951,0.6
6500,1374,2,1757972951,0.4
6500,1220,4,1757972951,0.8
6500,2872,4,1757972951,0.8
6500,2433,5,1757972951,1.0
6500,1225,4,1757972951,0.8
6500,3000,4,1757972951,0.8
6500,2363,3,1757972951,0.6
6500,3334,3,1757972951,0.6
6500,2690,3,1757972951,0.6
6500,945,5,1757972951,1.0
6500,3258,3,1757972951,0.6
6500,1617,2,1757972951,0.4
6500,3206,5,1757972951,1.0
6500,2987,4,1757972951,0.8
6500,1499,1,1757972951,0.2
6500,780,2,1757972951,0.4
6501,1721,1,1757972951,0.2
6501,1223,2,1757972951,0.4
6501,3919,2,1757972951,0.4
6501,1200,3,1757972951,0.6
6501,318,5,1757972951,1.0
6501,562,2,1757972951,0.4
6501,2668,5,1757972951,1.0
6501,432,4,1757972951,0.8
6501,1275,2,1757972951,0.4
6501,1912,4,1757972951,0.8
6501,3689,1,1757972951,0.2
6501,1060,3,1757972951,0.6
6501,1265,2,1757972951,0.4
6501,2291,1,1757972951,0.2
6501,587,2,1757972951,0.4
6501,50,1,1757972951,0.2
6501,2863,4,1757972951,0.8
6501,2565,4,1757972951,0.8
6501,2150,2,1757972951,0.4
6501,2431,1,1757972951,0.2
6501,2998,4,1757972951,0.8
6501,299,1,1757972951,0.2
6502,35,4,1757972951,0.8
6502,389,3,1757972951,0.6
6502,3159,2,1757972951,0.4
6502,1955,4,1757972951,0.8
6502,1278,2,1757972951,0.4
6502,2478,1,1757972951,0.2
6502,480,2,1757972951,0.4
6502,1617,5,1757972951,1.0
6502,1393,4,1757972951,0.8
6502,965,2,1757972951,0.4
6502,349,3,1757972951,0.6
6502,1240,4,1757972951,0.8
6502,3528,5,1757972951,1.0
6502,3633,4,1757972951,0.8
6502,2804,3,1757972951,0.6
6502,1206,4,1757972951,0.8
6502,3308,3,1757972951,0.6
6502,2401,2,1757972951,0.4
6503,1945,1,1757972951,0.2
6503,2141,1,1757972951,0.2
6503,1376,3,1757972951,0.6
6503,2504,3,1757972951,0.6
6503,21,5,1757972951,1.0
6503,1238,5,1757972951,1.0
6503,1206,2,1757972951,0.4
6503,3011,3,1757972951,0.6
6503,2076,4,1757972951,0.8
6503,1210,4,1757972951,0.8
6503,3273,1,1757972951,0.2
6503,1247,3,1757972951,0.6
6503,2824,1,1757972951,0.2
6503,551,5,1757972951,1.0
6503,832,4,1757972951,0.8
6503,1961,3,1757972951,0.6
6503,2406,3,1757972951,0.6
6503,575,4,1757972951,0.8
6503,3571,4,1757972951,0.8
6503,2064,1,1757972951,0.2
6503,1240,4,1757972951,0.8
6503,2371,5,1757972951,1.0
6503,3519,3,1757972951,0.6
6503,2364,5,1757972951,1.0
6504,3363,3,1757972951,0.6
6504,3285,5,1757972951,1.0
6504,2763,1,1757972951,0.2
6504,1222,3,1757972951,0.6
6504,2915,4,1757972951,0.8
6504,3398,3,1757972951,0.6
6504,529,5,1757972951,1.0
6504,3795,1,1757972951,0.2
6504,3499,1,1757972951,0.2
6504,2542,1,1757972951,0.2
6504,1294,5,1757972951,1.0
6504,2798,3,1757972951,0.6
6504,150,2,1757972951,0.4
6504,2100,5,1757972951,1.0
6504,2203,1,1757972951,0.2
6504,3033,2,1757972951,0.4
6504,1982,3,1757972951,0.6
6504,1256,1,1757972951,0.2
6505,1196,2,1757972951,0.4
6505,898,3,1757972951,0.6
6505,1242,1,1757972951,0.2
6505,1375,4,1757972951,0.8
6505,2140,3,1757972951,0.6
6505,515,4,1757972951,0.8
6505,1408,4,1757972951,0.8
6505,161,1,1757972951,0.2
6505,2683,3,1757972951,0.6
6505,1172,1,1757972951,0.2
6505,292,1,1757972951,0.2
6505,379,1,1757972951,0.2
6505,2804,1,1757972951,0.2
6505,2716,5,1757972951,1.0
6505,2287,4,1757972951,0.8
6505,589,5,1757972951,1.0
6505,1953,2,1757972951,0.4
6505,986,2,1757972951,0.4
6505,2612,3,1757972951,0.6
6505,3478,2,1757972951,0.4
6506,2384,1,1757972951,0.2
6506,1799,3,1757972951,0.6
6506,3578,2,1757972951,0.4
6506,2700,5,1757972951,1.0
6506,2677,1,1757972951,0.2
6506,32,4,1757972951,0.8
6506,1278,2,1757972951,0.4
6506,1283,3,1757972951,0.6
6506,2490,3,1757972951,0.6
6506,2797,5,1757972951,1.0
6506,1617,5,1757972951,1.0
6506,647,4,1757972951,0.8
6506,671,3,1757972951,0.6
6506,2826,1,1757972951,0.2
6506,3424,5,1757972951,1.0
6506,2134,4,1757972951,0.8
6506,2517,3,1757972951,0.6
6506,235,1,1757972951,0.2
6506,101,5,1757972951,1.0
6506,2899,3,1757972951,0.6
6506,597,3,1757972951,0.6
6506,3090,2,1757972951,0.4
6507,126,3,1757972951,0.6
6507,2730,5,1757972951,1.0
6507,1097,2,1757972951,0.4
6507,866,1,1757972951,0.2
6507,589,5,1757972951,1.0
6507,2713,3,1757972951,0.6
6507,1198,3,1757972951,0.6
6507,1049,4,1757972951,0.8
6507,3897,5,1757972951,1.0
6507,1246,4,1757972951,0.8
6507,501,4,1757972951,0.8
6508,2265,5,1757972951,1.0
6508,1356,4,1757972951,0.8
6508,2034,5,1757972951,1.0
6508,1193,4,1757972951,0.8
6508,2724,3,1757972951,0.6
6508,1353,3,1757972951,0.6
6508,1101,3,1757972951,0.6
6508,1091,2,1757972951,0.4
6508,2788,4,1757972951,0.8
6508,1730,3,1757972951,0.6
6508,3421,3,1757972951,0.6
6508,2469,5,1757972951,1.0
6508,1285,2,1757972951,0.4
6508,1608,5,1757972951,1.0
6508,2260,2,1757972951,0.4
6508,2395,2,1757972951,0.4
6509,1233,5,1757972951,1.0
6509,1459,2,1757972951,0.4
6509,2167,5,1757972951,1.0
6509,3489,1,1757972951,0.2
6509,831,4,1757972951,0.8
6509,1358,4,1757972951,0.8
6509,2828,1,1757972951,0.2
6509,2202,2,1757972951,0.4
6509,2966,2,1757972951,0.4
6509,1265,5,1757972951,1.0
6509,3703,3,1757972951,0.6
6509,1350,5,1757972951,1.0
6509,3451,2,1757972951,0.4
6509,1227,4,1757972951,0.8
6509,1196,1,1757972951,0.2
6509,2916,5,1757972951,1.0
6509,2470,5,1757972951,1.0
6509,1103,1,1757972951,0.2
6509,1217,1,1757972951,0.2
6510,1617,5,1757972951,1.0
6510,2406,1,1757972951,0.2
6510,1653,3,1757972951,0.6
6510,2352,4,1757972951,0.8
6510,3760,2,1757972951,0.4
6510,1729,2,1757972951,0.4
6510,223,1,1757972951,0.2
6510,1077,2,1757972951,0.4
6510,3448,3,1757972951,0.6
6510,21,5,1757972951,1.0
6510,3898,2,1757972951,0.4
6510,1198,5,1757972951,1.0
6510,1982,3,1757972951,0.6
6510,436,4,1757972951,0.8
6510,1610,2,1757972951,0.4
6510,2677,5,1757972951,1.0
6510,3730,5,1757972951,1.0
6510,1196,1,1757972951,0.2
6510,3481,5,1757972951,1.0
6510,2058,3,1757972951,0.6
6510,1225,4,1757972951,0.8
6510,1238,1,1757972951,0.2
6510,592,3,1757972951,0.6
6510,1953,4,1757972951,0.8
6510,3156,4,1757972951,0.8
6510,3671,1,1757972951,0.2
6510,457,5,1757972951,1.0
6511,2700,5,1757972951,1.0
6511,260,1,1757972951,0.2
6511,1960,1,1757972951,0.2
6511,2653,5,1757972951,1.0
6511,1446,1,1757972951,0.2
6511,3835,5,1757972951,1.0
6511,2206,3,1757972951,0.6
6511,733,3,1757972951,0.6
6511,2872,1,1757972951,0.2
6511,1527,4,1757972951,0.8
6511,471,1,1757972951,0.2
6511,2916,5,1757972951,1.0
6511,3462,4,1757972951,0.8
6511,1199,4,1757972951,0.8
6511,3045,1,1757972951,0.2
6511,1261,4,1757972951,0.8
6511,60,4,1757972951,0.8
6511,22,3,1757972951,0.6
6511,1327,2,1757972951,0.4
6511,543,1,1757972951,0.2
6511,2427,4,1757972951,0.8
6511,3342,4,1757972951,0.8
6512,3897,2,1757972951,0.4
6512,3489,4,1757972951,0.8
6512,1240,5,1757972951,1.0
6512,1647,4,1757972951,0.8
6512,3169,4,1757972951,0.8
6512,1954,2,1757972951,0.4
6512,3244,1,1757972951,0.2
6512,2968,5,1757972951,1.0
6512,2795,4,1757972951,0.8
6512,1438,3,1757972951,0.6
6512,3683,1,1757972951,0.2
6512,95,3,1757972951,0.6
6512,2648,1,1757972951,0.2
6512,2580,1,1757972951,0.2
6512,58,2,1757972951,0.4
6512,3545,5,1757972951,1.0
6512,213,4,1757972951,0.8
6512,3113,2,1757972951,0.4
6512,2804,3,1757972951,0.6
6513,10,1,1757972951,0.2
6513,2393,2,1757972951,0.4
6513,318,5,1757972951,1.0
6513,673,1,1757972951,0.2
6513,3107,4,1757972951,0.8
6513,953,5,1757972951,1.0
6513,3456,3,1757972951,0.6
6513,3730,2,1757972951,0.4
6513,2527,3,1757972951,0.6
6513,2716,1,1757972951,0.2
6513,2348,4,1757972951,0.8
6513,515,4,1757972951,0.8
6513,3793,2,1757972951,0.4
6513,1552,1,1757972951,0.2
6513,3740,2,1757972951,0.4
6513,2174,4,1757972951,0.8
6513,3174,5,1757972951,1.0
6513,913,2,1757972951,0.4
6513,2692,1,1757972951,0.2
6513,2105,3,1757972951,0.6
6513,1468,1,1757972951,0.2
6513,1517,1,1757972951,0.2
6513,2568,5,1757972951,1.0
6513,39,3,1757972951,0.6
6513,235,4,1757972951,0.8
6513,2804,4,1757972951,0.8
6513,3729,1,1757972951,0.2
6513,3189,3,1757972951,0.6
6514,588,4,1757972951,0.8
6514,175,5,1757972951,1.0
6514,3608,2,1757972951,0.4
6514,1022,4,1757972951,0.8
6514,1513,5,1757972951,1.0
6514,1299,2,1757972951,0.4
6514,3421,2,1757972951,0.4
6514,2153,1,1757972951,0.2
6514,1348,2,1757972951,0.4
6514,1130,5,1757972951,1.0
6514,2173,5,1757972951,1.0
6514,663,4,1757972951,0.8
6514,2012,3,1757972951,0.6
6515,1252,1,1757972951,0.2
6515,923,2,1757972951,0.4
6515,2692,4,1757972951,0.8
6515,3029,5,1757972951,1.0
6515,908,3,1757972951,0.6
6515,3450,3,1757972951,0.6
6515,1549,2,1757972951,0.4
6515,918,4,1757972951,0.8
6515,2649,2,1757972951,0.4
6515,3361,4,1757972951,0.8
6515,1240,3,1757972951,0.6
6515,2982,1,1757972951,0.2
6515,2523,2,1757972951,0.4
6515,2683,3,1757972951,0.6
6515,3267,5,1757972951,1.0
6515,3368,1,1757972951,0.2
6515,2807,1,1757972951,0.2
6515,480,4,1757972951,0.8
6515,1296,1,1757972951,0.2
6515,329,2,1757972951,0.4
6515,926,5,1757972951,1.0
6515,1907,1,1757972951,0.2
6515,2291,4,1757972951,0.8
6515,260,2,1757972951,0.4
6515,2352,5,1757972951,1.0
6516,1185,4,1757972951,0.8
6516,1960,3,1757972951,0.6
6516,2745,4,1757972951,0.8
6516,12,4,1757972951,0.8
6516,1253,2,1757972951,0.4
6516,1376,5,1757972951,1.0
6516,3468,4,1757972951,0.8
6516,170,1,1757972951,0.2
6516,2333,3,1757972951,0.6
6516,733,4,1757972951,0.8
6516,1676,3,1757972951,0.6
6516,3698,1,1757972951,0.2
6516,337,4,1757972951,0.8
6516,1374,1,1757972951,0.2
6516,1923,1,1757972951,0.2
6517,2505,4,1757972951,0.8
6517,3556,5,1757972951,1.0
6517,736,1,1757972951,0.2
6517,2973,3,1757972951,0.6
6517,1014,5,1757972951,1.0
6517,2719,1,1757972951,0.2
6517,590,4,1757972951,0.8
6517,1193,2,1757972951,0.4
6517,2600,4,1757972951,0.8
6517,2656,5,1757972951,1.0
6517,3615,3,1757972951,0.6
6517,1287,4,1757972951,0.8
6517,1254,3,1757972951,0.6
6517,265,2,1757972951,0.4
6517,2139,2,1757972951,0.4
6517,765,4,1757972951,0.8
6517,1848,4,1757972951,0.8
6517,1275,2,1757972951,0.4
6517,2723,3,1757972951,0.6
6517,2886,2,1757972951,0.4
6517,367,3,1757972951,0.6
6517,1042,3,1757972951,0.6
6517,1730,2,1757972951,0.4
6517,3793,5,1757972951,1.0
6517,1197,4,1757972951,0.8
6517,473,2,1757972951,0.4
6517,1307,3,1757972951,0.6
6518,318,2,1757972951,0.4
6518,3450,1,1757972951,0.2
6518,3301,4,1757972951,0.8
6518,2014,2,1757972951,0.4
6518,2734,2,1757972951,0.4
6518,3783,4,1757972951,0.8
6518,2424,4,1757972951,0.8
6518,3240,3,1757972951,0.6
6518,1918,4,1757972951,0.8
6518,920,4,1757972951,0.8
6518,1276,5,1757972951,1.0
6518,589,1,1757972951,0.2
6518,2000,2,1757972951,0.4
6518,2141,3,1757972951,0.6
6518,1858,3,1757972951,0.6
6518,1892,5,1757972951,1.0
6518,1252,5,1757972951,1.0
6519,1256,4,1757972951,0.8
6519,736,4,1757972951,0.8
6519,1250,2,1757972951,0.4
6519,2163,5,1757972951,1.0
6519,1217,3,1757972951,0.6
6519,1916,1,1757972951,0.2
6519,2580,5,1757972951,1.0
6519,2463,1,1757972951,0.2
6519,1093,1,1757972951,0.2
6519,371,5,1757972951,1.0
6519,1103,5,1757972951,1.0
6519,1089,3,1757972951,0.6
6519,3623,1,1757972951,0.2
6519,2067,2,1757972951,0.4
6519,595,2,1757972951,0.4
6519,919,2,1757972951,0.4
6519,2307,5,1757972951,1.0
6519,2000,3,1757972951,0.6
6519,2764,4,1757972951,0.8
6519,306,1,1757972951,0.2
6519,1407,4,1757972951,0.8
6519,2762,2,1757972951,0.4
6520,377,5,1757972951,1.0
6520,1205,5,1757972951,1.0
6520,3702,2,1757972951,0.4
6520,292,4,1757972951,0.8
6520,911,1,1757972951,0.2
6520,1208,5,1757972951,1.0
6520,592,5,1757972951,1.0
6520,372,3,1757972951,0.6
6520,352,2,1757972951,0.4
6520,2858,1,1757972951,0.2
6520,1193,2,1757972951,0.4
6520,3072,3,1757972951,0.6
6520,1088,4,1757972951,0.8
6520,45,1,1757972951,0.2
6520,1284,4,1757972951,0.8
6520,541,4,1757972951,0.8
6520,2050,2,1757972951,0.4
6520,3099,4,1757972951,0.8
6520,1372,4,1757972951,0.8
6520,2411,4,1757972951,0.8
6520,2571,2,1757972951,0.4
6520,1304,3,1757972951,0.6
6520,1094,3,1757972951,0.6
6520,3471,5,1757972951,1.0
6521,1276,4,1757972951,0.8
6521,3005,3,1757972951,0.6
6521,1721,3,1757972951,0.6
6521,500,1,1757972951,0.2
6521,3882,5,1757972951,1.0
6521,3556,4,1757972951,0.8
6521,2118,2,1757972951,0.4
6521,364,2,1757972951,0.4
6521,1169,5,1757972951,1.0
6521,2106,2,1757972951,0.4
6521,2145,5,1757972951,1.0
6521,3927,4,1757972951,0.8
6521,3121,5,1757972951,1.0
6521,2163,4,1757972951,0.8
6522,3363,4,1757972951,0.8
6522,1952,4,1757972951,0.8
6522,379,5,1757972951,1.0
6522,3384,3,1757972951,0.6
6522,3685,4,1757972951,0.8
6522,1701,4,1757972951,0.8
6522,48,3,1757972951,0.6
6522,1735,2,1757972951,0.4
6522,1962,3,1757972951,0.6
6522,1573,1,1757972951,0.2
6522,1079,4,1757972951,0.8
6522,916,1,1757972951,0.2
6522,1247,3,1757972951,0.6
6522,1084,1,1757972951,0.2
6522,2716,5,1757972951,1.0
6522,595,4,1757972951,0.8
6522,309,5,1757972951,1.0
6522,2791,3,1757972951,0.6
6522,3174,4,1757972951,0.8
6522,1441,1,1757972951,0.2
6522,163,4,1757972951,0.8
6522,3760,5,1757972951,1.0
6522,2747,5,1757972951,1.0
6522,3593,3,1757972951,0.6
6522,2765,2,1757972951,0.4
6522,1704,2,1757972951,0.4
6523,3700,3,1757972951,0.6
6523,3497,2,1757972951,0.4
6523,1994,3,1757972951,0.6
6523,2247,5,1757972951,1.0
6523,1219,4,1757972951,0.8
6523,2460,2,1757972951,0.4
6523,3147,2,1757972951,0.4
6523,3751,1,1757972951,0.2
6523,410,2,1757972951,0.4
6523,1238,1,1757972951,0.2
6523,724,2,1757972951,0.4
6523,2712,1,1757972951,0.2
6523,2633,1,1757972951,0.2
6523,2135,1,1757972951,0.2
6523,1370,4,1757972951,0.8
6523,2991,5,1757972951,1.0
6523,3528,5,1757972951,1.0
6524,300,1,1757972951,0.2
6524,1198,2,1757972951,0.4
6524,2598,3,1757972951,0.6
6524,1249,3,1757972951,0.6
6524,405,3,1757972951,0.6
6524,2764,1,1757972951,0.2
6524,260,3,1757972951,0.6
6524,933,3,1757972951,0.6
6524,2422,3,1757972951,0.6
6524,3864,3,1757972951,0.6
6524,1954,2,1757972951,0.4
6524,2481,2,1757972951,0.4
6524,2470,4,1757972951,0.8
6524,780,3,1757972951,0.6
6524,2269,5,1757972951,1.0
6525,1210,1,1757972951,0.2
6525,906,4,1757972951,0.8
6525,1270,2,1757972951,0.4
6525,2706,2,1757972951,0.4
6525,170,4,1757972951,0.8
6525,3146,4,1757972951,0.8
6525,2125,2,1757972951,0.4
6525,588,1,1757972951,0.2
6525,3534,1,1757972951,0.2
6525,3767,2,1757972951,0.4
6525,3098,3,1757972951,0.6
6525,2779,5,1757972951,1.0
6526,1221,5,1757972951,1.0
6526,3037,5,1757972951,1.0
6526,1183,3,1757972951,0.6
6526,3649,5,1757972951,1.0
6526,908,4,1757972951,0.8
6526,2966,5,1757972951,1.0
6526,1233,5,1757972951,1.0
6526,2011,3,1757972951,0.6
6526,1385,2,1757972951,0.4
6526,2872,2,1757972951,0.4
6526,3821,5,1757972951,1.0
6526,2582,5,1757972951,1.0
6526,3869,1,1757972951,0.2
6526,1046,2,1757972951,0.4
6526,19,5,1757972951,1.0
6526,1954,3,1757972951,0.6
6527,3099,2,1757972951,0.4
6527,2792,2,1757972951,0.4
6527,2966,2,1757972951,0.4
6527,2529,5,1757972951,1.0
6527,595,3,1757972951,0.6
6527,3704,1,1757972951,0.2
6527,903,3,1757972951,0.6
6527,784,3,1757972951,0.6
6527,3562,5,1757972951,1.0
6527,1517,5,1757972951,1.0
6527,2827,2,1757972951,0.4
6527,1093,1,1757972951,0.2
6527,3528,5,1757972951,1.0
6527,3384,4,1757972951,0.8
6527,2067,3,1757972951,0.6
6527,1210,1,1757972951,0.2
6527,2010,5,1757972951,1.0
6528,1127,1,1757972951,0.2
6528,2338,1,1757972951,0.2
6528,426,2,1757972951,0.4
6528,479,3,1757972951,0.6
6528,1682,2,1757972951,0.4
6528,1363,3,1757972951,0.6
6528,3423,1,1757972951,0.2
6528,186,4,1757972951,0.8
6528,1909,4,1757972951,0.8
6528,2118,5,1757972951,1.0
6528,2392,4,1757972951,0.8
6528,2817,3,1757972951,0.6
6528,1377,2,1757972951,0.4
6528,204,1,1757972951,0.2
6528,551,1,1757972951,0.2
6528,2429,1,1757972951,0.2
6528,1892,4,1757972951,0.8
6528,1004,3,1757972951,0.6
6528,3408,2,1757972951,0.4
6528,2183,2,1757972951,0.4
6528,1569,1,1757972951,0.2
6528,2502,3,1757972951,0.6
6528,493,5,1757972951,1.0
6528,2010,5,1757972951,1.0
6528,3355,4,1757972951,0.8
6528,2137,1,1757972951,0.2
6528,916,2,1757972951,0.4
6528,1623,5,1757972951,1.0
6529,2571,3,1757972951,0.6
6529,3334,2,1757972951,0.4
6529,2581,3,1757972951,0.6
6529,1280,1,1757972951,0.2
6529,3114,1,1757972951,0.2
6529,357,3,1757972951,0.6
6529,425,5,1757972951,1.0
6529,1136,3,1757972951,0.6
6529,1288,5,1757972951,1.0
6529,1193,3,1757972951,0.6
6529,968,4,1757972951,0.8
6529,2143,3,1757972951,0.6
6529,1208,5,1757972951,1.0
6529,3157,1,1757972951,0.2
6529,2688,2,1757972951,0.4
6529,1240,5,1757972951,1.0
6529,50,4,1757972951,0.8
6529,1,3,1757972951,0.6
6529,356,5,1757972951,1.0
6529,551,4,1757972951,0.8
6529,1357,4,1757972951,0.8
6529,1278,5,1757972951,1.0
6529,296,3,1757972951,0.6
6529,593,2,1757972951,0.4
6529,902,3,1757972951,0.6
6529,916,4,1757972951,0.8
6529,2395,4,1757972951,0.8
6529,2046,4,1757972951,0.8
6529,350,1,1757972951,0.2
6530,234,5,1757972951,1.0
6530,1033,4,1757972951,0.8
6530,1097,3,1757972951,0.6
6530,1499,5,1757972951,1.0
6530,1083,2,1757972951,0.4
6530,2140,1,1757972951,0.2
6530,3556,3,1757972951,0.6
6530,1377,4,1757972951,0.8
6530,529,5,1757972951,1.0
6530,1079,5,1757972951,1.0
6530,3499,3,1757972951,0.6
6530,110,3,1757972951,0.6
6530,1020,3,1757972951,0.6
6530,1199,4,1757972951,0.8
6530,1206,3,1757972951,0.6
6530,3386,1,1757972951,0.2
6530,959,3,1757972951,0.6
6531,2012,4,1757972951,0.8
6531,1278,2,1757972951,0.4
6531,1994,4,1757972951,0.8
6531,2692,1,1757972951,0.2
6531,3911,4,1757972951,0.8
6531,1136,4,1757972951,0.8
6531,1019,3,1757972951,0.6
6531,480,4,1757972951,0.8
6531,3671,4,1757972951,0.8
6531,2770,2,1757972951,0.4
6531,3173,1,1757972951,0.2
6531,910,5,1757972951,1.0
6531,953,5,1757972951,1.0
6531,230,4,1757972951,0.8
6531,3751,2,1757972951,0.4
6531,2599,2,1757972951,0.4
6531,2396,1,1757972951,0.2
6532,3067,3,1757972951,0.6
6532,2995,5,1757972951,1.0
6532,2108,3,1757972951,0.6
6532,3525,4,1757972951,0.8
6532,3418,4,1757972951,0.8
6532,2791,5,1757972951,1.0
6532,3203,1,1757972951,0.2
6532,3545,2,1757972951,0.4
6532,1370,2,1757972951,0.4
6532,1294,1,1757972951,0.2
6532,480,1,1757972951,0.2
6532,589,2,1757972951,0.4
6532,1883,3,1757972951,0.6
6532,3156,3,1757972951,0.6
6532,3324,2,1757972951,0.4
6532,1077,2,1757972951,0.4
6532,3107,1,1757972951,0.2
6532,2968,4,1757972951,0.8
6532,73,5,1757972951,1.0
6532,1307,5,1757972951,1.0
6532,1688,1,1757972951,0.2
6532,474,2,1757972951,0.4
6532,1220,3,1757972951,0.6
6532,1271,2,1757972951,0.4
6532,2313,3,1757972951,0.6
6532,292,4,1757972951,0.8
6532,261,4,1757972951,0.8
6532,1834,2,1757972951,0.4
6533,3390,4,1757972951,0.8
6533,780,3,1757972951,0.6
6533,799,3,1757972951,0.6
6533,2288,5,1757972951,1.0
6533,3503,4,1757972951,0.8
6533,2331,3,1757972951,0.6
6533,1225,1,1757972951,0.2
6533,372,2,1757972951,0.4
6533,1198,1,1757972951,0.2
6533,3526,1,1757972951,0.2
6533,1265,5,1757972951,1.0
6533,587,4,1757972951,0.8
6533,2369,3,1757972951,0.6
6533,1306,2,1757972951,0.4
6533,1573,4,1757972951,0.8
6533,1196,2,1757972951,0.4
6533,1374,5,1757972951,1.0
6533,3775,1,1757972951,0.2
6533,3471,4,1757972951,0.8
6533,180,2,1757972951,0.4
6533,497,5,1757972951,1.0
6534,2723,4,1757972951,0.8
6534,1295,2,1757972951,0.4
6534,3160,5,1757972951,1.0
6534,1356,2,1757972951,0.4
6534,3120,4,1757972951,0.8
6534,3917,1,1757972951,0.2
6534,3668,3,1757972951,0.6
6534,2262,3,1757972951,0.6
6534,504,2,1757972951,0.4
6534,164,5,1757972951,1.0
6534,1931,2,1757972951,0.4
6534,2706,2,1757972951,0.4
6535,2971,1,1757972951,0.2
6535,2514,4,1757972951,0.8
6535,2073,4,1757972951,0.8
6535,3764,3,1757972951,0.6
6535,2916,3,1757972951,0.6
6535,3770,5,1757972951,1.0
6535,1306,3,1757972951,0.6
6535,3617,2,1757972951,0.4
6535,1279,5,1757972951,1.0
6535,1339,4,1757972951,0.8
6535,349,1,1757972951,0.2
6535,2683,4,1757972951,0.8
6535,1010,3,1757972951,0.6
6535,2700,1,1757972951,0.2
6535,1457,5,1757972951,1.0
6535,647,1,1757972951,0.2
6535,2529,5,1757972951,1.0
6535,147,1,1757972951,0.2
6535,2942,1,1757972951,0.2
6535,2762,3,1757972951,0.6
6536,1246,5,1757972951,1.0
6536,1747,1,1757972951,0.2
6536,3821,4,1757972951,0.8
6536,3072,4,1757972951,0.8
6536,1292,4,1757972951,0.8
6536,2628,1,1757972951,0.2
6536,1179,2,1757972951,0.4
6536,2917,3,1757972951,0.6
6536,2926,4,1757972951,0.8
6536,2861,2,1757972951,0.4
6536,1376,3,1757972951,0.6
6536,785,5,1757972951,1.0
6536,1270,4,1757972951,0.8
6536,3755,2,1757972951,0.4
6536,1387,4,1757972951,0.8
6536,1077,4,1757972951,0.8
6536,1265,1,1757972951,0.2
6536,3100,3,1757972951,0.6
6536,3686,4,1757972951,0.8
6536,2670,1,1757972951,0.2
6536,2448,3,1757972951,0.6
6536,2539,2,1757972951,0.4
6536,337,5,1757972951,1.0
6536,2817,1,1757972951,0.2
6536,2985,4,1757972951,0.8
6536,908,1,1757972951,0.2
6537,3147,3,1757972951,0.6
6537,1960,1,1757972951,0.2
6537,2628,1,1757972951,0.2
6537,586,5,1757972951,1.0
6537,861,1,1757972951,0.2
6537,589,4,1757972951,0.8
6537,2717,3,1757972951,0.6
6537,994,5,1757972951,1.0
6537,237,2,1757972951,0.4
6537,1608,2,1757972951,0.4
6537,3827,2,1757972951,0.4
6537,1242,5,1757972951,1.0
6537,1061,5,1757972951,1.0
6537,912,4,1757972951,0.8
6537,748,3,1757972951,0.6
6537,2788,5,1757972951,1.0
6537,2692,3,1757972951,0.6
6537,190,3,1757972951,0.6
6537,3418,5,1757972951,1.0
6538,801,5,1757972951,1.0
6538,879,2,1757972951,0.4
6538,1260,1,1757972951,0.2
6538,2421,1,1757972951,0.2
6538,1219,3,1757972951,0.6
6538,750,5,1757972951,1.0
6538,1429,3,1757972951,0.6
6538,2797,2,1757972951,0.4
6538,2997,4,1757972951,0.8
6538,2683,5,1757972951,1.0
6538,2463,1,1757972951,0.2
6538,2671,2,1757972951,0.4
6538,2688,5,1757972951,1.0
6538,1228,4,1757972951,0.8
6538,3635,3,1757972951,0.6
6538,1294,1,1757972951,0.2
6538,3863,5,1757972951,1.0
6538,1748,2,1757972951,0.4
6538,1200,1,1757972951,0.2
6538,2406,5,1757972951,1.0
6538,282,1,1757972951,0.2
6538,141,4,1757972951,0.8
6538,3671,1,1757972951,0.2
6538,2581,1,1757972951,0.2
6539,2987,5,1757972951,1.0
6539,1779,3,1757972951,0.6
6539,216,4,1757972951,0.8
6539,1238,4,1757972951,0.8
6539,357,4,1757972951,0.8
6539,2028,4,1757972951,0.8
6539,3686,1,1757972951,0.2
6539,2542,2,1757972951,0.4
6539,1299,1,1757972951,0.2
6539,522,4,1757972951,0.8
6539,125,1,1757972951,0.2
6539,337,4,1757972951,0.8
6539,3194,3,1757972951,0.6
6539,3000,1,1757972951,0.2
6539,1,2,1757972951,0.4
6539,1721,5,1757972951,1.0
6539,904,2,1757972951,0.4
6539,1464,3,1757972951,0.6
6539,813,3,1757972951,0.6
6539,1517,1,1757972951,0.2
6539,3273,4,1757972951,0.8
6539,2155,4,1757972951,0.8
6539,1391,5,1757972951,1.0
6539,457,1,1757972951,0.2
6539,1252,3,1757972951,0.6
6539,1213,5,1757972951,1.0
6539,928,4,1757972951,0.8
6539,2683,5,1757972951,1.0
6539,2123,4,1757972951,0.8
6540,1256,4,1757972951,0.8
6540,2987,2,1757972951,0.4
6540,2949,4,1757972951,0.8
6540,199,2,1757972951,0.4
6540,2723,3,1757972951,0.6
6540,3260,5,1757972951,1.0
6540,1125,2,1757972951,0.4
6540,3252,5,1757972951,1.0
6540,994,5,1757972951,1.0
6540,608,2,1757972951,0.4
6540,2361,2,1757972951,0.4
6540,2026,5,1757972951,1.0
6540,1608,1,1757972951,0.2
6540,3361,5,1757972951,1.0
6540,952,5,1757972951,1.0
6540,546,5,1757972951,1.0
6540,2947,4,1757972951,0.8
6540,58,4,1757972951,0.8
6540,2011,1,1757972951,0.2
6540,457,1,1757972951,0.2
6540,750,1,1757972951,0.2
6540,1678,2,1757972951,0.4
6540,1207,2,1757972951,0.4
6540,6,3,1757972951,0.6
6541,2952,2,1757972951,0.4
6541,2710,3,1757972951,0.6
6541,1263,5,1757972951,1.0
6541,1370,4,1757972951,0.8
6541,3864,4,1757972951,0.8
6541,593,2,1757972951,0.4
6541,457,3,1757972951,0.6
6541,2840,3,1757972951,0.6
6541,1388,4,1757972951,0.8
6541,1282,4,1757972951,0.8
6541,1213,1,1757972951,0.2
6541,2929,2,1757972951,0.4
6541,2125,2,1757972951,0.4
6541,2422,4,1757972951,0.8
6541,497,1,1757972951,0.2
6541,3543,5,1757972951,1.0
6541,3949,1,1757972951,0.2
6541,1387,4,1757972951,0.8
6541,32,5,1757972951,1.0
6541,2183,3,1757972951,0.6
6541,3504,4,1757972951,0.8
6541,1409,4,1757972951,0.8
6541,950,4,1757972951,0.8
6541,208,5,1757972951,1.0
6541,1626,4,1757972951,0.8
6542,3355,2,1757972951,0.4
6542,2134,5,1757972951,1.0
6542,592,1,1757972951,0.2
6542,2108,2,1757972951,0.4
6542,350,2,1757972951,0.4
6542,562,5,1757972951,1.0
6542,2026,1,1757972951,0.2
6542,1304,5,1757972951,1.0
6542,2283,3,1757972951,0.6
6542,77,3,1757972951,0.6
6542,852,4,1757972951,0.8
6542,2700,5,1757972951,1.0
6542,1947,2,1757972951,0.4
6542,2077,5,1757972951,1.0
6542,3273,3,1757972951,0.6
6542,1220,1,1757972951,0.2
6542,1917,2,1757972951,0.4
6542,2123,1,1757972951,0.2
6542,3524,3,1757972951,0.6
6542,3576,3,1757972951,0.6
6542,1711,1,1757972951,0.2
6542,3450,4,1757972951,0.8
6542,674,4,1757972951,0.8
6542,293,3,1757972951,0.6
6542,386,3,1757972951,0.6
6542,2042,4,1757972951,0.8
6542,1836,2,1757972951,0.4
6542,7,4,1757972951,0.8
6543,2273,5,1757972951,1.0
6543,1254,1,1757972951,0.2
6543,912,2,1757972951,0.4
6543,260,4,1757972951,0.8
6543,2795,4,1757972951,0.8
6543,507,5,1757972951,1.0
6543,1461,3,1757972951,0.6
6543,1094,5,1757972951,1.0
6543,1682,4,1757972951,0.8
6543,2098,1,1757972951,0.2
6543,1129,5,1757972951,1.0
6543,87,3,1757972951,0.6
6543,494,2,1757972951,0.4
6543,3093,5,1757972951,1.0
6543,2140,4,1757972951,0.8
6543,2006,4,1757972951,0.8
6543,1672,1,1757972951,0.2
6543,1262,5,1757972951,1.0
6544,2712,3,1757972951,0.6
6544,1288,2,1757972951,0.4
6544,1732,5,1757972951,1.0
6544,3702,5,1757972951,1.0
6544,2944,1,1757972951,0.2
6544,1183,4,1757972951,0.8
6544,1198,2,1757972951,0.4
6544,919,4,1757972951,0.8
6544,423,2,1757972951,0.4
6544,3835,2,1757972951,0.4
6544,2130,4,1757972951,0.8
6544,1320,2,1757972951,0.4
6544,1210,3,1757972951,0.6
6544,1206,2,1757972951,0.4
6544,25,5,1757972951,1.0
6544,1240,2,1757972951,0.4
6544,2125,1,1757972951,0.2
6544,356,1,1757972951,0.2
6544,3107,4,1757972951,0.8
6544,2683,5,1757972951,1.0
6545,2804,5,1757972951,1.0
6545,2329,5,1757972951,1.0
6545,1288,1,1757972951,0.2
6545,590,3,1757972951,0.6
6545,3359,2,1757972951,0.4
6545,2396,5,1757972951,1.0
6545,2919,2,1757972951,0.4
6545,1264,2,1757972951,0.4
6545,933,1,1757972951,0.2
6545,1883,1,1757972951,0.2
6545,1644,4,1757972951,0.8
6545,786,5,1757972951,1.0
6545,3943,2,1757972951,0.4
6545,2922,4,1757972951,0.8
6545,1391,1,1757972951,0.2
6545,1527,5,1757972951,1.0
6545,2088,4,1757972951,0.8
6545,1704,3,1757972951,0.6
6545,2700,5,1757972951,1.0
6545,3265,3,1757972951,0.6
6545,1397,4,1757972951,0.8
6545,2160,2,1757972951,0.4
6545,1334,5,1757972951,1.0
6545,2100,1,1757972951,0.2
6545,3176,4,1757972951,0.8
6546,1204,2,1757972951,0.4
6546,2460,2,1757972951,0.4
6546,3256,1,1757972951,0.2
6546,3742,2,1757972951,0.4
6546,648,1,1757972951,0.2
6546,1267,1,1757972951,0.2
6546,2091,5,1757972951,1.0
6546,1036,3,1757972951,0.6
6546,3863,1,1757972951,0.2
6546,3726,2,1757972951,0.4
6546,2459,2,1757972951,0.4
6546,2912,4,1757972951,0.8
6546,1299,4,1757972951,0.8
6546,575,3,1757972951,0.6
6546,908,5,1757972951,1.0
6546,2668,3,1757972951,0.6
6546,2490,3,1757972951,0.6
6546,1213,5,1757972951,1.0
6546,2542,4,1757972951,0.8
6546,1591,2,1757972951,0.4
6546,3593,3,1757972951,0.6
6546,1809,5,1757972951,1.0
6546,2871,3,1757972951,0.6
6546,480,4,1757972951,0.8
6546,1094,1,1757972951,0.2
6546,2193,2,1757972951,0.4
6547,1994,2,1757972951,0.4
6547,2268,5,1757972951,1.0
6547,2787,3,1757972951,0.6
6547,260,3,1757972951,0.6
6547,1916,2,1757972951,0.4
6547,2406,2,1757972951,0.4
6547,1080,3,1757972951,0.6
6547,1297,1,1757972951,0.2
6547,485,4,1757972951,0.8
6547,186,3,1757972951,0.6
6547,1956,5,1757972951,1.0
6547,1193,4,1757972951,0.8
6547,432,2,1757972951,0.4
6547,1732,4,1757972951,0.8
6547,1586,5,1757972951,1.0
6547,3763,4,1757972951,0.8
6547,1805,3,1757972951,0.6
6547,1857,4,1757972951,0.8
6547,858,3,1757972951,0.6
6547,509,5,1757972951,1.0
6547,780,5,1757972951,1.0
6548,1552,3,1757972951,0.6
6548,1476,3,1757972951,0.6
6548,1667,2,1757972951,0.4
6548,2664,1,1757972951,0.2
6548,923,5,1757972951,1.0
6548,1091,3,1757972951,0.6
6548,373,4,1757972951,0.8
6548,2942,1,1757972951,0.2
6548,380,5,1757972951,1.0
6548,2741,5,1757972951,1.0
6548,480,5,1757972951,1.0
6548,2571,5,1757972951,1.0
6548,50,2,1757972951,0.4
6548,517,2,1757972951,0.4
6548,1080,2,1757972951,0.4
6548,2471,5,1757972951,1.0
6548,3307,3,1757972951,0.6
6548,76,2,1757972951,0.4
6548,307,5,1757972951,1.0
6548,1678,5,1757972951,1.0
6548,2987,2,1757972951,0.4
6548,3399,4,1757972951,0.8
6549,3735,4,1757972951,0.8
6549,1969,3,1757972951,0.6
6549,435,4,1757972951,0.8
6549,2916,4,1757972951,0.8
6549,1300,5,1757972951,1.0
6549,1641,5,1757972951,1.0
6549,829,5,1757972951,1.0
6549,588,1,1757972951,0.2
6549,1204,2,1757972951,0.4
6549,2759,2,1757972951,0.4
6549,858,5,1757972951,1.0
6549,1379,5,1757972951,1.0
6549,1,4,1757972951,0.8
6549,1089,3,1757972951,0.6
6549,1597,4,1757972951,0.8
6549,586,2,1757972951,0.4
6549,849,1,1757972951,0.2
6549,724,4,1757972951,0.8
6549,788,2,1757972951,0.4
6549,1431,2,1757972951,0.4
6550,3090,5,1757972951,1.0
6550,316,5,1757972951,1.0
6550,1566,1,1757972951,0.2
6550,154,4,1757972951,0.8
6550,3753,1,1757972951,0.2
6550,803,5,1757972951,1.0
6550,1957,5,1757972951,1.0
6550,596,1,1757972951,0.2
6550,180,4,1757972951,0.8
6550,2395,2,1757972951,0.4
6550,2020,5,1757972951,1.0
6550,1352,3,1757972951,0.6
6550,1784,1,1757972951,0.2
6550,1287,1,1757972951,0.2
6550,204,1,1757972951,0.2
6550,3952,4,1757972951,0.8
6550,785,2,1757972951,0.4
6550,1591,4,1757972951,0.8
6550,3250,2,1757972951,0.4
6550,2575,5,1757972951,1.0
6550,2051,4,1757972951,0.8
6551,1277,2,1757972951,0.4
6551,1968,3,1757972951,0.6
6551,720,2,1757972951,0.4
6551,3159,5,1757972951,1.0
6551,1527,4,1757972951,0.8
6551,3418,3,1757972951,0.6
6551,2804,2,1757972951,0.4
6551,590,2,1757972951,0.4
6551,1616,5,1757972951,1.0
6551,2640,4,1757972951,0.8
6551,3841,5,1757972951,1.0
6551,288,3,1757972951,0.6
6551,377,1,1757972951,0.2
6551,2273,3,1757972951,0.6
6551,2150,4,1757972951,0.8
6551,480,3,1757972951,0.6
6551,1259,3,1757972951,0.6
6552,1554,1,1757972951,0.2
6552,3366,1,1757972951,0.2
6552,3451,5,1757972951,1.0
6552,34,2,1757972951,0.4
6552,3740,5,1757972951,1.0
6552,539,1,1757972951,0.2
6552,1747,1,1757972951,0.2
6552,3424,5,1757972951,1.0
6552,1537,2,1757972951,0.4
6552,3555,3,1757972951,0.6
6552,2009,1,1757972951,0.2
6552,16,1,1757972951,0.2
6552,380,4,1757972951,0.8
6552,2498,4,1757972951,0.8
6552,2321,3,1757972951,0.6
6552,1278,5,1757972951,1.0
6552,50,1,1757972951,0.2
6552,2463,2,1757972951,0.4
6552,590,2,1757972951,0.4
6552,527,4,1757972951,0.8
6552,918,4,1757972951,0.8
6552,2447,3,1757972951,0.6
6552,2338,4,1757972951,0.8
6552,2392,2,1757972951,0.4
6552,3527,3,1757972951,0.6
6552,3551,5,1757972951,1.0
6552,3263,4,1757972951,0.8
6552,1393,3,1757972951,0.6
6553,745,2,1757972951,0.4
6553,356,5,1757972951,1.0
6553,2922,5,1757972951,1.0
6553,34,3,1757972951,0.6
6553,3450,3,1757972951,0.6
6553,2080,3,1757972951,0.6
6553,101,2,1757972951,0.4
6553,2057,4,1757972951,0.8
6553,1246,1,1757972951,0.2
6553,3398,5,1757972951,1.0
6553,462,3,1757972951,0.6
6553,1097,4,1757972951,0.8
6553,1954,3,1757972951,0.6
6553,1372,4,1757972951,0.8
6553,1225,2,1757972951,0.4
6553,1343,3,1757972951,0.6
6553,2609,5,1757972951,1.0
6553,2694,4,1757972951,0.8
6553,3793,5,1757972951,1.0
6553,994,1,1757972951,0.2
6553,374,2,1757972951,0.4
6553,412,3,1757972951,0.6
6554,1129,4,1757972951,0.8
6554,2250,2,1757972951,0.4
6554,1267,3,1757972951,0.6
6554,3308,1,1757972951,0.2
6554,780,2,1757972951,0.4
6554,3409,1,1757972951,0.2
6554,1246,5,1757972951,1.0
6554,429,3,1757972951,0.6
6554,2716,4,1757972951,0.8
6554,921,2,1757972951,0.4
6554,1282,2,1757972951,0.4
6554,1895,4,1757972951,0.8
6554,1821,1,1757972951,0.2
6554,450,4,1757972951,0.8
6554,1676,1,1757972951,0.2
6554,1036,3,1757972951,0.6
6554,3510,2,1757972951,0.4
6554,1200,1,1757972951,0.2
6555,1617,4,1757972951,0.8
6555,273,4,1757972951,0.8
6555,1061,5,1757972951,1.0
6555,2959,5,1757972951,1.0
6555,3253,3,1757972951,0.6
6555,2746,4,1757972951,0.8
6555,1276,1,1757972951,0.2
6555,1580,4,1757972951,0.8
6555,1788,4,1757972951,0.8
6555,1370,5,1757972951,1.0
6555,708,2,1757972951,0.4
6555,2917,5,1757972951,1.0
6555,3510,4,1757972951,0.8
6555,1747,2,1757972951,0.4
6555,1396,2,1757972951,0.4
6555,1525,1,1757972951,0.2
6555,2469,1,1757972951,0.2
6555,164,1,1757972951,0.2
6555,2907,4,1757972951,0.8
6555,225,4,1757972951,0.8
6555,3257,1,1757972951,0.2
6555,3263,4,1757972951,0.8
6555,1210,4,1757972951,0.8
6555,2841,1,1757972951,0.2
6555,1136,2,1757972951,0.4
6555,50,5,1757972951,1.0
6555,500,4,1757972951,0.8
6555,3591,1,1757972951,0.2
6556,928,4,1757972951,0.8
6556,355,2,1757972951,0.4
6556,543,3,1757972951,0.6
6556,2023,1,1757972951,0.2
6556,1566,3,1757972951,0.6
6556,3946,2,1757972951,0.4
6556,1690,3,1757972951,0.6
6556,1589,4,1757972951,0.8
6556,1704,5,1757972951,1.0
6556,858,4,1757972951,0.8
6556,1957,4,1757972951,0.8
6556,253,3,1757972951,0.6
6556,2949,2,1757972951,0.4
6556,1021,5,1757972951,1.0
6556,1288,3,1757972951,0.6
6556,2010,1,1757972951,0.2
6556,2628,5,1757972951,1.0
6556,1046,1,1757972951,0.2
6557,509,3,1757972951,0.6
6557,1372,2,1757972951,0.4
6557,3511,3,1757972951,0.6
6557,1407,3,1757972951,0.6
6557,2676,4,1757972951,0.8
6557,801,5,1757972951,1.0
6557,3608,1,1757972951,0.2
6557,1193,1,1757972951,0.2
6557,2396,1,1757972951,0.2
6557,2000,5,1757972951,1.0
6557,2716,1,1757972951,0.2
6557,1266,1,1757972951,0.2
6557,2899,2,1757972951,0.4
6557,1625,4,1757972951,0.8
6557,3753,5,1757972951,1.0
6557,1346,1,1757972951,0.2
6557,2206,4,1757972951,0.8
6557,417,2,1757972951,0.4
6557,3869,3,1757972951,0.6
6557,132,1,1757972951,0.2
6557,3521,2,1757972951,0.4
6558,1131,4,1757972951,0.8
6558,50,2,1757972951,0.4
6558,3590,3,1757972951,0.6
6558,492,5,1757972951,1.0
6558,1858,3,1757972951,0.6
6558,377,1,1757972951,0.2
6558,3613,2,1757972951,0.4
6558,328,1,1757972951,0.2
6558,2296,2,1757972951,0.4
6558,1395,4,1757972951,0.8
6558,2826,1,1757972951,0.2
6558,2762,1,1757972951,0.2
6558,3836,2,1757972951,0.4
6558,329,4,1757972951,0.8
6558,1094,2,1757972951,0.4
6558,1251,3,1757972951,0.6
6558,1982,2,1757972951,0.4
6558,2393,4,1757972951,0.8
6558,1955,5,1757972951,1.0
6558,2072,2,1757972951,0.4
6558,931,5,1757972951,1.0
6558,3524,2,1757972951,0.4
6559,2889,1,1757972951,0.2
6559,3265,5,1757972951,1.0
6559,2124,1,1757972951,0.2
6559,610,4,1757972951,0.8
6559,852,3,1757972951,0.6
6559,921,5,1757972951,1.0
6559,1997,5,1757972951,1.0
6559,509,1,1757972951,0.2
6559,603,1,1757972951,0.2
6559,2424,4,1757972951,0.8
6559,2719,5,1757972951,1.0
6559,3793,4,1757972951,0.8
6559,2921,4,1757972951,0.8
6559,3070,5,1757972951,1.0
6559,2423,2,1757972951,0.4
6559,2657,3,1757972951,0.6
6559,1584,1,1757972951,0.2
6559,3074,3,1757972951,0.6
6560,2985,1,1757972951,0.2
6560,2941,3,1757972951,0.6
6560,1616,4,1757972951,0.8
6560,2447,1,1757972951,0.2
6560,593,5,1757972951,1.0
6560,919,2,1757972951,0.4
6560,2863,2,1757972951,0.4
6560,2901,2,1757972951,0.4
6560,608,2,1757972951,0.4
6560,1387,5,1757972951,1.0
6560,1198,4,1757972951,0.8
6560,2795,2,1757972951,0.4
6560,180,2,1757972951,0.4
6560,2065,4,1757972951,0.8
6560,3270,3,1757972951,0.6
6560,3398,5,1757972951,1.0
6560,1923,4,1757972951,0.8
6560,1987,5,1757972951,1.0
6560,1225,4,1757972951,0.8
6560,332,1,1757972951,0.2
6560,2128,1,1757972951,0.2
6560,1474,3,1757972951,0.6
6561,1093,5,1757972951,1.0
6561,3618,1,1757972951,0.2
6561,1552,3,1757972951,0.6
6561,2324,3,1757972951,0.6
6561,1019,3,1757972951,0.6
6561,1769,2,1757972951,0.4
6561,2628,2,1757972951,0.4
6561,2096,1,1757972951,0.2
6561,542,2,1757972951,0.4
6561,3519,5,1757972951,1.0
6561,1450,5,1757972951,1.0
6561,2455,2,1757972951,0.4
6561,1617,2,1757972951,0.4
6561,1097,3,1757972951,0.6
6561,70,5,1757972951,1.0
6561,3827,4,1757972951,0.8
6561,1605,4,1757972951,0.8
6561,3259,1,1757972951,0.2
6561,2716,4,1757972951,0.8
6561,531,2,1757972951,0.4
6561,596,2,1757972951,0.4
6561,3190,3,1757972951,0.6
6561,2989,3,1757972951,0.6
6562,249,4,1757972951,0.8
6562,12,1,1757972951,0.2
6562,3350,3,1757972951,0.6
6562,1918,1,1757972951,0.2
6562,440,1,1757972951,0.2
6562,1610,4,1757972951,0.8
6562,2628,3,1757972951,0.6
6562,2668,1,1757972951,0.2
6562,953,3,1757972951,0.6
6562,3483,3,1757972951,0.6
6562,432,2,1757972951,0.4
6562,3618,3,1757972951,0.6
6562,2000,2,1757972951,0.4
6562,1148,5,1757972951,1.0
6562,951,5,1757972951,1.0
6562,344,5,1757972951,1.0
6562,1788,2,1757972951,0.4
6562,39,5,1757972951,1.0
6562,2899,5,1757972951,1.0
6562,1994,1,1757972951,0.2
6562,1449,2,1757972951,0.4
6562,1284,2,1757972951,0.4
6562,921,5,1757972951,1.0
6562,3814,3,1757972951,0.6
6562,1608,3,1757972951,0.6
6562,1391,1,1757972951,0.2
6563,3915,2,1757972951,0.4
6563,3197,5,1757972951,1.0
6563,1206,3,1757972951,0.6
6563,527,4,1757972951,0.8
6563,2877,4,1757972951,0.8
6563,2181,4,1757972951,0.8
6563,3701,4,1757972951,0.8
6563,3831,2,1757972951,0.4
6563,3543,3,1757972951,0.6
6563,3678,1,1757972951,0.2
6563,608,3,1757972951,0.6
6563,3783,1,1757972951,0.2
6563,1228,5,1757972951,1.0
6563,1287,3,1757972951,0.6
6563,140,1,1757972951,0.2
6563,3196,2,1757972951,0.4
6563,745,5,1757972951,1.0
6563,2971,3,1757972951,0.6
6563,1374,4,1757972951,0.8
6563,694,2,1757972951,0.4
6563,2762,2,1757972951,0.4
6563,367,3,1757972951,0.6
6564,750,2,1757972951,0.4
6564,3682,3,1757972951,0.6
6564,60,2,1757972951,0.4
6564,1219,5,1757972951,1.0
6564,2867,2,1757972951,0.4
6564,1,1,1757972951,0.2
6564,193,5,1757972951,1.0
6564,1968,1,1757972951,0.2
6564,1994,2,1757972951,0.4
6564,2884,5,1757972951,1.0
6564,2700,1,1757972951,0.2
6564,3476,1,1757972951,0.2
6564,1221,2,1757972951,0.4
6564,1958,3,1757972951,0.6
6564,3247,5,1757972951,1.0
6564,1029,1,1757972951,0.2
6564,3752,5,1757972951,1.0
6564,1197,5,1757972951,1.0
6564,318,4,1757972951,0.8
6564,2762,4,1757972951,0.8
6564,2,5,1757972951,1.0
6564,3024,1,1757972951,0.2
6564,1260,2,1757972951,0.4
6564,1185,3,1757972951,0.6
6564,2252,1,1757972951,0.2
6564,223,2,1757972951,0.4
6564,3114,1,1757972951,0.2
6564,2239,5,1757972951,1.0
6564,293,5,1757972951,1.0
6564,3214,1,1757972951,0.2
6565,2144,1,1757972951,0.2
6565,3181,1,1757972951,0.2
6565,1717,3,1757972951,0.6
6565,1197,1,1757972951,0.2
6565,2798,1,1757972951,0.2
6565,3798,5,1757972951,1.0
6565,1193,5,1757972951,1.0
6565,2501,5,1757972951,1.0
6565,357,2,1757972951,0.4
6565,1198,3,1757972951,0.6
6565,3930,4,1757972951,0.8
6565,1590,1,1757972951,0.2
6565,932,3,1757972951,0.6
6565,1571,1,1757972951,0.2
6565,1569,2,1757972951,0.4
6565,546,3,1757972951,0.6
6565,3918,3,1757972951,0.6
6566,3261,2,1757972951,0.4
6566,3145,2,1757972951,0.4
6566,1042,1,1757972951,0.2
6566,3257,1,1757972951,0.2
6566,3067,5,1757972951,1.0
6566,1371,3,1757972951,0.6
6566,3186,3,1757972951,0.6
6566,3548,4,1757972951,0.8
6566,1173,5,1757972951,1.0
6566,1003,3,1757972951,0.6
6566,2469,3,1757972951,0.6
6566,1258,1,1757972951,0.2
6566,3176,2,1757972951,0.4
6566,1261,3,1757972951,0.6
6566,3671,5,1757972951,1.0
6566,3468,1,1757972951,0.2
6566,1270,5,1757972951,1.0
6566,2171,4,1757972951,0.8
6566,3439,4,1757972951,0.8
6566,188,2,1757972951,0.4
6566,2118,2,1757972951,0.4
6566,2336,4,1757972951,0.8
6566,2599,5,1757972951,1.0
6567,1240,4,1757972951,0.8
6567,858,5,1757972951,1.0
6567,1417,1,1757972951,0.2
6567,1387,2,1757972951,0.4
6567,1224,4,1757972951,0.8
6567,1256,4,1757972951,0.8
6567,3072,1,1757972951,0.2
6567,2405,4,1757972951,0.8
6567,1370,2,1757972951,0.4
6567,994,5,1757972951,1.0
6567,1125,5,1757972951,1.0
6567,3101,5,1757972951,1.0
6567,904,2,1757972951,0.4
6567,2176,1,1757972951,0.2
6567,1939,3,1757972951,0.6
6567,801,3,1757972951,0.6
6567,2677,1,1757972951,0.2
6567,3793,4,1757972951,0.8
6567,2599,2,1757972951,0.4
6567,223,2,1757972951,0.4
6567,1608,4,1757972951,0.8
6567,1947,3,1757972951,0.6
6567,1466,1,1757972951,0.2
6567,745,4,1757972951,0.8
6567,785,1,1757972951,0.2
6567,1571,5,1757972951,1.0
6567,1674,4,1757972951,0.8
6568,1682,2,1757972951,0.4
6568,924,1,1757972951,0.2
6568,1127,5,1757972951,1.0
6568,3105,2,1757972951,0.4
6568,3649,2,1757972951,0.4
6568,2050,2,1757972951,0.4
6568,3751,5,1757972951,1.0
6568,223,1,1757972951,0.2
6568,3260,3,1757972951,0.6
6568,62,2,1757972951,0.4
6568,2054,5,1757972951,1.0
6568,2657,1,1757972951,0.2
6568,1307,2,1757972951,0.4
6568,3723,2,1757972951,0.4
6568,529,4,1757972951,0.8
6568,3684,3,1757972951,0.6
6568,296,5,1757972951,1.0
6568,1357,5,1757972951,1.0
6568,1909,4,1757972951,0.8
6568,3660,4,1757972951,0.8
6568,597,4,1757972951,0.8
6568,3017,4,1757972951,0.8
6568,1252,4,1757972951,0.8
6569,2150,2,1757972951,0.4
6569,1372,1,1757972951,0.2
6569,3448,4,1757972951,0.8
6569,2021,2,1757972951,0.4
6569,2735,5,1757972951,1.0
6569,1213,1,1757972951,0.2
6569,276,2,1757972951,0.4
6569,296,1,1757972951,0.2
6569,1073,2,1757972951,0.4
6569,21,1,1757972951,0.2
6569,32,2,1757972951,0.4
6569,3551,2,1757972951,0.4
6569,1136,5,1757972951,1.0
6569,1407,5,1757972951,1.0
6569,597,5,1757972951,1.0
6569,2643,1,1757972951,0.2
6569,2863,1,1757972951,0.2
6569,608,1,1757972951,0.2
6569,1345,3,1757972951,0.6
6569,2699,4,1757972951,0.8
6569,2468,1,1757972951,0.2
6570,3156,4,1757972951,0.8
6570,2986,4,1757972951,0.8
6570,2090,2,1757972951,0.4
6570,2640,1,1757972951,0.2
6570,924,5,1757972951,1.0
6570,3760,2,1757972951,0.4
6570,1873,3,1757972951,0.6
6570,2065,2,1757972951,0.4
6570,2632,1,1757972951,0.2
6570,3770,5,1757972951,1.0
6570,2405,3,1757972951,0.6
6570,2450,3,1757972951,0.6
6570,2377,1,1757972951,0.2
6570,3173,1,1757972951,0.2
6570,350,2,1757972951,0.4
6570,587,1,1757972951,0.2
6571,1225,2,1757972951,0.4
6571,2439,3,1757972951,0.6
6571,1425,5,1757972951,1.0
6571,2530,1,1757972951,0.2
6571,1845,2,1757972951,0.4
6571,1711,5,1757972951,1.0
6571,2087,2,1757972951,0.4
6571,2301,5,1757972951,1.0
6571,2689,3,1757972951,0.6
6571,2991,3,1757972951,0.6
6571,596,4,1757972951,0.8
6571,172,3,1757972951,0.6
6571,3424,4,1757972951,0.8
6571,2420,3,1757972951,0.6
6571,534,2,1757972951,0.4
6571,3257,4,1757972951,0.8
6571,1562,1,1757972951,0.2
6571,2858,5,1757972951,1.0
6572,1959,5,1757972951,1.0
6572,1587,4,1757972951,0.8
6572,337,2,1757972951,0.4
6572,1033,4,1757972951,0.8
6572,2375,3,1757972951,0.6
6572,2527,4,1757972951,0.8
6572,969,3,1757972951,0.6
6572,3359,2,1757972951,0.4
6572,1073,2,1757972951,0.4
6572,904,2,1757972951,0.4
6572,788,1,1757972951,0.2
6572,1210,3,1757972951,0.6
6572,2072,3,1757972951,0.6
6572,536,4,1757972951,0.8
6572,924,4,1757972951,0.8
6572,1094,1,1757972951,0.2
6572,15,4,1757972951,0.8
6572,260,2,1757972951,0.4
6572,3418,1,1757972951,0.2
6572,2021,1,1757972951,0.2
6572,2336,3,1757972951,0.6
6572,1407,2,1757972951,0.4
6572,1617,5,1757972951,1.0
6573,2991,5,1757972951,1.0
6573,1393,2,1757972951,0.4
6573,3263,3,1757972951,0.6
6573,724,2,1757972951,0.4
6573,2476,2,1757972951,0.4
6573,349,5,1757972951,1.0
6573,1200,2,1757972951,0.4
6573,1059,5,1757972951,1.0
6573,2243,3,1757972951,0.6
6573,1330,5,1757972951,1.0
6573,2746,1,1757972951,0.2
6573,1623,3,1757972951,0.6
6573,1961,4,1757972951,0.8
6573,2710,1,1757972951,0.2
6573,2539,2,1757972951,0.4
6573,2875,1,1757972951,0.2
6573,940,4,1757972951,0.8
6573,1517,2,1757972951,0.4
6573,1097,5,1757972951,1.0
6573,1848,4,1757972951,0.8
6573,1821,2,1757972951,0.4
6573,1513,4,1757972951,0.8
6573,543,1,1757972951,0.2
6573,1404,1,1757972951,0.2
6573,2186,5,1757972951,1.0
6573,3355,1,1757972951,0.2
6574,500,5,1757972951,1.0
6574,1266,1,1757972951,0.2
6574,1268,4,1757972951,0.8
6574,2147,3,1757972951,0.6
6574,3852,5,1757972951,1.0
6574,1428,1,1757972951,0.2
6574,910,5,1757972951,1.0
6574,2504,5,1757972951,1.0
6574,150,1,1757972951,0.2
6574,1394,1,1757972951,0.2
6574,2268,4,1757972951,0.8
6574,2542,1,1757972951,0.2
6574,1904,3,1757972951,0.6
6574,1129,3,1757972951,0.6
6574,3285,3,1757972951,0.6
6574,2605,2,1757972951,0.4
6574,2366,5,1757972951,1.0
6575,2369,2,1757972951,0.4
6575,2301,4,1757972951,0.8
6575,575,4,1757972951,0.8
6575,903,5,1757972951,1.0
6575,541,3,1757972951,0.6
6575,3770,1,1757972951,0.2
6575,3249,1,1757972951,0.2
6575,1233,5,1757972951,1.0
6575,2273,2,1757972951,0.4
6575,1370,3,1757972951,0.6
6575,151,4,1757972951,0.8
6575,2973,1,1757972951,0.2
6575,520,1,1757972951,0.2
6575,3948,5,1757972951,1.0
6575,809,3,1757972951,0.6
6575,737,2,1757972951,0.4
6575,1097,1,1757972951,0.2
6575,457,5,1757972951,1.0
6575,1663,5,1757972951,1.0
6576,585,4,1757972951,0.8
6576,3948,4,1757972951,0.8
6576,2676,1,1757972951,0.2
6576,748,3,1757972951,0.6
6576,2372,2,1757972951,0.4
6576,1401,4,1757972951,0.8
6576,3253,1,1757972951,0.2
6576,1299,1,1757972951,0.2
6576,610,1,1757972951,0.2
6576,3068,3,1757972951,0.6
6576,2762,4,1757972951,0.8
6576,2369,4,1757972951,0.8
6576,50,4,1757972951,0.8
6576,1252,2,1757972951,0.4
6576,2028,5,1757972951,1.0
6576,1285,3,1757972951,0.6
6576,125,1,1757972951,0.2
6576,3113,3,1757972951,0.6
6576,778,5,1757972951,1.0
6576,553,1,1757972951,0.2
6576,1960,5,1757972951,1.0
6576,2108,3,1757972951,0.6
6577,223,5,1757972951,1.0
6577,483,3,1757972951,0.6
6577,3225,3,1757972951,0.6
6577,586,1,1757972951,0.2
6577,1748,2,1757972951,0.4
6577,3578,3,1757972951,0.6
6577,3250,2,1757972951,0.4
6577,2959,3,1757972951,0.6
6577,1235,2,1757972951,0.4
6577,2944,4,1757972951,0.8
6577,2404,2,1757972951,0.4
6577,2048,5,1757972951,1.0
6577,3148,4,1757972951,0.8
6577,1527,1,1757972951,0.2
6577,3210,1,1757972951,0.2
6577,3418,5,1757972951,1.0
6577,2656,5,1757972951,1.0
6577,2926,1,1757972951,0.2
6577,163,1,1757972951,0.2
6578,3243,4,1757972951,0.8
6578,1645,3,1757972951,0.6
6578,2394,4,1757972951,0.8
6578,1747,5,1757972951,1.0
6578,1580,3,1757972951,0.6
6578,125,1,1757972951,0.2
6578,3927,4,1757972951,0.8
6578,3070,2,1757972951,0.4
6578,1998,1,1757972951,0.2
6578,1717,5,1757972951,1.0
6578,516,1,1757972951,0.2
6578,1419,5,1757972951,1.0
6578,663,5,1757972951,1.0
6578,2020,2,1757972951,0.4
6578,3536,4,1757972951,0.8
6578,3865,1,1757972951,0.2
6578,370,4,1757972951,0.8
6578,928,4,1757972951,0.8
6579,3160,3,1757972951,0.6
6579,2430,3,1757972951,0.6
6579,296,2,1757972951,0.4
6579,1172,1,1757972951,0.2
6579,232,1,1757972951,0.2
6579,3051,3,1757972951,0.6
6579,2628,4,1757972951,0.8
6579,40,5,1757972951,1.0
6579,1407,3,1757972951,0.6
6579,1777,5,1757972951,1.0
6579,44,3,1757972951,0.6
6579,1278,5,1757972951,1.0
6579,461,4,1757972951,0.8
6579,1028,1,1757972951,0.2
6579,1949,4,1757972951,0.8
6579,1805,1,1757972951,0.2
6579,2002,3,1757972951,0.6
6579,2943,5,1757972951,1.0
6580,44,4,1757972951,0.8
6580,3147,2,1757972951,0.4
6580,3175,4,1757972951,0.8
6580,2011,1,1757972951,0.2
6580,1234,4,1757972951,0.8
6580,2959,1,1757972951,0.2
6580,494,1,1757972951,0.2
6580,1213,2,1757972951,0.4
6580,123,3,1757972951,0.6
6580,593,1,1757972951,0.2
6580,2583,5,1757972951,1.0
6580,22,5,1757972951,1.0
6580,1301,5,1757972951,1.0
6580,3755,1,1757972951,0.2
6580,3256,3,1757972951,0.6
6580,3210,2,1757972951,0.4
6580,1253,1,1757972951,0.2
6580,1294,1,1757972951,0.2
6580,1028,3,1757972951,0.6
6580,833,5,1757972951,1.0
6580,1079,3,1757972951,0.6
6580,3751,2,1757972951,0.4
6580,2707,4,1757972951,0.8
6581,2118,1,1757972951,0.2
6581,2291,5,1757972951,1.0
6581,901,1,1757972951,0.2
6581,1580,1,1757972951,0.2
6581,2871,2,1757972951,0.4
6581,2279,1,1757972951,0.2
6581,2942,4,1757972951,0.8
6581,750,2,1757972951,0.4
6581,3450,1,1757972951,0.2
6581,3701,3,1757972951,0.6
6581,3591,3,1757972951,0.6
6581,2167,3,1757972951,0.6
6581,1459,1,1757972951,0.2
6581,2789,1,1757972951,0.2
6581,628,4,1757972951,0.8
6581,3920,5,1757972951,1.0
6581,2826,4,1757972951,0.8
6581,259,3,1757972951,0.6
6581,1258,5,1757972951,1.0
6581,2243,4,1757972951,0.8
6582,2278,1,1757972951,0.2
6582,529,3,1757972951,0.6
6582,1321,1,1757972951,0.2
6582,1748,1,1757972951,0.2
6582,1094,2,1757972951,0.4
6582,3061,1,1757972951,0.2
6582,1968,2,1757972951,0.4
6582,2475,4,1757972951,0.8
6582,112,3,1757972951,0.6
6582,1090,4,1757972951,0.8
6582,2059,2,1757972951,0.4
6582,3221,5,1757972951,1.0
6582,2376,3,1757972951,0.6
6582,2003,3,1757972951,0.6
6582,3760,2,1757972951,0.4
6582,2105,3,1757972951,0.6
6582,480,2,1757972951,0.4
6582,3466,2,1757972951,0.4
6582,3717,3,1757972951,0.6
6582,1690,4,1757972951,0.8
6582,3155,4,1757972951,0.8
6583,21,1,1757972951,0.2
6583,543,1,1757972951,0.2
6583,1131,4,1757972951,0.8
6583,1717,3,1757972951,0.6
6583,1909,3,1757972951,0.6
6583,2194,1,1757972951,0.2
6583,589,1,1757972951,0.2
6583,2311,1,1757972951,0.2
6583,1210,3,1757972951,0.6
6583,2788,3,1757972951,0.6
6583,2518,1,1757972951,0.2
6583,367,4,1757972951,0.8
6583,247,1,1757972951,0.2
6583,1307,2,1757972951,0.4
6583,858,5,1757972951,1.0
6583,2890,5,1757972951,1.0
6584,3700,2,1757972951,0.4
6584,866,2,1757972951,0.4
6584,10,4,1757972951,0.8
6584,2115,4,1757972951,0.8
6584,2011,1,1757972951,0.2
6584,3793,3,1757972951,0.6
6584,1784,2,1757972951,0.4
6584,3462,3,1757972951,0.6
6584,186,4,1757972951,0.8
6584,3076,4,1757972951,0.8
6584,926,5,1757972951,1.0
6584,2302,4,1757972951,0.8
6584,456,3,1757972951,0.6
6584,3152,3,1757972951,0.6
6584,1090,4,1757972951,0.8
6584,2468,1,1757972951,0.2
6584,1265,3,1757972951,0.6
6584,590,4,1757972951,0.8
6584,165,1,1757972951,0.2
6584,350,4,1757972951,0.8
6584,2987,4,1757972951,0.8
6584,270,3,1757972951,0.6
6584,2506,5,1757972951,1.0
6584,360,3,1757972951,0.6
6584,27,2,1757972951,0.4
6584,1350,1,1757972951,0.2
6584,3176,5,1757972951,1.0
6584,163,2,1757972951,0.4
6584,2841,5,1757972951,1.0
6584,2010,2,1757972951,0.4
6584,2088,4,1757972951,0.8
6584,1994,4,1757972951,0.8
6584,1198,5,1757972951,1.0
6584,3108,4,1757972951,0.8
6584,3361,1,1757972951,0.2
6585,2858,1,1757972951,0.2
6585,288,2,1757972951,0.4
6585,225,5,1757972951,1.0
6585,595,1,1757972951,0.2
6585,364,5,1757972951,1.0
6585,1793,5,1757972951,1.0
6585,2289,2,1757972951,0.4
6585,1590,3,1757972951,0.6
6585,888,2,1757972951,0.4
6585,2302,4,1757972951,0.8
6585,3167,1,1757972951,0.2
6585,1876,4,1757972951,0.8
6585,437,3,1757972951,0.6
6585,648,1,1757972951,0.2
6585,3513,2,1757972951,0.4
6585,1356,4,1757972951,0.8
6585,104,3,1757972951,0.6
6585,2081,2,1757972951,0.4
6585,446,2,1757972951,0.4
6585,3107,1,1757972951,0.2
6585,574,4,1757972951,0.8
6585,2657,5,1757972951,1.0
6585,303,5,1757972951,1.0
6585,3793,5,1757972951,1.0
6585,1660,4,1757972951,0.8
6586,3685,2,1757972951,0.4
6586,1754,3,1757972951,0.6
6586,1206,5,1757972951,1.0
6586,36,5,1757972951,1.0
6586,534,3,1757972951,0.6
6586,224,3,1757972951,0.6
6586,1243,2,1757972951,0.4
6586,3421,5,1757972951,1.0
6586,16,3,1757972951,0.6
6586,3919,3,1757972951,0.6
6586,293,1,1757972951,0.2
6586,2318,4,1757972951,0.8
6586,1580,3,1757972951,0.6
6586,3526,4,1757972951,0.8
6586,899,1,1757972951,0.2
6586,3039,4,1757972951,0.8
6586,1643,4,1757972951,0.8
6586,3048,2,1757972951,0.4
6586,1966,4,1757972951,0.8
6586,2791,2,1757972951,0.4
6587,318,4,1757972951,0.8
6587,580,3,1757972951,0.6
6587,1923,1,1757972951,0.2
6587,913,4,1757972951,0.8
6587,788,1,1757972951,0.2
6587,2997,3,1757972951,0.6
6587,110,3,1757972951,0.6
6587,2858,5,1757972951,1.0
6587,1993,5,1757972951,1.0
6587,2738,5,1757972951,1.0
6587,3608,2,1757972951,0.4
6587,1272,3,1757972951,0.6
6587,504,5,1757972951,1.0
6587,912,1,1757972951,0.2
6587,3261,2,1757972951,0.4
6587,177,1,1757972951,0.2
6587,2403,2,1757972951,0.4
6587,3189,5,1757972951,1.0
6587,2572,2,1757972951,0.4
6587,2719,5,1757972951,1.0
6588,3911,2,1757972951,0.4
6588,2428,1,1757972951,0.2
6588,493,3,1757972951,0.6
6588,2739,5,1757972951,1.0
6588,3089,1,1757972951,0.2
6588,1247,4,1757972951,0.8
6588,1246,2,1757972951,0.4
6588,1527,3,1757972951,0.6
6588,3467,2,1757972951,0.4
6588,1282,5,1757972951,1.0
6588,2433,1,1757972951,0.2
6588,296,3,1757972951,0.6
6588,2791,4,1757972951,0.8
6588,2762,4,1757972951,0.8
6588,3734,3,1757972951,0.6
6588,2253,3,1757972951,0.6
6588,329,4,1757972951,0.8
6588,235,4,1757972951,0.8
6588,1627,4,1757972951,0.8
6588,1262,5,1757972951,1.0
6588,3952,3,1757972951,0.6
6588,185,2,1757972951,0.4
6588,920,4,1757972951,0.8
6588,223,1,1757972951,0.2
6589,3538,4,1757972951,0.8
6589,3251,2,1757972951,0.4
6589,1270,5,1757972951,1.0
6589,3545,4,1757972951,0.8
6589,3817,1,1757972951,0.2
6589,3521,1,1757972951,0.2
6589,2137,1,1757972951,0.2
6589,1213,3,1757972951,0.6
6589,11,1,1757972951,0.2
6589,1225,3,1757972951,0.6
6589,50,5,1757972951,1.0
6589,1923,5,1757972951,1.0
6589,1459,3,1757972951,0.6
6589,1210,5,1757972951,1.0
6589,2985,1,1757972951,0.2
6589,3735,1,1757972951,0.2
6589,2795,1,1757972951,0.2
6589,2519,5,1757972951,1.0
6589,1779,3,1757972951,0.6
6589,1278,4,1757972951,0.8
6589,2571,3,1757972951,0.6
6589,2463,4,1757972951,0.8
6589,364,4,1757972951,0.8
6589,1280,4,1757972951,0.8
6589,1870,2,1757972951,0.4
6589,2433,3,1757972951,0.6
6590,32,2,1757972951,0.4
6590,608,5,1757972951,1.0
6590,2413,1,1757972951,0.2
6590,265,5,1757972951,1.0
6590,3445,3,1757972951,0.6
6590,587,4,1757972951,0.8
6590,2948,4,1757972951,0.8
6590,753,1,1757972951,0.2
6590,3498,5,1757972951,1.0
6590,2971,2,1757972951,0.4
6590,1586,1,1757972951,0.2
6590,3396,4,1757972951,0.8
6590,3328,5,1757972951,1.0
6590,914,3,1757972951,0.6
6590,1945,1,1757972951,0.2
6590,2953,4,1757972951,0.8
6590,2517,2,1757972951,0.4
6590,1079,1,1757972951,0.2
6590,1247,4,1757972951,0.8
6590,70,1,1757972951,0.2
6590,300,5,1757972951,1.0
6590,1590,1,1757972951,0.2
6590,1416,1,1757972951,0.2
6590,2734,5,1757972951,1.0
6590,3363,4,1757972951,0.8
6590,2423,1,1757972951,0.2
6590,1752,5,1757972951,1.0
6590,2289,4,1757972951,0.8
6591,1556,5,1757972951,1.0
6591,1537,4,1757972951,0.8
6591,3697,2,1757972951,0.4
6591,2699,4,1757972951,0.8
6591,879,1,1757972951,0.2
6591,891,1,1757972951,0.2
6591,3146,2,1757972951,0.4
6591,1689,1,1757972951,0.2
6591,1135,5,1757972951,1.0
6591,3148,5,1757972951,1.0
6591,1584,2,1757972951,0.4
6591,1427,5,1757972951,1.0
6591,3471,2,1757972951,0.4
6591,356,3,1757972951,0.6
6591,589,3,1757972951,0.6
6591,1097,2,1757972951,0.4
6591,1299,5,1757972951,1.0
6591,2346,4,1757972951,0.8
6591,1235,4,1757972951,0.8
6591,1092,5,1757972951,1.0
6591,1220,2,1757972951,0.4
6591,1088,4,1757972951,0.8
6591,1213,1,1757972951,0.2
6591,2,3,1757972951,0.6
6591,150,4,1757972951,0.8
6591,21,1,1757972951,0.2
6592,3468,4,1757972951,0.8
6592,2757,5,1757972951,1.0
6592,3649,3,1757972951,0.6
6592,3398,4,1757972951,0.8
6592,2018,5,1757972951,1.0
6592,908,3,1757972951,0.6
6592,435,2,1757972951,0.4
6592,1027,1,1757972951,0.2
6592,2302,1,1757972951,0.2
6592,1960,3,1757972951,0.6
6592,3408,4,1757972951,0.8
6592,506,2,1757972951,0.4
6592,2617,4,1757972951,0.8
6592,2322,4,1757972951,0.8
6592,3525,1,1757972951,0.2
6592,2858,3,1757972951,0.6
6592,2761,5,1757972951,1.0
6593,110,2,1757972951,0.4
6593,2393,2,1757972951,0.4
6593,1214,1,1757972951,0.2
6593,3301,5,1757972951,1.0
6593,3274,5,1757972951,1.0
6593,3156,3,1757972951,0.6
6593,2730,3,1757972951,0.6
6593,1265,3,1757972951,0.6
6593,1777,2,1757972951,0.4
6593,3334,3,1757972951,0.6
6593,2706,4,1757972951,0.8
6593,1276,5,1757972951,1.0
6593,502,3,1757972951,0.6
6593,3019,2,1757972951,0.4
6593,2161,5,1757972951,1.0
6593,2529,5,1757972951,1.0
6593,1913,2,1757972951,0.4
6593,2571,4,1757972951,0.8
6593,2932,1,1757972951,0.2
6593,2091,4,1757972951,0.8
6593,2519,3,1757972951,0.6
6593,2997,2,1757972951,0.4
6593,2490,1,1757972951,0.2
6593,2762,3,1757972951,0.6
6593,1392,4,1757972951,0.8
6594,282,1,1757972951,0.2
6594,3476,3,1757972951,0.6
6594,3197,4,1757972951,0.8
6594,1931,5,1757972951,1.0
6594,1305,2,1757972951,0.4
6594,3701,5,1757972951,1.0
6594,3624,2,1757972951,0.4
6594,3462,3,1757972951,0.6
6594,2762,3,1757972951,0.6
6594,2710,4,1757972951,0.8
6594,1754,5,1757972951,1.0
6594,3175,3,1757972951,0.6
6594,588,2,1757972951,0.4
6594,2720,4,1757972951,0.8
6594,912,3,1757972951,0.6
6594,1307,1,1757972951,0.2
6594,2000,3,1757972951,0.6
6594,1340,2,1757972951,0.4
6594,502,3,1757972951,0.6
6594,1175,1,1757972951,0.2
6594,1748,2,1757972951,0.4
6594,1242,5,1757972951,1.0
6594,36,3,1757972951,0.6
6594,1499,1,1757972951,0.2
6595,3469,1,1757972951,0.2
6595,36,4,1757972951,0.8
6595,1270,3,1757972951,0.6
6595,1719,5,1757972951,1.0
6595,1226,1,1757972951,0.2
6595,1961,5,1757972951,1.0
6595,1488,5,1757972951,1.0
6595,1987,3,1757972951,0.6
6595,1203,4,1757972951,0.8
6595,543,5,1757972951,1.0
6595,104,1,1757972951,0.2
6595,1378,5,1757972951,1.0
6595,491,2,1757972951,0.4
6595,688,5,1757972951,1.0
6595,1283,5,1757972951,1.0
6595,593,2,1757972951,0.4
6595,1172,3,1757972951,0.6
6595,910,4,1757972951,0.8
6595,3751,5,1757972951,1.0
6595,1831,1,1757972951,0.2
6595,919,3,1757972951,0.6
6595,16,5,1757972951,1.0
6595,2763,2,1757972951,0.4
6595,602,4,1757972951,0.8
6595,3422,1,1757972951,0.2
6596,2946,3,1757972951,0.6
6596,2948,5,1757972951,1.0
6596,2762,2,1757972951,0.4
6596,2398,1,1757972951,0.2
6596,357,1,1757972951,0.2
6596,2126,4,1757972951,0.8
6596,904,3,1757972951,0.6
6596,2393,3,1757972951,0.6
6596,1597,3,1757972951,0.6
6596,3535,1,1757972951,0.2
6596,457,5,1757972951,1.0
6596,425,4,1757972951,0.8
6596,2321,4,1757972951,0.8
6596,162,2,1757972951,0.4
6596,58,2,1757972951,0.4
6596,2302,3,1757972951,0.6
6596,110,2,1757972951,0.4
6596,3743,2,1757972951,0.4
6596,338,3,1757972951,0.6
6596,3248,5,1757972951,1.0
6596,1969,5,1757972951,1.0
6596,2396,2,1757972951,0.4
6597,1953,5,1757972951,1.0
6597,2881,2,1757972951,0.4
6597,3174,2,1757972951,0.4
6597,380,5,1757972951,1.0
6597,2418,3,1757972951,0.6
6597,2571,4,1757972951,0.8
6597,929,4,1757972951,0.8
6597,733,2,1757972951,0.4
6597,2469,5,1757972951,1.0
6597,1126,3,1757972951,0.6
6597,1921,3,1757972951,0.6
6597,1916,4,1757972951,0.8
6597,805,2,1757972951,0.4
6597,3031,3,1757972951,0.6
6597,1625,5,1757972951,1.0
6597,3100,4,1757972951,0.8
6597,3256,3,1757972951,0.6
6597,3807,5,1757972951,1.0
6597,3363,2,1757972951,0.4
6598,527,5,1757972951,1.0
6598,1083,4,1757972951,0.8
6598,2100,3,1757972951,0.6
6598,1198,5,1757972951,1.0
6598,1211,4,1757972951,0.8
6598,532,5,1757972951,1.0
6598,931,2,1757972951,0.4
6598,3354,2,1757972951,0.4
6598,537,1,1757972951,0.2
6598,1136,2,1757972951,0.4
6598,3505,5,1757972951,1.0
6598,1247,1,1757972951,0.2
6598,3361,2,1757972951,0.4
6598,2918,4,1757972951,0.8
6598,1333,2,1757972951,0.4
6598,3082,5,1757972951,1.0
6598,1278,5,1757972951,1.0
6599,1313,3,1757972951,0.6
6599,2692,1,1757972951,0.2
6599,1210,4,1757972951,0.8
6599,2369,2,1757972951,0.4
6599,2921,2,1757972951,0.4
6599,2791,1,1757972951,0.2
6599,2571,4,1757972951,0.8
6599,2687,1,1757972951,0.2
6599,3034,5,1757972951,1.0
6599,1,4,1757972951,0.8
6599,1356,3,1757972951,0.6
6599,44,3,1757972951,0.6
6599,377,3,1757972951,0.6
6599,227,1,1757972951,0.2
6599,2443,4,1757972951,0.8
6599,2581,4,1757972951,0.8
6599,2088,1,1757972951,0.2
6599,1276,2,1757972951,0.4
6599,1431,2,1757972951,0.4
6599,24,3,1757972951,0.6
6600,1223,4,1757972951,0.8
6600,1084,5,1757972951,1.0
6600,1204,5,1757972951,1.0
6600,236,2,1757972951,0.4
6600,1916,3,1757972951,0.6
6600,2589,4,1757972951,0.8
6600,2126,5,1757972951,1.0
6600,3408,4,1757972951,0.8
6600,2144,4,1757972951,0.8
6600,391,3,1757972951,0.6
6600,1244,3,1757972951,0.6
6600,3755,3,1757972951,0.6
6600,3751,1,1757972951,0.2
6600,2432,3,1757972951,0.6
6600,204,5,1757972951,1.0
6601,380,3,1757972951,0.6
6601,2687,5,1757972951,1.0
6601,2365,4,1757972951,0.8
6601,3316,4,1757972951,0.8
6601,2262,1,1757972951,0.2
6601,3849,3,1757972951,0.6
6601,1962,4,1757972951,0.8
6601,924,3,1757972951,0.6
6601,1377,5,1757972951,1.0
6601,71,3,1757972951,0.6
6601,223,1,1757972951,0.2
6601,261,3,1757972951,0.6
6601,3698,1,1757972951,0.2
6601,2249,3,1757972951,0.6
6601,2951,3,1757972951,0.6
6601,2599,3,1757972951,0.6
6601,2395,5,1757972951,1.0
6601,1370,2,1757972951,0.4
6601,493,4,1757972951,0.8
6601,2381,2,1757972951,0.4
6601,3499,3,1757972951,0.6
6602,2020,4,1757972951,0.8
6602,2329,4,1757972951,0.8
6602,2378,2,1757972951,0.4
6602,3082,1,1757972951,0.2
6602,2412,3,1757972951,0.6
6602,1784,5,1757972951,1.0
6602,741,2,1757972951,0.4
6602,3067,2,1757972951,0.4
6602,2951,2,1757972951,0.4
6602,3109,2,1757972951,0.4
6602,1573,1,1757972951,0.2
6602,3148,3,1757972951,0.6
6602,3175,3,1757972951,0.6
6602,1272,2,1757972951,0.4
6602,159,4,1757972951,0.8
6603,21,1,1757972951,0.2
6603,1643,3,1757972951,0.6
6603,951,4,1757972951,0.8
6603,3147,4,1757972951,0.8
6603,2132,4,1757972951,0.8
6603,2575,5,1757972951,1.0
6603,778,5,1757972951,1.0
6603,3087,4,1757972951,0.8
6603,2405,2,1757972951,0.4
6603,1265,4,1757972951,0.8
6603,3790,1,1757972951,0.2
6603,3017,4,1757972951,0.8
6603,1198,4,1757972951,0.8
6603,1721,5,1757972951,1.0
6603,2093,5,1757972951,1.0
6603,1193,3,1757972951,0.6
6603,2143,5,1757972951,1.0
6603,475,3,1757972951,0.6
6603,1974,3,1757972951,0.6
6603,2393,4,1757972951,0.8
6604,1676,3,1757972951,0.6
6604,3814,2,1757972951,0.4
6604,1500,3,1757972951,0.6
6604,3869,1,1757972951,0.2
6604,2243,2,1757972951,0.4
6604,2863,5,1757972951,1.0
6604,3253,1,1757972951,0.2
6604,1234,4,1757972951,0.8
6604,1032,1,1757972951,0.2
6604,2153,2,1757972951,0.4
6604,1358,3,1757972951,0.6
6604,2722,4,1757972951,0.8
6604,3917,2,1757972951,0.4
6604,1097,4,1757972951,0.8
6604,2643,3,1757972951,0.6
6604,1387,5,1757972951,1.0
6604,1923,2,1757972951,0.4
6604,163,4,1757972951,0.8
6604,327,4,1757972951,0.8
6604,3713,3,1757972951,0.6
6604,223,4,1757972951,0.8
6605,236,1,1757972951,0.2
6605,3146,2,1757972951,0.4
6605,2294,2,1757972951,0.4
6605,2395,5,1757972951,1.0
6605,590,1,1757972951,0.2
6605,555,2,1757972951,0.4
6605,2420,5,1757972951,1.0
6605,1219,1,1757972951,0.2
6605,1359,1,1757972951,0.2
6605,6,4,1757972951,0.8
6605,1805,5,1757972951,1.0
6605,2125,5,1757972951,1.0
6605,2699,3,1757972951,0.6
6605,3844,2,1757972951,0.4
6605,3836,1,1757972951,0.2
6605,2444,1,1757972951,0.2
6605,3006,2,1757972951,0.4
6605,1276,1,1757972951,0.2
6605,1278,3,1757972951,0.6
6605,592,2,1757972951,0.4
6605,1356,5,1757972951,1.0
6606,2193,3,1757972951,0.6
6606,1374,1,1757972951,0.2
6606,1270,5,1757972951,1.0
6606,2038,2,1757972951,0.4
6606,2359,1,1757972951,0.2
6606,2124,4,1757972951,0.8
6606,2457,5,1757972951,1.0
6606,3039,4,1757972951,0.8
6606,1291,2,1757972951,0.4
6606,2000,1,1757972951,0.2
6606,1729,5,1757972951,1.0
6606,3623,2,1757972951,0.4
6606,3780,4,1757972951,0.8
6606,260,5,1757972951,1.0
6607,3538,2,1757972951,0.4
6607,1909,3,1757972951,0.6
6607,842,3,1757972951,0.6
6607,260,5,1757972951,1.0
6607,3125,3,1757972951,0.6
6607,2183,2,1757972951,0.4
6607,2772,4,1757972951,0.8
6607,750,4,1757972951,0.8
6607,2951,4,1757972951,0.8
6607,1254,1,1757972951,0.2
6607,1726,5,1757972951,1.0
6607,1625,3,1757972951,0.6
6607,1266,4,1757972951,0.8
6607,1097,2,1757972951,0.4
6607,300,2,1757972951,0.4
6607,2019,5,1757972951,1.0
6607,1233,1,1757972951,0.2
6607,1841,3,1757972951,0.6
6607,3436,4,1757972951,0.8
6607,3354,2,1757972951,0.4
6607,2000,5,1757972951,1.0
6607,2028,3,1757972951,0.6
6608,1210,2,1757972951,0.4
6608,1213,1,1757972951,0.2
6608,2405,1,1757972951,0.2
6608,2947,4,1757972951,0.8
6608,1729,2,1757972951,0.4
6608,1127,2,1757972951,0.4
6608,95,5,1757972951,1.0
6608,315,4,1757972951,0.8
6608,912,3,1757972951,0.6
6608,765,4,1757972951,0.8
6608,2186,3,1757972951,0.6
6608,3868,4,1757972951,0.8
6608,2791,1,1757972951,0.2
6608,47,1,1757972951,0.2
6608,165,1,1757972951,0.2
6608,1212,2,1757972951,0.4
6608,3489,2,1757972951,0.4
6608,1344,1,1757972951,0.2
6608,3703,3,1757972951,0.6
6609,3481,5,1757972951,1.0
6609,3863,3,1757972951,0.6
6609,1375,5,1757972951,1.0
6609,1584,3,1757972951,0.6
6609,3003,1,1757972951,0.2
6609,3101,3,1757972951,0.6
6609,1527,4,1757972951,0.8
6609,296,1,1757972951,0.2
6609,1566,2,1757972951,0.4
6609,318,5,1757972951,1.0
6609,2144,4,1757972951,0.8
6609,1017,5,1757972951,1.0
6609,2793,4,1757972951,0.8
6609,3210,2,1757972951,0.4
6609,788,3,1757972951,0.6
6609,3814,1,1757972951,0.2
6609,1960,2,1757972951,0.4
6610,3424,5,1757972951,1.0
6610,3489,5,1757972951,1.0
6610,260,5,1757972951,1.0
6610,497,5,1757972951,1.0
6610,2447,1,1757972951,0.2
6610,3186,4,1757972951,0.8
6610,3005,3,1757972951,0.6
6610,1704,5,1757972951,1.0
6610,1147,5,1757972951,1.0
6610,48,4,1757972951,0.8
6610,3020,1,1757972951,0.2
6610,2291,3,1757972951,0.6
6610,2792,3,1757972951,0.6
6610,2989,5,1757972951,1.0
6610,1136,2,1757972951,0.4
6610,1131,3,1757972951,0.6
6610,3274,3,1757972951,0.6
6610,1911,1,1757972951,0.2
6610,3070,4,1757972951,0.8
6610,1233,1,1757972951,0.2
6610,372,1,1757972951,0.2
6611,552,3,1757972951,0.6
6611,3408,3,1757972951,0.6
6611,1291,3,1757972951,0.6
6611,1663,1,1757972951,0.2
6611,1036,2,1757972951,0.4
6611,3663,3,1757972951,0.6
6611,1228,1,1757972951,0.2
6611,849,4,1757972951,0.8
6611,97,5,1757972951,1.0
6611,1416,1,1757972951,0.2
6611,2356,1,1757972951,0.2
6611,2706,4,1757972951,0.8
6611,2997,4,1757972951,0.8
6611,2186,5,1757972951,1.0
6611,344,5,1757972951,1.0
6611,762,4,1757972951,0.8
6611,2143,5,1757972951,1.0
6611,1172,1,1757972951,0.2
6611,2490,4,1757972951,0.8
6611,2291,3,1757972951,0.6
6611,2946,1,1757972951,0.2
6611,2401,5,1757972951,1.0
6611,1189,4,1757972951,0.8
6611,3513,4,1757972951,0.8
6611,3735,1,1757972951,0.2
6611,2023,4,1757972951,0.8
6611,788,1,1757972951,0.2
6611,3729,3,1757972951,0.6
6612,532,4,1757972951,0.8
6612,3835,1,1757972951,0.2
6612,216,4,1757972951,0.8
6612,151,4,1757972951,0.8
6612,17,3,1757972951,0.6
6612,2530,4,1757972951,0.8
6612,2683,5,1757972951,1.0
6612,3255,2,1757972951,0.4
6612,780,3,1757972951,0.6
6612,260,1,1757972951,0.2
6612,2002,1,1757972951,0.2
6612,512,4,1757972951,0.8
6612,1089,5,1757972951,1.0
6612,349,5,1757972951,1.0
6612,3728,3,1757972951,0.6
6612,3361,4,1757972951,0.8
6612,1203,4,1757972951,0.8
6612,2642,1,1757972951,0.2
6612,2144,5,1757972951,1.0
6612,1207,2,1757972951,0.4
6612,2289,1,1757972951,0.2
6612,1126,1,1757972951,0.2
6612,1193,5,1757972951,1.0
6612,2406,4,1757972951,0.8
6613,1959,2,1757972951,0.4
6613,1324,4,1757972951,0.8
6613,3480,4,1757972951,0.8
6613,216,4,1757972951,0.8
6613,527,2,1757972951,0.4
6613,2804,4,1757972951,0.8
6613,610,4,1757972951,0.8
6613,345,3,1757972951,0.6
6613,1272,3,1757972951,0.6
6613,541,4,1757972951,0.8
6613,2533,3,1757972951,0.6
6613,93,1,1757972951,0.2
6613,2692,3,1757972951,0.6
6613,260,1,1757972951,0.2
6613,2959,3,1757972951,0.6
6613,1387,1,1757972951,0.2
6613,2944,2,1757972951,0.4
6613,1580,3,1757972951,0.6
6613,1633,4,1757972951,0.8
6613,1429,2,1757972951,0.4
6613,2922,4,1757972951,0.8
6614,3019,3,1757972951,0.6
6614,260,5,1757972951,1.0
6614,648,2,1757972951,0.4
6614,3422,4,1757972951,0.8
6614,2006,1,1757972951,0.2
6614,110,3,1757972951,0.6
6614,1287,1,1757972951,0.2
6614,1959,5,1757972951,1.0
6614,2231,2,1757972951,0.4
6614,2369,5,1757972951,1.0
6614,141,3,1757972951,0.6
6614,2759,2,1757972951,0.4
6614,507,2,1757972951,0.4
6614,1917,2,1757972951,0.4
6614,101,3,1757972951,0.6
6614,2531,2,1757972951,0.4
6614,308,3,1757972951,0.6
6615,1081,4,1757972951,0.8
6615,1476,1,1757972951,0.2
6615,442,4,1757972951,0.8
6615,2717,1,1757972951,0.2
6615,3570,1,1757972951,0.2
6615,605,3,1757972951,0.6
6615,902,5,1757972951,1.0
6615,733,3,1757972951,0.6
6615,493,1,1757972951,0.2
6615,1198,3,1757972951,0.6
6615,2352,5,1757972951,1.0
6615,266,1,1757972951,0.2
6615,2976,3,1757972951,0.6
6615,2454,2,1757972951,0.4
6615,1952,3,1757972951,0.6
6615,3639,1,1757972951,0.2
6615,3578,4,1757972951,0.8
6615,2355,3,1757972951,0.6
6615,488,2,1757972951,0.4
6615,1231,1,1757972951,0.2
6615,2273,2,1757972951,0.4
6615,1136,2,1757972951,0.4
6616,480,5,1757972951,1.0
6616,2797,4,1757972951,0.8
6616,2841,4,1757972951,0.8
6616,454,4,1757972951,0.8
6616,3114,4,1757972951,0.8
6616,372,2,1757972951,0.4
6616,2664,3,1757972951,0.6
6616,299,4,1757972951,0.8
6616,1974,3,1757972951,0.6
6616,2082,2,1757972951,0.4
6616,1625,3,1757972951,0.6
6616,1955,1,1757972951,0.2
6616,1092,1,1757972951,0.2
6616,2275,1,1757972951,0.2
6616,1966,3,1757972951,0.6
6616,3723,1,1757972951,0.2
6616,1983,1,1757972951,0.2
6617,1997,3,1757972951,0.6
6617,2462,1,1757972951,0.2
6617,123,3,1757972951,0.6
6617,1228,2,1757972951,0.4
6617,3426,4,1757972951,0.8
6617,3424,3,1757972951,0.6
6617,2355,3,1757972951,0.6
6617,2710,4,1757972951,0.8
6617,251,3,1757972951,0.6
6617,1721,5,1757972951,1.0
6617,594,5,1757972951,1.0
6617,3006,5,1757972951,1.0
6617,2324,4,1757972951,0.8
6617,1189,5,1757972951,1.0
6617,1256,3,1757972951,0.6
6617,353,3,1757972951,0.6
6617,707,1,1757972951,0.2
6617,1680,1,1757972951,0.2
6617,1356,3,1757972951,0.6
6617,2004,1,1757972951,0.2
6617,1019,5,1757972951,1.0
6617,1208,5,1757972951,1.0
6617,1921,3,1757972951,0.6
6617,1272,5,1757972951,1.0
6617,434,3,1757972951,0.6
6617,2150,3,1757972951,0.6
6617,2396,3,1757972951,0.6
6618,1047,3,1757972951,0.6
6618,539,4,1757972951,0.8
6618,1035,4,1757972951,0.8
6618,1479,1,1757972951,0.2
6618,2842,4,1757972951,0.8
6618,2294,4,1757972951,0.8
6618,1265,2,1757972951,0.4
6618,1676,1,1757972951,0.2
6618,2941,3,1757972951,0.6
6618,2799,3,1757972951,0.6
6618,361,4,1757972951,0.8
6618,1197,2,1757972951,0.4
6618,2406,2,1757972951,0.4
6618,783,2,1757972951,0.4
6618,3000,2,1757972951,0.4
6618,2023,2,1757972951,0.4
6618,786,5,1757972951,1.0
6618,2916,3,1757972951,0.6
6618,1135,4,1757972951,0.8
6618,2040,2,1757972951,0.4
6618,3785,4,1757972951,0.8
6618,3185,2,1757972951,0.4
6619,379,4,1757972951,0.8
6619,2450,2,1757972951,0.4
6619,1213,2,1757972951,0.4
6619,2347,3,1757972951,0.6
6619,2425,2,1757972951,0.4
6619,1711,5,1757972951,1.0
6619,2387,4,1757972951,0.8
6619,1380,5,1757972951,1.0
6619,3751,2,1757972951,0.4
6619,2787,3,1757972951,0.6
6619,3107,5,1757972951,1.0
6619,34,1,1757972951,0.2
6619,3555,1,1757972951,0.2
6619,3572,1,1757972951,0.2
6619,2956,1,1757972951,0.2
6619,1271,2,1757972951,0.4
6619,916,1,1757972951,0.2
6619,3175,3,1757972951,0.6
6619,329,4,1757972951,0.8
6619,2528,4,1757972951,0.8
6620,1551,3,1757972951,0.6
6620,1635,4,1757972951,0.8
6620,920,2,1757972951,0.4
6620,2599,3,1757972951,0.6
6620,852,5,1757972951,1.0
6620,590,4,1757972951,0.8
6620,356,2,1757972951,0.4
6620,1591,4,1757972951,0.8
6620,3408,1,1757972951,0.2
6620,2889,1,1757972951,0.2
6620,1092,1,1757972951,0.2
6620,1573,3,1757972951,0.6
6620,2916,4,1757972951,0.8
6620,2349,1,1757972951,0.2
6620,1552,4,1757972951,0.8
6620,3760,5,1757972951,1.0
6620,1200,4,1757972951,0.8
6620,1639,1,1757972951,0.2
6620,2001,3,1757972951,0.6
6620,1721,1,1757972951,0.2
6620,2028,5,1757972951,1.0
6620,1253,2,1757972951,0.4
6620,2881,5,1757972951,1.0
6620,2770,2,1757972951,0.4
6621,2856,4,1757972951,0.8
6621,3247,1,1757972951,0.2
6621,1597,3,1757972951,0.6
6621,2901,4,1757972951,0.8
6621,1200,2,1757972951,0.4
6621,1278,1,1757972951,0.2
6621,1589,3,1757972951,0.6
6621,2890,5,1757972951,1.0
6621,1240,1,1757972951,0.2
6621,1513,2,1757972951,0.4
6621,1946,1,1757972951,0.2
6621,2020,4,1757972951,0.8
6621,3308,1,1757972951,0.2
6621,2077,4,1757972951,0.8
6621,1702,4,1757972951,0.8
6621,3263,4,1757972951,0.8
6621,1866,3,1757972951,0.6
6621,2359,5,1757972951,1.0
6621,495,1,1757972951,0.2
6621,3717,3,1757972951,0.6
6621,900,5,1757972951,1.0
6621,2080,1,1757972951,0.2
6621,1918,1,1757972951,0.2
6621,745,4,1757972951,0.8
6621,1416,5,1757972951,1.0
6622,23,2,1757972951,0.4
6622,1284,5,1757972951,1.0
6622,595,1,1757972951,0.2
6622,2193,3,1757972951,0.6
6622,2817,2,1757972951,0.4
6622,524,4,1757972951,0.8
6622,1214,4,1757972951,0.8
6622,2683,2,1757972951,0.4
6622,1321,2,1757972951,0.4
6622,913,1,1757972951,0.2
6622,1019,3,1757972951,0.6
6622,3466,4,1757972951,0.8
6622,2918,3,1757972951,0.6
6622,326,3,1757972951,0.6
6622,3081,2,1757972951,0.4
6622,2428,4,1757972951,0.8
6622,1917,5,1757972951,1.0
6622,2716,5,1757972951,1.0
6622,527,1,1757972951,0.2
6622,2134,3,1757972951,0.6
6623,1073,3,1757972951,0.6
6623,1892,5,1757972951,1.0
6623,223,1,1757972951,0.2
6623,917,4,1757972951,0.8
6623,517,2,1757972951,0.4
6623,3274,3,1757972951,0.6
6623,440,5,1757972951,1.0
6623,543,2,1757972951,0.4
6623,3594,1,1757972951,0.2
6623,2474,1,1757972951,0.2
6623,1240,2,1757972951,0.4
6623,2058,2,1757972951,0.4
6623,2626,3,1757972951,0.6
6623,349,2,1757972951,0.4
6623,3770,5,1757972951,1.0
6623,628,1,1757972951,0.2
6623,2087,2,1757972951,0.4
6623,1337,4,1757972951,0.8
6623,2428,1,1757972951,0.2
6623,1626,1,1757972951,0.2
6623,3863,4,1757972951,0.8
6623,887,3,1757972951,0.6
6623,1274,5,1757972951,1.0
6623,3342,4,1757972951,0.8
6623,266,5,1757972951,1.0
6623,3238,2,1757972951,0.4
6623,3764,2,1757972951,0.4
6623,1231,2,1757972951,0.4
6624,52,3,1757972951,0.6
6624,1200,3,1757972951,0.6
6624,2518,4,1757972951,0.8
6624,1259,3,1757972951,0.6
6624,3554,2,1757972951,0.4
6624,2248,2,1757972951,0.4
6624,1261,4,1757972951,0.8
6624,381,4,1757972951,0.8
6624,3771,3,1757972951,0.6
6624,1214,4,1757972951,0.8
6624,2667,3,1757972951,0.6
6624,3685,4,1757972951,0.8
6624,2863,4,1757972951,0.8
6624,3639,4,1757972951,0.8
6624,1240,5,1757972951,1.0
6624,168,3,1757972951,0.6
6624,832,4,1757972951,0.8
6624,996,5,1757972951,1.0
6624,3736,5,1757972951,1.0
6624,2447,3,1757972951,0.6
6624,186,2,1757972951,0.4
6624,2390,5,1757972951,1.0
6624,1253,3,1757972951,0.6
6624,1307,5,1757972951,1.0
6624,3920,5,1757972951,1.0
6625,3101,2,1757972951,0.4
6625,3387,4,1757972951,0.8
6625,296,4,1757972951,0.8
6625,2908,5,1757972951,1.0
6625,17,3,1757972951,0.6
6625,588,1,1757972951,0.2
6625,2360,2,1757972951,0.4
6625,3499,4,1757972951,0.8
6625,2915,1,1757972951,0.2
6625,471,2,1757972951,0.4
6625,1043,4,1757972951,0.8
6625,166,1,1757972951,0.2
6625,110,4,1757972951,0.8
6625,3702,1,1757972951,0.2
6625,2366,4,1757972951,0.8
6625,252,2,1757972951,0.4
6625,3712,3,1757972951,0.6
6626,3243,2,1757972951,0.4
6626,3175,2,1757972951,0.4
6626,3814,4,1757972951,0.8
6626,1876,3,1757972951,0.6
6626,2789,5,1757972951,1.0
6626,2,3,1757972951,0.6
6626,1129,2,1757972951,0.4
6626,2628,4,1757972951,0.8
6626,1274,2,1757972951,0.4
6626,3626,5,1757972951,1.0
6626,3072,2,1757972951,0.4
6626,597,3,1757972951,0.6
6626,3310,1,1757972951,0.2
6626,261,5,1757972951,1.0
6626,2829,4,1757972951,0.8
6626,2973,2,1757972951,0.4
6626,1259,2,1757972951,0.4
6626,235,5,1757972951,1.0
6626,2808,3,1757972951,0.6
6626,2118,3,1757972951,0.6
6626,2916,4,1757972951,0.8
6626,1959,1,1757972951,0.2
6626,260,3,1757972951,0.6
6626,3698,1,1757972951,0.2
6626,2797,5,1757972951,1.0
6626,3082,5,1757972951,1.0
6626,2423,1,1757972951,0.2
6626,1027,3,1757972951,0.6
6627,260,5,1757972951,1.0
6627,1398,1,1757972951,0.2
6627,2439,2,1757972951,0.4
6627,2968,1,1757972951,0.2
6627,1682,1,1757972951,0.2
6627,3438,2,1757972951,0.4
6627,2167,1,1757972951,0.2
6627,3153,4,1757972951,0.8
6627,3481,4,1757972951,0.8
6627,1197,4,1757972951,0.8
6627,1608,4,1757972951,0.8
6627,1888,2,1757972951,0.4
6627,1282,5,1757972951,1.0
6627,2366,1,1757972951,0.2
6627,1953,4,1757972951,0.8
6627,1945,3,1757972951,0.6
6627,2090,3,1757972951,0.6
6627,3029,1,1757972951,0.2
6628,2987,3,1757972951,0.6
6628,3308,4,1757972951,0.8
6628,1410,4,1757972951,0.8
6628,2001,3,1757972951,0.6
6628,2750,2,1757972951,0.4
6628,3784,2,1757972951,0.4
6628,3510,5,1757972951,1.0
6628,2110,5,1757972951,1.0
6628,748,4,1757972951,0.8
6628,1247,1,1757972951,0.2
6628,3034,4,1757972951,0.8
6628,3703,2,1757972951,0.4
6628,2699,1,1757972951,0.2
6628,1030,1,1757972951,0.2
6628,2716,2,1757972951,0.4
6628,3070,3,1757972951,0.6
6628,541,1,1757972951,0.2
6628,1213,2,1757972951,0.4
6628,1840,2,1757972951,0.4
6628,599,2,1757972951,0.4
6628,1037,4,1757972951,0.8
6628,1266,4,1757972951,0.8
6628,1358,2,1757972951,0.4
6629,1517,1,1757972951,0.2
6629,2699,1,1757972951,0.2
6629,587,4,1757972951,0.8
6629,3919,3,1757972951,0.6
6629,3610,4,1757972951,0.8
6629,909,5,1757972951,1.0
6629,1136,4,1757972951,0.8
6629,2716,3,1757972951,0.6
6629,3000,3,1757972951,0.6
6629,2908,2,1757972951,0.4
6629,2105,2,1757972951,0.4
6629,1711,1,1757972951,0.2
6629,1320,4,1757972951,0.8
6629,1473,1,1757972951,0.2
6629,1036,5,1757972951,1.0
6629,2108,1,1757972951,0.2
6629,2078,4,1757972951,0.8
6629,930,4,1757972951,0.8
6629,1759,3,1757972951,0.6
6629,1722,4,1757972951,0.8
6629,1252,3,1757972951,0.6
6629,1275,1,1757972951,0.2
6629,1946,3,1757972951,0.6
6629,1183,5,1757972951,1.0
6629,348,5,1757972951,1.0
6629,3430,3,1757972951,0.6
6630,2171,5,1757972951,1.0
6630,3083,1,1757972951,0.2
6630,1361,5,1757972951,1.0
6630,930,2,1757972951,0.4
6630,3481,1,1757972951,0.2
6630,1258,3,1757972951,0.6
6630,3362,4,1757972951,0.8
6630,485,1,1757972951,0.2
6630,848,3,1757972951,0.6
6630,1962,3,1757972951,0.6
6630,3263,4,1757972951,0.8
6630,36,3,1757972951,0.6
6630,457,5,1757972951,1.0
6630,592,3,1757972951,0.6
6630,2100,4,1757972951,0.8
6630,1373,5,1757972951,1.0
6630,1722,4,1757972951,0.8
6630,3686,5,1757972951,1.0
6630,1060,4,1757972951,0.8
6630,571,4,1757972951,0.8
6630,940,1,1757972951,0.2
6630,3602,1,1757972951,0.2
6630,2003,2,1757972951,0.4
6630,2858,3,1757972951,0.6
6630,648,5,1757972951,1.0
6630,1517,3,1757972951,0.6
6631,1258,4,1757972951,0.8
6631,1230,1,1757972951,0.2
6631,1270,5,1757972951,1.0
6631,2478,4,1757972951,0.8
6631,2391,5,1757972951,1.0
6631,55,2,1757972951,0.4
6631,2167,4,1757972951,0.8
6631,24,2,1757972951,0.4
6631,1610,4,1757972951,0.8
6631,2719,5,1757972951,1.0
6631,1120,1,1757972951,0.2
6631,1957,3,1757972951,0.6
6631,231,1,1757972951,0.2
6631,1240,2,1757972951,0.4
6631,2797,3,1757972951,0.6
6631,1291,5,1757972951,1.0
6631,1965,4,1757972951,0.8
6631,1748,5,1757972951,1.0
6631,1307,4,1757972951,0.8
6631,1711,1,1757972951,0.2
6631,1747,5,1757972951,1.0
6631,2918,3,1757972951,0.6
6631,3703,5,1757972951,1.0
6631,1912,2,1757972951,0.4
6631,1030,4,1757972951,0.8
6631,1527,1,1757972951,0.2
6631,2788,3,1757972951,0.6
6631,1617,3,1757972951,0.6
6631,1104,5,1757972951,1.0
6632,515,5,1757972951,1.0
6632,3819,5,1757972951,1.0
6632,866,1,1757972951,0.2
6632,1307,2,1757972951,0.4
6632,3729,3,1757972951,0.6
6632,709,3,1757972951,0.6
6632,2908,1,1757972951,0.2
6632,1562,5,1757972951,1.0
6632,1785,4,1757972951,0.8
6632,1372,1,1757972951,0.2
6632,2121,3,1757972951,0.6
6632,3421,2,1757972951,0.4
6632,1476,2,1757972951,0.4
6632,97,1,1757972951,0.2
6632,2302,4,1757972951,0.8
6632,265,4,1757972951,0.8
6632,3672,4,1757972951,0.8
6632,3929,1,1757972951,0.2
6632,1247,5,1757972951,1.0
6632,3095,5,1757972951,1.0
6632,1097,1,1757972951,0.2
6632,1892,1,1757972951,0.2
6632,2872,1,1757972951,0.2
6632,1409,1,1757972951,0.2
6632,1376,4,1757972951,0.8
6632,3548,3,1757972951,0.6
6632,1883,1,1757972951,0.2
6633,380,2,1757972951,0.4
6633,3194,5,1757972951,1.0
6633,296,4,1757972951,0.8
6633,2112,5,1757972951,1.0
6633,1210,1,1757972951,0.2
6633,1694,2,1757972951,0.4
6633,1487,4,1757972951,0.8
6633,1978,4,1757972951,0.8
6633,2407,4,1757972951,0.8
6633,1961,5,1757972951,1.0
6633,2678,4,1757972951,0.8
6633,2078,2,1757972951,0.4
6633,2858,1,1757972951,0.2
6633,446,2,1757972951,0.4
6633,2589,4,1757972951,0.8
6633,3952,1,1757972951,0.2
6633,1127,3,1757972951,0.6
6633,2762,2,1757972951,0.4
6633,2077,3,1757972951,0.6
6633,3316,1,1757972951,0.2
6633,922,5,1757972951,1.0
6633,1527,3,1757972951,0.6
6634,2804,3,1757972951,0.6
6634,2102,4,1757972951,0.8
6634,356,3,1757972951,0.6
6634,165,1,1757972951,0.2
6634,1256,1,1757972951,0.2
6634,610,2,1757972951,0.4
6634,2692,5,1757972951,1.0
6634,695,4,1757972951,0.8
6634,3489,5,1757972951,1.0
6634,648,1,1757972951,0.2
6634,2987,4,1757972951,0.8
6634,778,2,1757972951,0.4
6634,2490,2,1757972951,0.4
6634,3496,2,1757972951,0.4
6634,3949,1,1757972951,0.2
6634,141,4,1757972951,0.8
6634,468,3,1757972951,0.6
6634,3208,2,1757972951,0.4
6634,920,2,1757972951,0.4
6634,586,3,1757972951,0.6
6634,411,4,1757972951,0.8
6634,2937,5,1757972951,1.0
6634,52,5,1757972951,1.0
6634,198,3,1757972951,0.6
6634,2152,2,1757972951,0.4
6634,1453,2,1757972951,0.4
6634,3101,5,1757972951,1.0
6634,7,5,1757972951,1.0
6634,1222,5,1757972951,1.0
6635,1589,5,1757972951,1.0
6635,1342,2,1757972951,0.4
6635,902,1,1757972951,0.2
6635,2864,1,1757972951,0.2
6635,1441,3,1757972951,0.6
6635,1206,5,1757972951,1.0
6635,3102,3,1757972951,0.6
6635,2150,4,1757972951,0.8
6635,1409,5,1757972951,1.0
6635,2336,5,1757972951,1.0
6635,3545,4,1757972951,0.8
6635,1371,1,1757972951,0.2
6635,912,5,1757972951,1.0
6635,1670,4,1757972951,0.8
6635,441,2,1757972951,0.4
6636,1959,1,1757972951,0.2
6636,2001,4,1757972951,0.8
6636,1230,5,1757972951,1.0
6636,2439,2,1757972951,0.4
6636,3814,2,1757972951,0.4
6636,3128,2,1757972951,0.4
6636,474,4,1757972951,0.8
6636,2303,1,1757972951,0.2
6636,1625,4,1757972951,0.8
6636,2991,4,1757972951,0.8
6636,3176,2,1757972951,0.4
6636,3035,2,1757972951,0.4
6636,390,4,1757972951,0.8
6636,2188,4,1757972951,0.8
6636,1432,4,1757972951,0.8
6636,3210,5,1757972951,1.0
6637,247,5,1757972951,1.0
6637,3317,1,1757972951,0.2
6637,2302,4,1757972951,0.8
6637,3793,1,1757972951,0.2
6637,485,1,1757972951,0.2
6637,1580,4,1757972951,0.8
6637,3000,2,1757972951,0.4
6637,2992,2,1757972951,0.4
6637,2143,5,1757972951,1.0
6637,3635,4,1757972951,0.8
6637,2396,3,1757972951,0.6
6637,3366,4,1757972951,0.8
6637,3763,1,1757972951,0.2
6637,39,1,1757972951,0.2
6637,2571,3,1757972951,0.6
6637,1387,4,1757972951,0.8
6637,162,3,1757972951,0.6
6637,2333,3,1757972951,0.6
6637,1231,4,1757972951,0.8
6637,2018,1,1757972951,0.2
6637,1377,3,1757972951,0.6
6637,3175,5,1757972951,1.0
6637,2922,4,1757972951,0.8
6637,2735,1,1757972951,0.2
6637,2710,2,1757972951,0.4
6638,1573,4,1757972951,0.8
6638,1219,2,1757972951,0.4
6638,1129,3,1757972951,0.6
6638,2280,1,1757972951,0.2
6638,2203,1,1757972951,0.2
6638,316,4,1757972951,0.8
6638,1270,3,1757972951,0.6
6638,1953,2,1757972951,0.4
6638,3556,4,1757972951,0.8
6638,2629,4,1757972951,0.8
6638,1127,4,1757972951,0.8
6638,153,5,1757972951,1.0
6638,3072,4,1757972951,0.8
6638,2640,4,1757972951,0.8
6638,1260,5,1757972951,1.0
6638,2289,2,1757972951,0.4
6638,1291,2,1757972951,0.4
6638,1387,3,1757972951,0.6
6639,1958,1,1757972951,0.2
6639,2699,1,1757972951,0.2
6639,3499,3,1757972951,0.6
6639,1196,4,1757972951,0.8
6639,3114,2,1757972951,0.4
6639,356,4,1757972951,0.8
6639,2989,2,1757972951,0.4
6639,3409,5,1757972951,1.0
6639,500,1,1757972951,0.2
6639,1198,3,1757972951,0.6
6639,3273,5,1757972951,1.0
6639,141,1,1757972951,0.2
6639,2144,5,1757972951,1.0
6639,1645,3,1757972951,0.6
6639,3043,4,1757972951,0.8
6639,3504,5,1757972951,1.0
6639,910,4,1757972951,0.8
6640,588,2,1757972951,0.4
6640,380,2,1757972951,0.4
6640,788,2,1757972951,0.4
6640,1261,1,1757972951,0.2
6640,3893,2,1757972951,0.4
6640,158,5,1757972951,1.0
6640,1015,1,1757972951,0.2
6640,1941,4,1757972951,0.8
6640,36,2,1757972951,0.4
6640,539,1,1757972951,0.2
6640,163,5,1757972951,1.0
6640,593,5,1757972951,1.0
6640,2193,4,1757972951,0.8
6640,2289,5,1757972951,1.0
6641,2724,2,1757972951,0.4
6641,527,3,1757972951,0.6
6641,2320,5,1757972951,1.0
6641,88,2,1757972951,0.4
6641,303,1,1757972951,0.2
6641,2504,4,1757972951,0.8
6641,2676,4,1757972951,0.8
6641,3081,2,1757972951,0.4
6641,2352,5,1757972951,1.0
6641,1037,3,1757972951,0.6
6641,2702,4,1757972951,0.8
6641,3712,3,1757972951,0.6
6641,273,1,1757972951,0.2
6641,2406,3,1757972951,0.6
6641,3033,4,1757972951,0.8
6641,2788,3,1757972951,0.6
6641,3039,1,1757972951,0.2
6641,3386,3,1757972951,0.6
6641,1885,5,1757972951,1.0
6641,2315,3,1757972951,0.6
6641,1345,3,1757972951,0.6
6641,2762,4,1757972951,0.8
6641,3753,3,1757972951,0.6
6641,1200,3,1757972951,0.6
6641,367,4,1757972951,0.8
6642,1584,5,1757972951,1.0
6642,1371,2,1757972951,0.4
6642,593,4,1757972951,0.8
6642,1407,5,1757972951,1.0
6642,2142,2,1757972951,0.4
6642,3671,2,1757972951,0.4
6642,2313,3,1757972951,0.6
6642,3624,2,1757972951,0.4
6642,1222,5,1757972951,1.0
6642,1230,4,1757972951,0.8
6642,1088,4,1757972951,0.8
6642,50,3,1757972951,0.6
6642,3293,3,1757972951,0.6
6642,3108,4,1757972951,0.8
6642,110,3,1757972951,0.6
6643,223,1,1757972951,0.2
6643,1299,5,1757972951,1.0
6643,434,2,1757972951,0.4
6643,1587,5,1757972951,1.0
6643,2501,3,1757972951,0.6
6643,2722,4,1757972951,0.8
6643,3752,1,1757972951,0.2
6643,112,2,1757972951,0.4
6643,3698,1,1757972951,0.2
6643,593,3,1757972951,0.6
6643,3019,4,1757972951,0.8
6643,2987,2,1757972951,0.4
6643,1240,4,1757972951,0.8
6643,3175,3,1757972951,0.6
6643,2841,4,1757972951,0.8
6643,448,1,1757972951,0.2
6643,2858,4,1757972951,0.8
6643,3528,3,1757972951,0.6
6643,2496,5,1757972951,1.0
6643,2757,3,1757972951,0.6
6643,2997,4,1757972951,0.8
6643,17,3,1757972951,0.6
6643,736,1,1757972951,0.2
6644,1598,5,1757972951,1.0
6644,46,3,1757972951,0.6
6644,2396,4,1757972951,0.8
6644,3255,3,1757972951,0.6
6644,2683,1,1757972951,0.2
6644,940,3,1757972951,0.6
6644,1391,4,1757972951,0.8
6644,2712,3,1757972951,0.6
6644,1290,1,1757972951,0.2
6644,1092,4,1757972951,0.8
6644,2014,3,1757972951,0.6
6644,3723,4,1757972951,0.8
6644,2002,2,1757972951,0.4
6644,3203,2,1757972951,0.4
6644,292,1,1757972951,0.2
6644,1257,4,1757972951,0.8
6644,3552,5,1757972951,1.0
6644,1097,3,1757972951,0.6
6644,1200,3,1757972951,0.6
6644,594,3,1757972951,0.6
6644,1552,5,1757972951,1.0
6644,1952,2,1757972951,0.4
6644,920,4,1757972951,0.8
6644,1358,5,1757972951,1.0
6644,2932,4,1757972951,0.8
